date,market_id,stall_id,commodity,paid_amount_php,label_weight_kg,actual_weight_kg
2026-01-01,1,1,Tomatoes,181.62,2.0,2.004
2026-01-01,1,1,Potatoes,116.46,1.0,0.995
2026-01-01,1,2,Bangus,168.07,1.0,0.997
2026-01-01,1,2,Rice,95.54,2.0,1.998
2026-01-01,1,3,Potatoes,232.92,2.0,1.985
2026-01-01,1,3,Potatoes,174.69,1.5,1.502
2026-01-01,1,4,Potatoes,58.23,0.5,0.499
2026-01-01,1,4,Beef,217.7,0.5,0.498
2026-01-01,1,5,Beef,217.7,0.5,0.497
2026-01-01,1,5,Rice,95.54,2.0,1.987
2026-01-01,1,6,Tomatoes,181.62,2.0,1.988
2026-01-01,1,6,Rice,23.88,0.5,0.501
2026-01-01,1,7,Bangus,84.04,0.5,0.501
2026-01-01,1,7,Bangus,252.1,1.5,1.499
2026-01-01,1,8,Tomatoes,45.4,0.5,0.498
2026-01-01,1,8,Beef,435.4,1.0,0.995
2026-01-01,1,9,Carrots,281.58,2.0,1.992
2026-01-01,1,9,Chicken,99.88,0.5,0.499
2026-01-01,1,10,Potatoes,232.92,2.0,1.999
2026-01-01,1,10,Cabbage,254.24,2.0,1.99
2026-01-01,1,11,Cabbage,63.56,0.5,0.501
2026-01-01,1,11,Beef,217.7,0.5,0.499
2026-01-01,1,12,Carrots,140.79,1.0,0.996
2026-01-01,1,12,Chicken,199.77,1.0,0.996
2026-01-01,1,13,Potatoes,58.23,0.5,0.501
2026-01-01,1,13,Tomatoes,45.4,0.5,0.498
2026-01-01,1,14,Bangus,168.07,1.0,0.998
2026-01-01,1,14,Tomatoes,181.62,2.0,1.987
2026-01-01,1,15,Chicken,99.88,0.5,0.501
2026-01-01,1,15,Tomatoes,45.4,0.5,0.497
2026-01-01,1,16,Tomatoes,45.4,0.5,0.498
2026-01-01,1,16,Carrots,281.58,2.0,1.992
2026-01-01,1,17,Cabbage,63.56,0.5,0.498
2026-01-01,1,17,Bangus,84.04,0.5,0.497
2026-01-01,1,18,Rice,47.77,1.0,0.994
2026-01-01,1,18,Tomatoes,45.4,0.5,0.496
2026-01-01,1,19,Beef,870.8,2.0,1.987
2026-01-01,1,19,Potatoes,116.46,1.0,0.999
2026-01-01,1,20,Chicken,299.66,1.5,1.496
2026-01-01,1,20,Bangus,168.07,1.0,0.997
2026-01-01,1,21,Beef,217.7,0.5,0.5
2026-01-01,1,21,Tomatoes,136.22,1.5,1.49
2026-01-01,1,22,Potatoes,232.92,2.0,1.986
2026-01-01,1,22,Rice,23.88,0.5,0.5
2026-01-01,1,23,Chicken,99.88,0.5,0.497
2026-01-01,1,23,Carrots,140.79,1.0,1.001
2026-01-01,1,24,Potatoes,116.46,1.0,0.994
2026-01-01,1,24,Rice,47.77,1.0,0.997
2026-01-01,1,25,Bangus,168.07,1.0,0.995
2026-01-01,1,25,Rice,23.88,0.5,0.499
2026-01-01,1,26,Carrots,281.58,2.0,1.987
2026-01-01,1,26,Potatoes,58.23,0.5,0.501
2026-01-01,1,27,Beef,435.4,1.0,0.994
2026-01-01,1,27,Cabbage,190.68,1.5,1.491
2026-01-01,1,28,Chicken,299.66,1.5,1.503
2026-01-01,1,28,Bangus,84.04,0.5,0.498
2026-01-01,1,29,Beef,870.8,2.0,2.003
2026-01-01,1,29,Carrots,140.79,1.0,0.996
2026-01-01,1,30,Chicken,399.54,2.0,2.004
2026-01-01,1,30,Cabbage,254.24,2.0,1.995
2026-01-01,1,31,Cabbage,127.12,1.0,0.996
2026-01-01,1,31,Carrots,211.18,1.5,1.497
2026-01-01,1,32,Chicken,399.54,2.0,1.988
2026-01-01,1,32,Potatoes,116.46,1.0,0.998
2026-01-01,1,33,Potatoes,116.46,1.0,0.993
2026-01-01,1,33,Bangus,168.07,1.0,1.0
2026-01-01,1,34,Tomatoes,45.4,0.5,0.498
2026-01-01,1,34,Cabbage,190.68,1.5,1.491
2026-01-01,1,35,Carrots,70.4,0.5,0.497
2026-01-01,1,35,Beef,653.1,1.5,1.494
2026-01-01,1,36,Potatoes,232.92,2.0,1.997
2026-01-01,1,36,Potatoes,116.46,1.0,0.994
2026-01-01,1,37,Carrots,70.4,0.5,0.499
2026-01-01,1,37,Beef,435.4,1.0,0.996
2026-01-01,1,38,Beef,435.4,1.0,1.002
2026-01-01,1,38,Chicken,399.54,2.0,2.004
2026-01-01,1,39,Bangus,168.07,1.0,0.995
2026-01-01,1,39,Bangus,168.07,1.0,0.996
2026-01-01,1,40,Bangus,336.14,2.0,2.0
2026-01-01,1,40,Beef,653.1,1.5,1.493
2026-01-01,1,41,Beef,870.8,2.0,1.995
2026-01-01,1,41,Carrots,140.79,1.0,0.994
2026-01-01,1,42,Tomatoes,45.4,0.5,0.499
2026-01-01,1,42,Rice,95.54,2.0,1.996
2026-01-02,2,1,Cabbage,135.23,1.5,1.497
2026-01-02,2,1,Cabbage,180.3,2.0,1.988
2026-01-02,2,2,Rice,56.47,1.0,0.998
2026-01-02,2,2,Rice,28.24,0.5,0.499
2026-01-02,2,3,Potatoes,207.8,1.5,1.501
2026-01-02,2,3,Carrots,222.8,2.0,2.003
2026-01-02,2,4,Potatoes,277.06,2.0,1.993
2026-01-02,2,4,Potatoes,207.8,1.5,1.492
2026-01-02,2,5,Potatoes,277.06,2.0,1.991
2026-01-02,2,5,Tomatoes,48.06,0.5,0.501
2026-01-02,2,6,Tomatoes,48.06,0.5,0.498
2026-01-02,2,6,Rice,28.24,0.5,0.5
2026-01-02,2,7,Carrots,55.7,0.5,0.498
2026-01-02,2,7,Potatoes,207.8,1.5,1.494
2026-01-02,2,8,Carrots,111.4,1.0,0.998
2026-01-02,2,8,Beef,758.6,2.0,1.996
2026-01-02,2,9,Beef,568.95,1.5,1.503
2026-01-02,2,9,Chicken,100.48,0.5,0.498
2026-01-02,2,10,Potatoes,138.53,1.0,0.993
2026-01-02,2,10,Beef,568.95,1.5,1.491
2026-01-02,2,11,Bangus,416.04,2.0,1.985
2026-01-02,2,11,Cabbage,45.08,0.5,0.5
2026-01-02,2,12,Bangus,208.02,1.0,0.998
2026-01-02,2,12,Cabbage,180.3,2.0,2.001
2026-01-02,2,13,Tomatoes,192.22,2.0,1.99
2026-01-02,2,13,Tomatoes,96.11,1.0,0.999
2026-01-02,2,14,Cabbage,180.3,2.0,1.996
2026-01-02,2,14,Cabbage,135.23,1.5,1.493
2026-01-02,2,15,Tomatoes,144.16,1.5,1.5
2026-01-02,2,15,Potatoes,277.06,2.0,1.992
2026-01-02,2,16,Cabbage,135.23,1.5,1.5
2026-01-02,2,16,Potatoes,207.8,1.5,1.494
2026-01-02,2,17,Rice,84.7,1.5,1.489
2026-01-02,2,17,Tomatoes,192.22,2.0,2.0
2026-01-02,2,18,Chicken,301.44,1.5,1.493
2026-01-02,2,18,Potatoes,69.26,0.5,0.497
2026-01-02,2,19,Cabbage,90.15,1.0,0.993
2026-01-02,2,19,Rice,28.24,0.5,0.498
2026-01-02,2,20,Bangus,312.03,1.5,1.489
2026-01-02,2,20,Beef,758.6,2.0,1.989
2026-01-02,2,21,Bangus,312.03,1.5,1.5
2026-01-02,2,21,Potatoes,207.8,1.5,1.503
2026-01-02,2,22,Potatoes,69.26,0.5,0.499
2026-01-02,2,22,Carrots,111.4,1.0,0.993
2026-01-02,2,23,Beef,189.65,0.5,0.497
2026-01-02,2,23,Potatoes,69.26,0.5,0.498
2026-01-02,2,24,Potatoes,69.26,0.5,0.498
2026-01-02,2,24,Bangus,208.02,1.0,0.995
2026-01-02,2,25,Bangus,208.02,1.0,0.998
2026-01-02,2,25,Carrots,222.8,2.0,1.989
2026-01-02,2,26,Carrots,167.1,1.5,1.494
2026-01-02,2,26,Cabbage,45.08,0.5,0.498
2026-01-02,2,27,Potatoes,277.06,2.0,2.005
2026-01-02,2,27,Carrots,222.8,2.0,1.998
2026-01-02,2,28,Rice,56.47,1.0,0.995
2026-01-02,2,28,Cabbage,180.3,2.0,1.988
2026-01-02,2,29,Tomatoes,96.11,1.0,0.995
2026-01-02,2,29,Potatoes,277.06,2.0,2.003
2026-01-02,2,30,Potatoes,138.53,1.0,0.994
2026-01-02,2,30,Cabbage,90.15,1.0,0.995
2026-01-02,2,31,Cabbage,135.23,1.5,1.491
2026-01-02,2,31,Cabbage,90.15,1.0,0.995
2026-01-02,2,32,Cabbage,135.23,1.5,1.495
2026-01-02,2,32,Rice,28.24,0.5,0.501
2026-01-02,2,33,Rice,112.94,2.0,1.994
2026-01-02,2,33,Potatoes,138.53,1.0,0.995
2026-01-02,2,34,Potatoes,69.26,0.5,0.497
2026-01-02,2,34,Tomatoes,96.11,1.0,1.001
2026-01-02,2,35,Carrots,55.7,0.5,0.501
2026-01-02,2,35,Tomatoes,48.06,0.5,0.499
2026-01-02,2,36,Bangus,208.02,1.0,1.001
2026-01-02,2,36,Rice,56.47,1.0,0.997
2026-01-02,2,37,Beef,379.3,1.0,0.998
2026-01-02,2,37,Tomatoes,192.22,2.0,1.993
2026-01-02,2,38,Cabbage,90.15,1.0,0.998
2026-01-02,2,38,Bangus,208.02,1.0,0.993
2026-01-02,2,39,Tomatoes,144.16,1.5,1.494
2026-01-02,2,39,Carrots,55.7,0.5,0.499
2026-01-02,2,40,Tomatoes,192.22,2.0,1.991
2026-01-02,2,40,Carrots,111.4,1.0,1.0
2026-01-02,2,41,Rice,112.94,2.0,2.005
2026-01-02,2,41,Cabbage,45.08,0.5,0.497
2026-01-05,3,1,Chicken,302.42,1.5,1.498
2026-01-05,3,1,Bangus,97.76,0.5,0.501
2026-01-05,3,2,Chicken,201.61,1.0,1.001
2026-01-05,3,2,Cabbage,269.66,2.0,1.997
2026-01-05,3,3,Rice,73.44,1.5,1.502
2026-01-05,3,3,Carrots,253.02,2.0,1.992
2026-01-05,3,4,Bangus,391.06,2.0,1.989
2026-01-05,3,4,Bangus,97.76,0.5,0.5
2026-01-05,3,5,Rice,73.44,1.5,1.498
2026-01-05,3,5,Potatoes,67.96,0.5,0.501
2026-01-05,3,6,Cabbage,134.83,1.0,0.994
2026-01-05,3,6,Cabbage,202.24,1.5,1.49
2026-01-05,3,7,Cabbage,202.24,1.5,1.5
2026-01-05,3,7,Potatoes,135.92,1.0,0.995
2026-01-05,3,8,Rice,73.44,1.5,1.499
2026-01-05,3,8,Beef,195.98,0.5,0.499
2026-01-05,3,9,Rice,97.92,2.0,1.997
2026-01-05,3,9,Potatoes,203.88,1.5,1.493
2026-01-05,3,10,Cabbage,269.66,2.0,1.989
2026-01-05,3,10,Potatoes,135.92,1.0,1.0
2026-01-05,3,11,Potatoes,135.92,1.0,1.001
2026-01-05,3,11,Chicken,201.61,1.0,0.996
2026-01-05,3,12,Cabbage,202.24,1.5,1.499
2026-01-05,3,12,Rice,24.48,0.5,0.499
2026-01-05,3,13,Cabbage,269.66,2.0,2.001
2026-01-05,3,13,Bangus,293.3,1.5,1.495
2026-01-05,3,14,Tomatoes,161.54,2.0,1.99
2026-01-05,3,14,Tomatoes,161.54,2.0,1.992
2026-01-05,3,15,Cabbage,67.42,0.5,0.496
2026-01-05,3,15,Beef,391.97,1.0,1.001
2026-01-05,3,16,Cabbage,269.66,2.0,2.001
2026-01-05,3,16,Carrots,189.76,1.5,1.499
2026-01-05,3,17,Carrots,126.51,1.0,1.0
2026-01-05,3,17,Bangus,195.53,1.0,1.001
2026-01-05,3,18,Tomatoes,161.54,2.0,1.987
2026-01-05,3,18,Bangus,391.06,2.0,2.002
2026-01-05,3,19,Bangus,195.53,1.0,1.001
2026-01-05,3,19,Potatoes,67.96,0.5,0.5
2026-01-05,3,20,Beef,195.98,0.5,0.499
2026-01-05,3,20,Chicken,302.42,1.5,1.489
2026-01-05,3,21,Cabbage,202.24,1.5,1.496
2026-01-05,3,21,Carrots,253.02,2.0,2.001
2026-01-05,3,22,Cabbage,134.83,1.0,1.002
2026-01-05,3,22,Cabbage,269.66,2.0,2.003
2026-01-05,3,23,Beef,783.94,2.0,1.988
2026-01-05,3,23,Tomatoes,80.77,1.0,0.999
2026-01-05,3,24,Potatoes,271.84,2.0,1.994
2026-01-05,3,24,Cabbage,134.83,1.0,0.993
2026-01-05,3,25,Tomatoes,80.77,1.0,1.001
2026-01-05,3,25,Potatoes,271.84,2.0,1.999
2026-01-05,3,26,Cabbage,134.83,1.0,0.994
2026-01-05,3,26,Chicken,201.61,1.0,0.998
2026-01-05,3,27,Cabbage,67.42,0.5,0.499
2026-01-05,3,27,Chicken,100.8,0.5,0.499
2026-01-05,3,28,Bangus,195.53,1.0,0.994
2026-01-05,3,28,Cabbage,202.24,1.5,1.496
2026-01-05,3,29,Potatoes,67.96,0.5,0.497
2026-01-05,3,29,Beef,783.94,2.0,1.986
2026-01-05,3,30,Chicken,201.61,1.0,1.0
2026-01-05,3,30,Carrots,189.76,1.5,1.489
2026-01-05,3,31,Cabbage,269.66,2.0,1.996
2026-01-05,3,31,Carrots,126.51,1.0,1.001
2026-01-05,3,32,Potatoes,67.96,0.5,0.5
2026-01-05,3,32,Carrots,63.26,0.5,0.501
2026-01-05,3,33,Potatoes,135.92,1.0,1.001
2026-01-05,3,33,Bangus,391.06,2.0,2.003
2026-01-06,4,1,Cabbage,183.76,2.0,1.991
2026-01-06,4,1,Beef,656.44,1.5,1.495
2026-01-06,4,2,Rice,82.54,1.5,1.499
2026-01-06,4,2,Tomatoes,125.56,1.5,1.494
2026-01-06,4,3,Carrots,190.77,1.5,1.494
2026-01-06,4,3,Cabbage,137.82,1.5,1.503
2026-01-06,4,4,Rice,110.06,2.0,1.995
2026-01-06,4,4,Chicken,98.65,0.5,0.501
2026-01-06,4,5,Bangus,162.61,1.0,0.998
2026-01-06,4,5,Cabbage,91.88,1.0,1.002
2026-01-06,4,6,Bangus,243.92,1.5,1.499
2026-01-06,4,6,Rice,27.52,0.5,0.497
2026-01-06,4,7,Carrots,127.18,1.0,0.995
2026-01-06,4,7,Beef,218.82,0.5,0.501
2026-01-06,4,8,Carrots,190.77,1.5,1.497
2026-01-06,4,8,Cabbage,183.76,2.0,1.988
2026-01-06,4,9,Carrots,254.36,2.0,1.987
2026-01-06,4,9,Chicken,98.65,0.5,0.499
2026-01-06,4,10,Carrots,190.77,1.5,1.49
2026-01-06,4,10,Bangus,243.92,1.5,1.494
2026-01-06,4,11,Beef,656.44,1.5,1.496
2026-01-06,4,11,Beef,875.26,2.0,1.995
2026-01-06,4,12,Potatoes,186.56,2.0,1.987
2026-01-06,4,12,Potatoes,93.28,1.0,0.999
2026-01-06,4,13,Cabbage,137.82,1.5,1.502
2026-01-06,4,13,Carrots,63.59,0.5,0.5
2026-01-06,4,14,Cabbage,183.76,2.0,1.994
2026-01-06,4,14,Carrots,254.36,2.0,1.995
2026-01-06,4,15,Tomatoes,125.56,1.5,1.491
2026-01-06,4,15,Potatoes,186.56,2.0,1.998
2026-01-06,4,16,Beef,218.82,0.5,0.498
2026-01-06,4,16,Chicken,394.6,2.0,1.985
2026-01-06,4,17,Carrots,127.18,1.0,0.999
2026-01-06,4,17,Cabbage,91.88,1.0,0.995
2026-01-06,4,18,Cabbage,45.94,0.5,0.499
2026-01-06,4,18,Cabbage,91.88,1.0,1.001
2026-01-06,4,19,Carrots,254.36,2.0,1.986
2026-01-06,4,19,Chicken,295.95,1.5,1.502
2026-01-06,4,20,Tomatoes,83.71,1.0,0.997
2026-01-06,4,20,Rice,27.52,0.5,0.497
2026-01-06,4,21,Rice,82.54,1.5,1.498
2026-01-06,4,21,Beef,218.82,0.5,0.499
2026-01-06,4,22,Cabbage,45.94,0.5,0.5
2026-01-06,4,22,Bangus,243.92,1.5,1.498
2026-01-06,4,23,Potatoes,93.28,1.0,1.002
2026-01-06,4,23,Bangus,162.61,1.0,1.001
2026-01-06,4,24,Tomatoes,41.86,0.5,0.498
2026-01-06,4,24,Rice,110.06,2.0,1.986
2026-01-06,4,25,Bangus,325.22,2.0,1.997
2026-01-06,4,25,Potatoes,93.28,1.0,0.999
2026-01-06,4,26,Bangus,162.61,1.0,0.996
2026-01-06,4,26,Rice,110.06,2.0,1.998
2026-01-06,4,27,Cabbage,91.88,1.0,1.001
2026-01-06,4,27,Beef,656.44,1.5,1.493
2026-01-06,4,28,Beef,218.82,0.5,0.497
2026-01-06,4,28,Potatoes,93.28,1.0,1.002
2026-01-06,4,29,Potatoes,93.28,1.0,1.001
2026-01-06,4,29,Chicken,295.95,1.5,1.493
2026-01-06,4,30,Beef,656.44,1.5,1.499
2026-01-06,4,30,Carrots,63.59,0.5,0.5
2026-01-06,4,31,Bangus,81.31,0.5,0.497
2026-01-06,4,31,Tomatoes,167.42,2.0,2.0
2026-01-06,4,32,Beef,875.26,2.0,1.985
2026-01-06,4,32,Tomatoes,41.86,0.5,0.498
2026-01-06,4,33,Tomatoes,83.71,1.0,1.0
2026-01-06,4,33,Chicken,98.65,0.5,0.498
2026-01-07,5,1,Beef,217.12,0.5,0.5
2026-01-07,5,1,Tomatoes,93.8,1.0,0.997
2026-01-07,5,2,Carrots,73.24,0.5,0.5
2026-01-07,5,2,Chicken,325.58,1.5,1.497
2026-01-07,5,3,Chicken,434.1,2.0,1.992
2026-01-07,5,3,Cabbage,180.99,1.5,1.497
2026-01-07,5,4,Rice,29.08,0.5,0.501
2026-01-07,5,4,Chicken,325.58,1.5,1.497
2026-01-07,5,5,Carrots,73.24,0.5,0.5
2026-01-07,5,5,Bangus,370.14,2.0,1.988
2026-01-07,5,6,Bangus,277.6,1.5,1.503
2026-01-07,5,6,Beef,651.34,1.5,1.492
2026-01-07,5,7,Carrots,146.47,1.0,1.0
2026-01-07,5,7,Cabbage,180.99,1.5,1.492
2026-01-07,5,8,Cabbage,120.66,1.0,0.999
2026-01-07,5,8,Beef,217.12,0.5,0.499
2026-01-07,5,9,Chicken,434.1,2.0,1.988
2026-01-07,5,9,Bangus,185.07,1.0,1.002
2026-01-07,5,10,Carrots,146.47,1.0,0.996
2026-01-07,5,10,Cabbage,120.66,1.0,0.993
2026-01-07,5,11,Tomatoes,140.7,1.5,1.495
2026-01-07,5,11,Carrots,292.94,2.0,1.996
2026-01-07,5,12,Chicken,217.05,1.0,0.993
2026-01-07,5,12,Beef,434.23,1.0,0.998
2026-01-07,5,13,Cabbage,120.66,1.0,1.002
2026-01-07,5,13,Potatoes,180.46,2.0,1.988
2026-01-07,5,14,Tomatoes,93.8,1.0,0.998
2026-01-07,5,14,Cabbage,241.32,2.0,1.996
2026-01-07,5,15,Bangus,370.14,2.0,1.987
2026-01-07,5,15,Rice,29.08,0.5,0.498
2026-01-07,5,16,Potatoes,135.34,1.5,1.501
2026-01-07,5,16,Beef,651.34,1.5,1.5
2026-01-07,5,17,Chicken,325.58,1.5,1.494
2026-01-07,5,17,Cabbage,60.33,0.5,0.5
2026-01-07,5,18,Tomatoes,46.9,0.5,0.5
2026-01-07,5,18,Rice,29.08,0.5,0.501
2026-01-07,5,19,Potatoes,90.23,1.0,1.002
2026-01-07,5,19,Cabbage,120.66,1.0,0.995
2026-01-07,5,20,Tomatoes,187.6,2.0,1.995
2026-01-07,5,20,Rice,29.08,0.5,0.5
2026-01-07,5,21,Carrots,219.7,1.5,1.496
2026-01-07,5,21,Carrots,146.47,1.0,0.997
2026-01-07,5,22,Tomatoes,140.7,1.5,1.498
2026-01-07,5,22,Tomatoes,187.6,2.0,2.0
2026-01-07,5,23,Potatoes,90.23,1.0,0.998
2026-01-07,5,23,Carrots,73.24,0.5,0.498
2026-01-07,5,24,Tomatoes,140.7,1.5,1.495
2026-01-07,5,24,Beef,868.46,2.0,1.994
2026-01-07,5,25,Potatoes,180.46,2.0,1.989
2026-01-07,5,25,Chicken,108.52,0.5,0.501
2026-01-07,5,26,Tomatoes,46.9,0.5,0.498
2026-01-07,5,26,Rice,29.08,0.5,0.5
2026-01-07,5,27,Tomatoes,140.7,1.5,1.499
2026-01-07,5,27,Rice,29.08,0.5,0.501
2026-01-07,5,28,Beef,868.46,2.0,2.004
2026-01-07,5,28,Beef,434.23,1.0,1.002
2026-01-07,5,29,Chicken,434.1,2.0,1.99
2026-01-07,5,29,Cabbage,120.66,1.0,0.994
2026-01-07,5,30,Tomatoes,93.8,1.0,0.999
2026-01-07,5,30,Carrots,292.94,2.0,2.001
2026-01-07,5,31,Beef,868.46,2.0,1.992
2026-01-07,5,31,Cabbage,241.32,2.0,1.996
2026-01-07,5,32,Tomatoes,140.7,1.5,1.49
2026-01-07,5,32,Tomatoes,46.9,0.5,0.496
2026-01-07,5,33,Cabbage,180.99,1.5,1.5
2026-01-07,5,33,Chicken,325.58,1.5,1.494
2026-01-07,5,34,Chicken,325.58,1.5,1.489
2026-01-07,5,34,Rice,87.22,1.5,1.489
2026-01-07,5,35,Cabbage,120.66,1.0,0.998
2026-01-07,5,35,Beef,217.12,0.5,0.497
2026-01-07,5,36,Chicken,217.05,1.0,0.994
2026-01-07,5,36,Carrots,146.47,1.0,1.0
2026-01-07,5,37,Carrots,73.24,0.5,0.497
2026-01-07,5,37,Beef,868.46,2.0,1.986
2026-01-07,5,38,Carrots,292.94,2.0,1.995
2026-01-07,5,38,Potatoes,135.34,1.5,1.497
2026-01-07,5,39,Cabbage,241.32,2.0,1.992
2026-01-07,5,39,Cabbage,241.32,2.0,1.989
2026-01-07,5,40,Potatoes,180.46,2.0,1.995
2026-01-07,5,40,Bangus,92.54,0.5,0.496
2026-01-07,5,41,Cabbage,120.66,1.0,0.998
2026-01-07,5,41,Tomatoes,46.9,0.5,0.498
2026-01-07,5,42,Beef,434.23,1.0,1.0
2026-01-07,5,42,Cabbage,241.32,2.0,1.992
2026-01-07,5,43,Beef,868.46,2.0,1.991
2026-01-07,5,43,Tomatoes,140.7,1.5,1.489
2026-01-07,5,44,Chicken,434.1,2.0,1.989
2026-01-07,5,44,Beef,434.23,1.0,1.002
2026-01-07,5,45,Cabbage,60.33,0.5,0.5
2026-01-07,5,45,Potatoes,45.12,0.5,0.501
2026-01-07,5,46,Rice,58.15,1.0,1.002
2026-01-07,5,46,Beef,217.12,0.5,0.497
2026-01-07,5,47,Beef,651.34,1.5,1.497
2026-01-07,5,47,Cabbage,60.33,0.5,0.498
2026-01-07,5,48,Tomatoes,187.6,2.0,2.002
2026-01-07,5,48,Beef,651.34,1.5,1.498
2026-01-08,1,1,Beef,858.46,2.0,2.001
2026-01-08,1,1,Beef,429.23,1.0,1.0
2026-01-08,1,2,Bangus,83.94,0.5,0.501
2026-01-08,1,2,Carrots,186.23,1.5,1.502
2026-01-08,1,3,Bangus,167.88,1.0,0.996
2026-01-08,1,3,Chicken,193.96,1.0,0.996
2026-01-08,1,4,Rice,72.2,1.5,1.5
2026-01-08,1,4,Beef,429.23,1.0,1.002
2026-01-08,1,5,Potatoes,261.6,2.0,1.988
2026-01-08,1,5,Bangus,251.82,1.5,1.494
2026-01-08,1,6,Carrots,62.08,0.5,0.5
2026-01-08,1,6,Carrots,248.3,2.0,1.996
2026-01-08,1,7,Potatoes,130.8,1.0,1.002
2026-01-08,1,7,Rice,48.13,1.0,0.993
2026-01-08,1,8,Carrots,186.23,1.5,1.49
2026-01-08,1,8,Beef,858.46,2.0,2.002
2026-01-08,1,9,Bangus,83.94,0.5,0.498
2026-01-08,1,9,Rice,24.06,0.5,0.497
2026-01-08,1,10,Tomatoes,40.4,0.5,0.499
2026-01-08,1,10,Chicken,290.94,1.5,1.496
2026-01-08,1,11,Beef,643.84,1.5,1.493
2026-01-08,1,11,Chicken,96.98,0.5,0.501
2026-01-08,1,12,Cabbage,66.02,0.5,0.499
2026-01-08,1,12,Rice,24.06,0.5,0.498
2026-01-08,1,13,Chicken,290.94,1.5,1.49
2026-01-08,1,13,Bangus,251.82,1.5,1.489
2026-01-08,1,14,Carrots,248.3,2.0,1.997
2026-01-08,1,14,Beef,214.62,0.5,0.498
2026-01-08,1,15,Rice,96.26,2.0,1.998
2026-01-08,1,15,Chicken,290.94,1.5,1.501
2026-01-08,1,16,Chicken,290.94,1.5,1.5
2026-01-08,1,16,Carrots,62.08,0.5,0.5
2026-01-08,1,17,Potatoes,65.4,0.5,0.499
2026-01-08,1,17,Chicken,193.96,1.0,1.002
2026-01-08,1,18,Rice,48.13,1.0,0.999
2026-01-08,1,18,Beef,214.62,0.5,0.497
2026-01-08,1,19,Chicken,387.92,2.0,1.999
2026-01-08,1,19,Carrots,186.23,1.5,1.499
2026-01-08,1,20,Carrots,248.3,2.0,1.989
2026-01-08,1,20,Potatoes,196.2,1.5,1.501
2026-01-08,1,21,Cabbage,198.06,1.5,1.492
2026-01-08,1,21,Tomatoes,161.6,2.0,2.0
2026-01-08,1,22,Bangus,83.94,0.5,0.501
2026-01-08,1,22,Chicken,193.96,1.0,1.001
2026-01-08,1,23,Tomatoes,80.8,1.0,1.001
2026-01-08,1,23,Rice,24.06,0.5,0.499
2026-01-08,1,24,Tomatoes,161.6,2.0,2.001
2026-01-08,1,24,Beef,643.84,1.5,1.494
2026-01-08,1,25,Carrots,62.08,0.5,0.501
2026-01-08,1,25,Beef,858.46,2.0,2.002
2026-01-08,1,26,Tomatoes,121.2,1.5,1.503
2026-01-08,1,26,Cabbage,198.06,1.5,1.492
2026-01-08,1,27,Carrots,186.23,1.5,1.495
2026-01-08,1,27,Bangus,83.94,0.5,0.497
2026-01-08,1,28,Chicken,387.92,2.0,1.993
2026-01-08,1,28,Cabbage,66.02,0.5,0.501
2026-01-08,1,29,Carrots,124.15,1.0,0.993
2026-01-08,1,29,Tomatoes,40.4,0.5,0.499
2026-01-08,1,30,Bangus,251.82,1.5,1.495
2026-01-08,1,30,Rice,48.13,1.0,0.999
2026-01-08,1,31,Bangus,167.88,1.0,0.993
2026-01-08,1,31,Tomatoes,121.2,1.5,1.497
2026-01-08,1,32,Tomatoes,40.4,0.5,0.501
2026-01-08,1,32,Rice,96.26,2.0,2.0
2026-01-08,1,33,Bangus,167.88,1.0,0.997
2026-01-08,1,33,Beef,858.46,2.0,1.987
2026-01-08,1,34,Cabbage,264.08,2.0,1.987
2026-01-08,1,34,Chicken,193.96,1.0,0.995
2026-01-08,1,35,Beef,429.23,1.0,0.994
2026-01-08,1,35,Chicken,193.96,1.0,1.001
2026-01-08,1,36,Tomatoes,161.6,2.0,2.003
2026-01-08,1,36,Tomatoes,121.2,1.5,1.489
2026-01-08,1,37,Cabbage,132.04,1.0,0.998
2026-01-08,1,37,Cabbage,198.06,1.5,1.491
2026-01-08,1,38,Bangus,83.94,0.5,0.499
2026-01-08,1,38,Rice,72.2,1.5,1.489
2026-01-08,1,39,Chicken,290.94,1.5,1.501
2026-01-08,1,39,Tomatoes,121.2,1.5,1.501
2026-01-08,1,40,Cabbage,264.08,2.0,2.003
2026-01-08,1,40,Bangus,83.94,0.5,0.5
2026-01-08,1,41,Tomatoes,161.6,2.0,1.994
2026-01-08,1,41,Cabbage,66.02,0.5,0.497
2026-01-09,2,1,Cabbage,129.15,1.5,1.492
2026-01-09,2,1,Beef,735.12,2.0,1.993
2026-01-09,2,2,Potatoes,55.74,0.5,0.498
2026-01-09,2,2,Rice,27.87,0.5,0.498
2026-01-09,2,3,Bangus,397.02,2.0,2.0
2026-01-09,2,3,Tomatoes,32.62,0.5,0.497
2026-01-09,2,4,Chicken,417.06,2.0,1.999
2026-01-09,2,4,Beef,367.56,1.0,0.993
2026-01-09,2,5,Carrots,71.56,0.5,0.498
2026-01-09,2,5,Bangus,99.26,0.5,0.497
2026-01-09,2,6,Rice,27.87,0.5,0.501
2026-01-09,2,6,Rice,111.48,2.0,1.995
2026-01-09,2,7,Carrots,71.56,0.5,0.499
2026-01-09,2,7,Rice,55.74,1.0,0.994
2026-01-09,2,8,Tomatoes,65.24,1.0,0.998
2026-01-09,2,8,Bangus,297.76,1.5,1.498
2026-01-09,2,9,Rice,55.74,1.0,0.996
2026-01-09,2,9,Beef,183.78,0.5,0.499
2026-01-09,2,10,Potatoes,222.96,2.0,1.993
2026-01-09,2,10,Carrots,214.68,1.5,1.492
2026-01-09,2,11,Tomatoes,130.48,2.0,1.986
2026-01-09,2,11,Cabbage,43.05,0.5,0.5
2026-01-09,2,12,Chicken,312.8,1.5,1.496
2026-01-09,2,12,Chicken,417.06,2.0,1.987
2026-01-09,2,13,Chicken,312.8,1.5,1.494
2026-01-09,2,13,Tomatoes,130.48,2.0,1.986
2026-01-09,2,14,Potatoes,222.96,2.0,1.985
2026-01-09,2,14,Rice,27.87,0.5,0.499
2026-01-09,2,15,Carrots,214.68,1.5,1.502
2026-01-09,2,15,Bangus,99.26,0.5,0.499
2026-01-09,2,16,Potatoes,55.74,0.5,0.498
2026-01-09,2,16,Cabbage,129.15,1.5,1.499
2026-01-09,2,17,Chicken,104.26,0.5,0.5
2026-01-09,2,17,Chicken,417.06,2.0,1.99
2026-01-09,2,18,Beef,367.56,1.0,1.0
2026-01-09,2,18,Chicken,312.8,1.5,1.49
2026-01-09,2,19,Tomatoes,130.48,2.0,1.999
2026-01-09,2,19,Cabbage,172.2,2.0,1.993
2026-01-09,2,20,Bangus,397.02,2.0,1.989
2026-01-09,2,20,Carrots,143.12,1.0,0.995
2026-01-09,2,21,Beef,551.34,1.5,1.492
2026-01-09,2,21,Potatoes,111.48,1.0,0.996
2026-01-09,2,22,Cabbage,129.15,1.5,1.49
2026-01-09,2,22,Tomatoes,32.62,0.5,0.498
2026-01-09,2,23,Tomatoes,97.86,1.5,1.495
2026-01-09,2,23,Potatoes,55.74,0.5,0.497
2026-01-09,2,24,Bangus,198.51,1.0,0.994
2026-01-09,2,24,Cabbage,43.05,0.5,0.499
2026-01-09,2,25,Carrots,214.68,1.5,1.494
2026-01-09,2,25,Rice,111.48,2.0,1.99
2026-01-09,2,26,Cabbage,129.15,1.5,1.494
2026-01-09,2,26,Potatoes,111.48,1.0,0.995
2026-01-09,2,27,Rice,83.61,1.5,1.502
2026-01-09,2,27,Tomatoes,130.48,2.0,1.993
2026-01-09,2,28,Carrots,214.68,1.5,1.501
2026-01-09,2,28,Potatoes,55.74,0.5,0.497
2026-01-09,2,29,Beef,367.56,1.0,0.998
2026-01-09,2,29,Tomatoes,130.48,2.0,1.997
2026-01-09,2,30,Potatoes,222.96,2.0,1.987
2026-01-09,2,30,Tomatoes,32.62,0.5,0.499
2026-01-09,2,31,Cabbage,86.1,1.0,1.002
2026-01-09,2,31,Cabbage,86.1,1.0,0.993
2026-01-09,2,32,Potatoes,55.74,0.5,0.501
2026-01-09,2,32,Potatoes,222.96,2.0,1.989
2026-01-09,2,33,Cabbage,86.1,1.0,0.993
2026-01-09,2,33,Carrots,214.68,1.5,1.499
2026-01-09,2,34,Tomatoes,65.24,1.0,0.999
2026-01-09,2,34,Bangus,99.26,0.5,0.497
2026-01-09,2,35,Beef,551.34,1.5,1.491
2026-01-09,2,35,Rice,27.87,0.5,0.5
2026-01-09,2,36,Chicken,312.8,1.5,1.491
2026-01-09,2,36,Cabbage,43.05,0.5,0.498
2026-01-09,2,37,Bangus,297.76,1.5,1.5
2026-01-09,2,37,Chicken,417.06,2.0,1.995
2026-01-09,2,38,Beef,735.12,2.0,1.987
2026-01-09,2,38,Cabbage,172.2,2.0,1.991
2026-01-09,2,39,Chicken,208.53,1.0,0.999
2026-01-09,2,39,Cabbage,86.1,1.0,0.996
2026-01-09,2,40,Rice,83.61,1.5,1.497
2026-01-09,2,40,Rice,27.87,0.5,0.497
2026-01-09,2,41,Potatoes,222.96,2.0,1.99
2026-01-09,2,41,Chicken,417.06,2.0,1.987
2026-01-09,2,42,Rice,55.74,1.0,0.998
2026-01-09,2,42,Bangus,297.76,1.5,1.503
2026-01-09,2,43,Cabbage,172.2,2.0,2.002
2026-01-09,2,43,Rice,111.48,2.0,1.993
2026-01-09,2,44,Carrots,286.24,2.0,1.996
2026-01-09,2,44,Chicken,417.06,2.0,2.004
2026-01-09,2,45,Chicken,208.53,1.0,0.993
2026-01-09,2,45,Bangus,99.26,0.5,0.497
2026-01-09,2,46,Beef,367.56,1.0,0.997
2026-01-09,2,46,Bangus,397.02,2.0,1.991
2026-01-09,2,47,Potatoes,55.74,0.5,0.497
2026-01-09,2,47,Bangus,297.76,1.5,1.501
2026-01-09,2,48,Rice,83.61,1.5,1.491
2026-01-09,2,48,Potatoes,55.74,0.5,0.501
2026-01-09,2,49,Cabbage,86.1,1.0,1.001
2026-01-09,2,49,Bangus,397.02,2.0,2.004
2026-01-09,2,50,Cabbage,43.05,0.5,0.498
2026-01-09,2,50,Potatoes,111.48,1.0,0.999
2026-01-12,3,1,Rice,29.28,0.5,0.498
2026-01-12,3,1,Beef,670.06,1.5,1.496
2026-01-12,3,2,Cabbage,194.52,2.0,1.998
2026-01-12,3,2,Cabbage,194.52,2.0,1.992
2026-01-12,3,3,Rice,87.82,1.5,1.489
2026-01-12,3,3,Beef,893.42,2.0,1.998
2026-01-12,3,4,Beef,223.36,0.5,0.498
2026-01-12,3,4,Potatoes,192.62,2.0,2.001
2026-01-12,3,5,Potatoes,144.46,1.5,1.49
2026-01-12,3,5,Tomatoes,225.74,2.0,1.998
2026-01-12,3,6,Carrots,180.27,1.5,1.498
2026-01-12,3,6,Cabbage,145.89,1.5,1.499
2026-01-12,3,7,Rice,117.1,2.0,1.987
2026-01-12,3,7,Carrots,120.18,1.0,0.994
2026-01-12,3,8,Rice,29.28,0.5,0.498
2026-01-12,3,8,Chicken,413.44,2.0,1.991
2026-01-12,3,9,Bangus,262.62,1.5,1.491
2026-01-12,3,9,Carrots,60.09,0.5,0.497
2026-01-12,3,10,Bangus,262.62,1.5,1.493
2026-01-12,3,10,Bangus,87.54,0.5,0.5
2026-01-12,3,11,Carrots,120.18,1.0,0.998
2026-01-12,3,11,Beef,670.06,1.5,1.491
2026-01-12,3,12,Chicken,103.36,0.5,0.497
2026-01-12,3,12,Cabbage,48.63,0.5,0.501
2026-01-12,3,13,Tomatoes,169.3,1.5,1.5
2026-01-12,3,13,Cabbage,194.52,2.0,2.005
2026-01-12,3,14,Beef,670.06,1.5,1.491
2026-01-12,3,14,Cabbage,194.52,2.0,1.988
2026-01-12,3,15,Potatoes,48.16,0.5,0.501
2026-01-12,3,15,Carrots,240.36,2.0,1.986
2026-01-12,3,16,Bangus,350.16,2.0,2.0
2026-01-12,3,16,Beef,223.36,0.5,0.5
2026-01-12,3,17,Tomatoes,56.44,0.5,0.499
2026-01-12,3,17,Chicken,103.36,0.5,0.498
2026-01-12,3,18,Tomatoes,56.44,0.5,0.497
2026-01-12,3,18,Bangus,262.62,1.5,1.494
2026-01-12,3,19,Rice,87.82,1.5,1.496
2026-01-12,3,19,Tomatoes,225.74,2.0,2.004
2026-01-12,3,20,Rice,87.82,1.5,1.503
2026-01-12,3,20,Cabbage,97.26,1.0,1.0
2026-01-12,3,21,Cabbage,145.89,1.5,1.489
2026-01-12,3,21,Rice,29.28,0.5,0.501
2026-01-12,3,22,Tomatoes,112.87,1.0,1.0
2026-01-12,3,22,Potatoes,144.46,1.5,1.49
2026-01-12,3,23,Chicken,413.44,2.0,1.987
2026-01-12,3,23,Potatoes,144.46,1.5,1.493
2026-01-12,3,24,Chicken,413.44,2.0,1.989
2026-01-12,3,24,Chicken,206.72,1.0,1.001
2026-01-12,3,25,Potatoes,48.16,0.5,0.498
2026-01-12,3,25,Rice,87.82,1.5,1.503
2026-01-12,3,26,Bangus,350.16,2.0,1.996
2026-01-12,3,26,Carrots,120.18,1.0,0.994
2026-01-12,3,27,Carrots,120.18,1.0,0.998
2026-01-12,3,27,Bangus,175.08,1.0,1.0
2026-01-12,3,28,Chicken,206.72,1.0,0.995
2026-01-12,3,28,Potatoes,192.62,2.0,1.995
2026-01-12,3,29,Cabbage,97.26,1.0,0.993
2026-01-12,3,29,Tomatoes,56.44,0.5,0.498
2026-01-12,3,30,Carrots,240.36,2.0,2.004
2026-01-12,3,30,Cabbage,145.89,1.5,1.498
2026-01-13,4,1,Tomatoes,179.06,2.0,1.989
2026-01-13,4,1,Potatoes,137.71,1.0,0.994
2026-01-13,4,2,Carrots,261.42,2.0,1.99
2026-01-13,4,2,Cabbage,88.07,1.0,0.993
2026-01-13,4,3,Potatoes,68.86,0.5,0.5
2026-01-13,4,3,Cabbage,176.14,2.0,1.992
2026-01-13,4,4,Potatoes,68.86,0.5,0.498
2026-01-13,4,4,Chicken,100.1,0.5,0.497
2026-01-13,4,5,Potatoes,275.42,2.0,2.004
2026-01-13,4,5,Chicken,400.4,2.0,1.986
2026-01-13,4,6,Cabbage,88.07,1.0,1.0
2026-01-13,4,6,Chicken,400.4,2.0,1.991
2026-01-13,4,7,Rice,88.6,1.5,1.494
2026-01-13,4,7,Rice,118.14,2.0,1.994
2026-01-13,4,8,Potatoes,206.56,1.5,1.499
2026-01-13,4,8,Cabbage,132.1,1.5,1.502
2026-01-13,4,9,Cabbage,88.07,1.0,1.002
2026-01-13,4,9,Cabbage,132.1,1.5,1.495
2026-01-13,4,10,Beef,749.0,2.0,1.996
2026-01-13,4,10,Potatoes,206.56,1.5,1.501
2026-01-13,4,11,Beef,187.25,0.5,0.498
2026-01-13,4,11,Tomatoes,179.06,2.0,1.995
2026-01-13,4,12,Tomatoes,134.3,1.5,1.496
2026-01-13,4,12,Tomatoes,179.06,2.0,2.002
2026-01-13,4,13,Chicken,400.4,2.0,1.994
2026-01-13,4,13,Tomatoes,134.3,1.5,1.499
2026-01-13,4,14,Chicken,300.3,1.5,1.493
2026-01-13,4,14,Potatoes,68.86,0.5,0.497
2026-01-13,4,15,Chicken,200.2,1.0,0.994
2026-01-13,4,15,Cabbage,132.1,1.5,1.501
2026-01-13,4,16,Bangus,240.23,1.5,1.495
2026-01-13,4,16,Beef,187.25,0.5,0.497
2026-01-13,4,17,Beef,187.25,0.5,0.501
2026-01-13,4,17,Chicken,200.2,1.0,0.998
2026-01-13,4,18,Beef,187.25,0.5,0.501
2026-01-13,4,18,Bangus,320.3,2.0,2.004
2026-01-13,4,19,Beef,374.5,1.0,0.998
2026-01-13,4,19,Beef,187.25,0.5,0.497
2026-01-13,4,20,Rice,88.6,1.5,1.49
2026-01-13,4,20,Beef,187.25,0.5,0.5
2026-01-13,4,21,Chicken,100.1,0.5,0.5
2026-01-13,4,21,Cabbage,176.14,2.0,1.988
2026-01-13,4,22,Carrots,65.36,0.5,0.496
2026-01-13,4,22,Bangus,320.3,2.0,1.991
2026-01-13,4,23,Chicken,300.3,1.5,1.495
2026-01-13,4,23,Chicken,200.2,1.0,1.0
2026-01-13,4,24,Chicken,300.3,1.5,1.489
2026-01-13,4,24,Tomatoes,134.3,1.5,1.49
2026-01-13,4,25,Bangus,240.23,1.5,1.493
2026-01-13,4,25,Bangus,320.3,2.0,1.993
2026-01-13,4,26,Cabbage,132.1,1.5,1.493
2026-01-13,4,26,Potatoes,206.56,1.5,1.492
2026-01-13,4,27,Potatoes,206.56,1.5,1.501
2026-01-13,4,27,Beef,749.0,2.0,1.992
2026-01-13,4,28,Carrots,65.36,0.5,0.498
2026-01-13,4,28,Beef,561.75,1.5,1.5
2026-01-13,4,29,Potatoes,68.86,0.5,0.501
2026-01-13,4,29,Carrots,65.36,0.5,0.5
2026-01-13,4,30,Chicken,400.4,2.0,1.998
2026-01-13,4,30,Bangus,240.23,1.5,1.502
2026-01-13,4,31,Bangus,320.3,2.0,1.992
2026-01-13,4,31,Cabbage,132.1,1.5,1.494
2026-01-13,4,32,Beef,187.25,0.5,0.501
2026-01-13,4,32,Chicken,100.1,0.5,0.499
2026-01-13,4,33,Rice,59.07,1.0,1.002
2026-01-13,4,33,Tomatoes,44.76,0.5,0.5
2026-01-13,4,34,Chicken,300.3,1.5,1.489
2026-01-13,4,34,Bangus,160.15,1.0,1.0
2026-01-13,4,35,Beef,749.0,2.0,1.999
2026-01-13,4,35,Beef,374.5,1.0,1.001
2026-01-13,4,36,Chicken,300.3,1.5,1.502
2026-01-13,4,36,Carrots,65.36,0.5,0.5
2026-01-13,4,37,Potatoes,206.56,1.5,1.501
2026-01-13,4,37,Carrots,130.71,1.0,0.993
2026-01-13,4,38,Rice,118.14,2.0,1.987
2026-01-13,4,38,Potatoes,206.56,1.5,1.497
2026-01-13,4,39,Chicken,200.2,1.0,0.993
2026-01-13,4,39,Bangus,320.3,2.0,1.986
2026-01-13,4,40,Beef,187.25,0.5,0.498
2026-01-13,4,40,Tomatoes,134.3,1.5,1.492
2026-01-13,4,41,Cabbage,132.1,1.5,1.502
2026-01-13,4,41,Cabbage,88.07,1.0,1.001
2026-01-13,4,42,Potatoes,137.71,1.0,0.994
2026-01-13,4,42,Carrots,130.71,1.0,0.997
2026-01-13,4,43,Potatoes,68.86,0.5,0.499
2026-01-13,4,43,Rice,118.14,2.0,2.003
2026-01-13,4,44,Potatoes,206.56,1.5,1.502
2026-01-13,4,44,Tomatoes,89.53,1.0,1.002
2026-01-13,4,45,Chicken,100.1,0.5,0.496
2026-01-13,4,45,Beef,374.5,1.0,0.998
2026-01-13,4,46,Chicken,100.1,0.5,0.5
2026-01-13,4,46,Cabbage,88.07,1.0,0.997
2026-01-13,4,47,Chicken,200.2,1.0,0.999
2026-01-13,4,47,Potatoes,275.42,2.0,2.003
2026-01-13,4,48,Rice,118.14,2.0,1.994
2026-01-13,4,48,Potatoes,68.86,0.5,0.5
2026-01-13,4,49,Potatoes,275.42,2.0,1.997
2026-01-13,4,49,Carrots,130.71,1.0,0.999
2026-01-14,5,1,Rice,85.18,1.5,1.49
2026-01-14,5,1,Potatoes,229.54,2.0,1.997
2026-01-14,5,2,Cabbage,257.5,2.0,1.987
2026-01-14,5,2,Bangus,178.05,1.0,1.002
2026-01-14,5,3,Beef,604.92,1.5,1.49
2026-01-14,5,3,Rice,113.58,2.0,1.99
2026-01-14,5,4,Tomatoes,136.04,1.5,1.501
2026-01-14,5,4,Potatoes,229.54,2.0,1.989
2026-01-14,5,5,Rice,85.18,1.5,1.492
2026-01-14,5,5,Rice,85.18,1.5,1.493
2026-01-14,5,6,Chicken,212.25,1.0,0.993
2026-01-14,5,6,Beef,403.28,1.0,1.001
2026-01-14,5,7,Tomatoes,181.38,2.0,1.995
2026-01-14,5,7,Carrots,184.12,2.0,1.986
2026-01-14,5,8,Chicken,106.12,0.5,0.499
2026-01-14,5,8,Bangus,267.08,1.5,1.499
2026-01-14,5,9,Tomatoes,181.38,2.0,1.993
2026-01-14,5,9,Rice,113.58,2.0,1.998
2026-01-14,5,10,Bangus,178.05,1.0,1.001
2026-01-14,5,10,Cabbage,128.75,1.0,0.993
2026-01-14,5,11,Cabbage,193.12,1.5,1.499
2026-01-14,5,11,Cabbage,257.5,2.0,1.987
2026-01-14,5,12,Tomatoes,136.04,1.5,1.502
2026-01-14,5,12,Bangus,89.02,0.5,0.498
2026-01-14,5,13,Bangus,267.08,1.5,1.501
2026-01-14,5,13,Potatoes,57.38,0.5,0.497
2026-01-14,5,14,Carrots,92.06,1.0,1.002
2026-01-14,5,14,Rice,85.18,1.5,1.495
2026-01-14,5,15,Potatoes,57.38,0.5,0.499
2026-01-14,5,15,Rice,85.18,1.5,1.492
2026-01-14,5,16,Bangus,356.1,2.0,1.997
2026-01-14,5,16,Beef,201.64,0.5,0.5
2026-01-14,5,17,Tomatoes,136.04,1.5,1.503
2026-01-14,5,17,Beef,604.92,1.5,1.491
2026-01-14,5,18,Chicken,212.25,1.0,0.998
2026-01-14,5,18,Tomatoes,181.38,2.0,2.005
2026-01-14,5,19,Rice,28.4,0.5,0.501
2026-01-14,5,19,Bangus,178.05,1.0,0.995
2026-01-14,5,20,Beef,403.28,1.0,0.995
2026-01-14,5,20,Rice,56.79,1.0,0.993
2026-01-14,5,21,Potatoes,172.16,1.5,1.492
2026-01-14,5,21,Tomatoes,90.69,1.0,1.002
2026-01-14,5,22,Rice,113.58,2.0,1.986
2026-01-14,5,22,Cabbage,193.12,1.5,1.496
2026-01-14,5,23,Rice,28.4,0.5,0.501
2026-01-14,5,23,Rice,28.4,0.5,0.501
2026-01-14,5,24,Cabbage,257.5,2.0,1.991
2026-01-14,5,24,Chicken,212.25,1.0,0.999
2026-01-14,5,25,Chicken,212.25,1.0,1.001
2026-01-14,5,25,Tomatoes,181.38,2.0,1.99
2026-01-14,5,26,Chicken,424.5,2.0,2.0
2026-01-14,5,26,Cabbage,257.5,2.0,1.988
2026-01-14,5,27,Cabbage,64.38,0.5,0.497
2026-01-14,5,27,Bangus,356.1,2.0,1.998
2026-01-14,5,28,Tomatoes,136.04,1.5,1.495
2026-01-14,5,28,Carrots,184.12,2.0,1.994
2026-01-14,5,29,Cabbage,128.75,1.0,0.999
2026-01-14,5,29,Bangus,267.08,1.5,1.501
2026-01-14,5,30,Rice,28.4,0.5,0.498
2026-01-14,5,30,Chicken,106.12,0.5,0.497
2026-01-14,5,31,Potatoes,114.77,1.0,1.001
2026-01-14,5,31,Rice,56.79,1.0,1.001
2026-01-14,5,32,Bangus,356.1,2.0,1.996
2026-01-14,5,32,Chicken,424.5,2.0,1.995
2026-01-14,5,33,Potatoes,57.38,0.5,0.5
2026-01-14,5,33,Bangus,178.05,1.0,0.998
2026-01-14,5,34,Rice,28.4,0.5,0.499
2026-01-14,5,34,Chicken,318.38,1.5,1.503
2026-01-14,5,35,Bangus,267.08,1.5,1.498
2026-01-14,5,35,Cabbage,257.5,2.0,2.004
2026-01-14,5,36,Potatoes,57.38,0.5,0.497
2026-01-14,5,36,Tomatoes,181.38,2.0,2.005
2026-01-15,1,1,Beef,580.86,1.5,1.496
2026-01-15,1,1,Potatoes,146.55,1.5,1.495
2026-01-15,1,2,Bangus,409.78,2.0,1.999
2026-01-15,1,2,Cabbage,114.32,1.0,0.998
2026-01-15,1,3,Potatoes,48.85,0.5,0.5
2026-01-15,1,3,Chicken,108.19,0.5,0.499
2026-01-15,1,4,Cabbage,228.64,2.0,1.99
2026-01-15,1,4,Cabbage,171.48,1.5,1.492
2026-01-15,1,5,Cabbage,114.32,1.0,0.998
2026-01-15,1,5,Bangus,409.78,2.0,1.994
2026-01-15,1,6,Rice,49.77,1.0,1.002
2026-01-15,1,6,Chicken,216.38,1.0,1.001
2026-01-15,1,7,Bangus,409.78,2.0,2.002
2026-01-15,1,7,Cabbage,114.32,1.0,1.001
2026-01-15,1,8,Beef,387.24,1.0,1.002
2026-01-15,1,8,Chicken,324.57,1.5,1.501
2026-01-15,1,9,Cabbage,228.64,2.0,1.987
2026-01-15,1,9,Cabbage,228.64,2.0,1.991
2026-01-15,1,10,Bangus,409.78,2.0,1.995
2026-01-15,1,10,Bangus,204.89,1.0,1.002
2026-01-15,1,11,Beef,774.48,2.0,1.999
2026-01-15,1,11,Beef,580.86,1.5,1.496
2026-01-15,1,12,Bangus,204.89,1.0,1.001
2026-01-15,1,12,Cabbage,171.48,1.5,1.49
2026-01-15,1,13,Beef,774.48,2.0,1.985
2026-01-15,1,13,Chicken,324.57,1.5,1.503
2026-01-15,1,14,Rice,49.77,1.0,1.001
2026-01-15,1,14,Chicken,108.19,0.5,0.499
2026-01-15,1,15,Cabbage,228.64,2.0,1.998
2026-01-15,1,15,Carrots,226.44,2.0,2.004
2026-01-15,1,16,Carrots,226.44,2.0,1.997
2026-01-15,1,16,Tomatoes,124.64,1.5,1.504
2026-01-15,1,17,Potatoes,195.4,2.0,1.994
2026-01-15,1,17,Tomatoes,41.54,0.5,0.501
2026-01-15,1,18,Beef,193.62,0.5,0.499
2026-01-15,1,18,Beef,387.24,1.0,0.999
2026-01-15,1,19,Rice,74.66,1.5,1.498
2026-01-15,1,19,Bangus,102.44,0.5,0.499
2026-01-15,1,20,Potatoes,97.7,1.0,0.995
2026-01-15,1,20,Cabbage,57.16,0.5,0.497
2026-01-15,1,21,Potatoes,146.55,1.5,1.499
2026-01-15,1,21,Beef,193.62,0.5,0.499
2026-01-15,1,22,Potatoes,97.7,1.0,0.999
2026-01-15,1,22,Tomatoes,124.64,1.5,1.501
2026-01-15,1,23,Tomatoes,124.64,1.5,1.499
2026-01-15,1,23,Carrots,226.44,2.0,1.987
2026-01-15,1,24,Carrots,113.22,1.0,0.998
2026-01-15,1,24,Rice,99.54,2.0,1.993
2026-01-15,1,25,Chicken,324.57,1.5,1.494
2026-01-15,1,25,Carrots,226.44,2.0,1.995
2026-01-15,1,26,Bangus,409.78,2.0,2.001
2026-01-15,1,26,Tomatoes,166.18,2.0,2.002
2026-01-15,1,27,Rice,74.66,1.5,1.499
2026-01-15,1,27,Rice,24.88,0.5,0.497
2026-01-15,1,28,Rice,49.77,1.0,1.002
2026-01-15,1,28,Cabbage,228.64,2.0,1.99
2026-01-15,1,29,Carrots,226.44,2.0,1.995
2026-01-15,1,29,Tomatoes,41.54,0.5,0.497
2026-01-15,1,30,Tomatoes,83.09,1.0,0.997
2026-01-15,1,30,Potatoes,48.85,0.5,0.499
2026-01-15,1,31,Bangus,307.33,1.5,1.499
2026-01-15,1,31,Beef,193.62,0.5,0.5
2026-01-15,1,32,Beef,387.24,1.0,0.993
2026-01-15,1,32,Chicken,432.76,2.0,2.003
2026-01-15,1,33,Rice,49.77,1.0,1.002
2026-01-15,1,33,Bangus,409.78,2.0,2.004
2026-01-15,1,34,Bangus,409.78,2.0,1.99
2026-01-15,1,34,Carrots,113.22,1.0,0.998
2026-01-15,1,35,Rice,49.77,1.0,1.002
2026-01-15,1,35,Potatoes,97.7,1.0,0.996
2026-01-15,1,36,Bangus,102.44,0.5,0.497
2026-01-15,1,36,Carrots,226.44,2.0,2.004
2026-01-15,1,37,Beef,387.24,1.0,0.998
2026-01-15,1,37,Chicken,432.76,2.0,1.999
2026-01-15,1,38,Cabbage,114.32,1.0,0.997
2026-01-15,1,38,Potatoes,48.85,0.5,0.499
2026-01-15,1,39,Cabbage,57.16,0.5,0.5
2026-01-15,1,39,Chicken,432.76,2.0,1.998
2026-01-15,1,40,Bangus,204.89,1.0,1.002
2026-01-15,1,40,Beef,387.24,1.0,0.999
2026-01-15,1,41,Tomatoes,124.64,1.5,1.49
2026-01-15,1,41,Bangus,204.89,1.0,1.002
2026-01-15,1,42,Bangus,307.33,1.5,1.503
2026-01-15,1,42,Rice,99.54,2.0,2.003
2026-01-15,1,43,Bangus,307.33,1.5,1.49
2026-01-15,1,43,Bangus,409.78,2.0,1.993
2026-01-15,1,44,Chicken,324.57,1.5,1.497
2026-01-15,1,44,Cabbage,171.48,1.5,1.496
2026-01-16,2,1,Carrots,73.54,0.5,0.498
2026-01-16,2,1,Chicken,325.48,1.5,1.499
2026-01-16,2,2,Chicken,433.98,2.0,1.997
2026-01-16,2,2,Carrots,294.16,2.0,1.994
2026-01-16,2,3,Potatoes,274.04,2.0,1.995
2026-01-16,2,3,Rice,54.8,1.0,1.001
2026-01-16,2,4,Tomatoes,222.62,2.0,1.995
2026-01-16,2,4,Tomatoes,222.62,2.0,1.986
2026-01-16,2,5,Bangus,187.17,1.0,1.0
2026-01-16,2,5,Beef,350.33,1.0,0.999
2026-01-16,2,6,Beef,525.5,1.5,1.503
2026-01-16,2,6,Bangus,93.58,0.5,0.499
2026-01-16,2,7,Rice,27.4,0.5,0.5
2026-01-16,2,7,Tomatoes,222.62,2.0,2.0
2026-01-16,2,8,Beef,175.16,0.5,0.499
2026-01-16,2,8,Chicken,216.99,1.0,0.997
2026-01-16,2,9,Bangus,93.58,0.5,0.499
2026-01-16,2,9,Rice,82.2,1.5,1.492
2026-01-16,2,10,Tomatoes,55.66,0.5,0.498
2026-01-16,2,10,Bangus,187.17,1.0,1.002
2026-01-16,2,11,Bangus,187.17,1.0,0.996
2026-01-16,2,11,Cabbage,132.76,1.0,0.999
2026-01-16,2,12,Beef,175.16,0.5,0.501
2026-01-16,2,12,Rice,54.8,1.0,1.001
2026-01-16,2,13,Rice,109.6,2.0,1.995
2026-01-16,2,13,Cabbage,66.38,0.5,0.499
2026-01-16,2,14,Rice,82.2,1.5,1.489
2026-01-16,2,14,Rice,54.8,1.0,1.001
2026-01-16,2,15,Carrots,220.62,1.5,1.497
2026-01-16,2,15,Bangus,280.76,1.5,1.491
2026-01-16,2,16,Rice,109.6,2.0,1.987
2026-01-16,2,16,Cabbage,132.76,1.0,0.994
2026-01-16,2,17,Carrots,147.08,1.0,0.999
2026-01-16,2,17,Chicken,108.5,0.5,0.497
2026-01-16,2,18,Rice,54.8,1.0,0.995
2026-01-16,2,18,Chicken,108.5,0.5,0.496
2026-01-16,2,19,Potatoes,274.04,2.0,1.997
2026-01-16,2,19,Beef,175.16,0.5,0.498
2026-01-16,2,20,Tomatoes,111.31,1.0,0.996
2026-01-16,2,20,Carrots,73.54,0.5,0.501
2026-01-16,2,21,Chicken,108.5,0.5,0.5
2026-01-16,2,21,Potatoes,274.04,2.0,1.994
2026-01-16,2,22,Potatoes,68.51,0.5,0.497
2026-01-16,2,22,Beef,175.16,0.5,0.497
2026-01-16,2,23,Beef,175.16,0.5,0.499
2026-01-16,2,23,Cabbage,132.76,1.0,0.994
2026-01-16,2,24,Carrots,147.08,1.0,0.995
2026-01-16,2,24,Tomatoes,55.66,0.5,0.5
2026-01-16,2,25,Potatoes,274.04,2.0,1.992
2026-01-16,2,25,Carrots,220.62,1.5,1.5
2026-01-16,2,26,Beef,700.66,2.0,1.991
2026-01-16,2,26,Chicken,108.5,0.5,0.497
2026-01-16,2,27,Beef,700.66,2.0,2.0
2026-01-16,2,27,Beef,525.5,1.5,1.491
2026-01-16,2,28,Bangus,280.76,1.5,1.497
2026-01-16,2,28,Tomatoes,111.31,1.0,0.998
2026-01-16,2,29,Cabbage,66.38,0.5,0.496
2026-01-16,2,29,Carrots,220.62,1.5,1.49
2026-01-16,2,30,Beef,525.5,1.5,1.491
2026-01-16,2,30,Bangus,374.34,2.0,1.994
2026-01-19,3,1,Chicken,212.76,1.0,1.002
2026-01-19,3,1,Rice,77.04,1.5,1.497
2026-01-19,3,2,Rice,102.72,2.0,1.993
2026-01-19,3,2,Chicken,319.14,1.5,1.49
2026-01-19,3,3,Bangus,255.12,1.5,1.501
2026-01-19,3,3,Chicken,212.76,1.0,1.0
2026-01-19,3,4,Beef,369.7,1.0,1.0
2026-01-19,3,4,Cabbage,65.32,0.5,0.497
2026-01-19,3,5,Rice,51.36,1.0,0.997
2026-01-19,3,5,Tomatoes,209.32,2.0,1.988
2026-01-19,3,6,Carrots,141.51,1.5,1.498
2026-01-19,3,6,Rice,51.36,1.0,1.002
2026-01-19,3,7,Cabbage,261.3,2.0,1.993
2026-01-19,3,7,Rice,51.36,1.0,1.002
2026-01-19,3,8,Potatoes,257.32,2.0,2.004
2026-01-19,3,8,Chicken,319.14,1.5,1.498
2026-01-19,3,9,Chicken,319.14,1.5,1.502
2026-01-19,3,9,Cabbage,261.3,2.0,1.998
2026-01-19,3,10,Beef,739.4,2.0,1.995
2026-01-19,3,10,Rice,51.36,1.0,1.002
2026-01-19,3,11,Carrots,94.34,1.0,0.999
2026-01-19,3,11,Cabbage,65.32,0.5,0.498
2026-01-19,3,12,Tomatoes,156.99,1.5,1.502
2026-01-19,3,12,Chicken,425.52,2.0,1.993
2026-01-19,3,13,Potatoes,192.99,1.5,1.494
2026-01-19,3,13,Tomatoes,156.99,1.5,1.501
2026-01-19,3,14,Bangus,85.04,0.5,0.499
2026-01-19,3,14,Chicken,425.52,2.0,1.99
2026-01-19,3,15,Potatoes,64.33,0.5,0.501
2026-01-19,3,15,Potatoes,192.99,1.5,1.502
2026-01-19,3,16,Bangus,85.04,0.5,0.497
2026-01-19,3,16,Carrots,141.51,1.5,1.499
2026-01-19,3,17,Rice,102.72,2.0,2.002
2026-01-19,3,17,Rice,102.72,2.0,1.998
2026-01-19,3,18,Carrots,188.68,2.0,1.998
2026-01-19,3,18,Cabbage,261.3,2.0,2.0
2026-01-19,3,19,Tomatoes,156.99,1.5,1.502
2026-01-19,3,19,Chicken,106.38,0.5,0.498
2026-01-19,3,20,Bangus,85.04,0.5,0.497
2026-01-19,3,20,Chicken,425.52,2.0,1.986
2026-01-19,3,21,Carrots,47.17,0.5,0.497
2026-01-19,3,21,Beef,554.55,1.5,1.491
2026-01-19,3,22,Potatoes,257.32,2.0,2.0
2026-01-19,3,22,Chicken,425.52,2.0,1.999
2026-01-19,3,23,Chicken,106.38,0.5,0.5
2026-01-19,3,23,Beef,184.85,0.5,0.496
2026-01-19,3,24,Carrots,47.17,0.5,0.5
2026-01-19,3,24,Carrots,188.68,2.0,2.005
2026-01-19,3,25,Potatoes,192.99,1.5,1.489
2026-01-19,3,25,Beef,739.4,2.0,2.003
2026-01-19,3,26,Chicken,319.14,1.5,1.492
2026-01-19,3,26,Cabbage,195.98,1.5,1.501
2026-01-19,3,27,Rice,102.72,2.0,1.988
2026-01-19,3,27,Bangus,255.12,1.5,1.502
2026-01-19,3,28,Beef,184.85,0.5,0.501
2026-01-19,3,28,Tomatoes,156.99,1.5,1.491
2026-01-19,3,29,Bangus,85.04,0.5,0.5
2026-01-19,3,29,Carrots,141.51,1.5,1.489
2026-01-19,3,30,Chicken,425.52,2.0,1.987
2026-01-19,3,30,Tomatoes,156.99,1.5,1.497
2026-01-19,3,31,Rice,77.04,1.5,1.499
2026-01-19,3,31,Beef,184.85,0.5,0.498
2026-01-19,3,32,Cabbage,65.32,0.5,0.5
2026-01-19,3,32,Beef,369.7,1.0,1.0
2026-01-19,3,33,Rice,77.04,1.5,1.49
2026-01-19,3,33,Bangus,255.12,1.5,1.501
2026-01-19,3,34,Tomatoes,209.32,2.0,2.003
2026-01-19,3,34,Chicken,425.52,2.0,1.996
2026-01-19,3,35,Carrots,47.17,0.5,0.501
2026-01-19,3,35,Carrots,94.34,1.0,0.994
2026-01-19,3,36,Tomatoes,156.99,1.5,1.498
2026-01-19,3,36,Cabbage,195.98,1.5,1.491
2026-01-19,3,37,Bangus,255.12,1.5,1.49
2026-01-19,3,37,Chicken,106.38,0.5,0.496
2026-01-19,3,38,Bangus,85.04,0.5,0.501
2026-01-19,3,38,Tomatoes,52.33,0.5,0.498
2026-01-19,3,39,Rice,51.36,1.0,0.995
2026-01-19,3,39,Chicken,425.52,2.0,2.001
2026-01-20,4,1,Beef,552.16,1.5,1.492
2026-01-20,4,1,Potatoes,49.22,0.5,0.501
2026-01-20,4,2,Carrots,216.44,2.0,2.004
2026-01-20,4,2,Cabbage,98.38,1.0,1.001
2026-01-20,4,3,Tomatoes,48.74,0.5,0.498
2026-01-20,4,3,Carrots,54.11,0.5,0.499
2026-01-20,4,4,Tomatoes,194.98,2.0,2.002
2026-01-20,4,4,Carrots,216.44,2.0,1.986
2026-01-20,4,5,Bangus,282.56,1.5,1.503
2026-01-20,4,5,Beef,552.16,1.5,1.496
2026-01-20,4,6,Chicken,430.04,2.0,2.003
2026-01-20,4,6,Rice,59.08,1.0,0.993
2026-01-20,4,7,Cabbage,147.57,1.5,1.498
2026-01-20,4,7,Beef,736.22,2.0,2.004
2026-01-20,4,8,Tomatoes,194.98,2.0,1.996
2026-01-20,4,8,Cabbage,49.19,0.5,0.5
2026-01-20,4,9,Rice,88.62,1.5,1.497
2026-01-20,4,9,Cabbage,147.57,1.5,1.502
2026-01-20,4,10,Tomatoes,194.98,2.0,1.985
2026-01-20,4,10,Tomatoes,194.98,2.0,2.004
2026-01-20,4,11,Cabbage,196.76,2.0,1.993
2026-01-20,4,11,Rice,29.54,0.5,0.498
2026-01-20,4,12,Beef,736.22,2.0,1.986
2026-01-20,4,12,Rice,118.16,2.0,1.998
2026-01-20,4,13,Cabbage,147.57,1.5,1.5
2026-01-20,4,13,Rice,88.62,1.5,1.501
2026-01-20,4,14,Chicken,215.02,1.0,0.996
2026-01-20,4,14,Bangus,376.74,2.0,1.996
2026-01-20,4,15,Tomatoes,97.49,1.0,1.0
2026-01-20,4,15,Rice,59.08,1.0,1.001
2026-01-20,4,16,Carrots,162.33,1.5,1.498
2026-01-20,4,16,Bangus,94.18,0.5,0.501
2026-01-20,4,17,Cabbage,147.57,1.5,1.5
2026-01-20,4,17,Chicken,322.53,1.5,1.5
2026-01-20,4,18,Chicken,322.53,1.5,1.494
2026-01-20,4,18,Chicken,430.04,2.0,1.997
2026-01-20,4,19,Beef,184.06,0.5,0.497
2026-01-20,4,19,Bangus,94.18,0.5,0.497
2026-01-20,4,20,Carrots,108.22,1.0,0.994
2026-01-20,4,20,Cabbage,49.19,0.5,0.498
2026-01-20,4,21,Chicken,322.53,1.5,1.492
2026-01-20,4,21,Chicken,322.53,1.5,1.49
2026-01-20,4,22,Carrots,162.33,1.5,1.49
2026-01-20,4,22,Carrots,54.11,0.5,0.498
2026-01-20,4,23,Tomatoes,146.23,1.5,1.504
2026-01-20,4,23,Chicken,215.02,1.0,0.999
2026-01-20,4,24,Bangus,282.56,1.5,1.496
2026-01-20,4,24,Beef,184.06,0.5,0.498
2026-01-20,4,25,Chicken,107.51,0.5,0.5
2026-01-20,4,25,Tomatoes,48.74,0.5,0.497
2026-01-20,4,26,Cabbage,196.76,2.0,1.998
2026-01-20,4,26,Beef,368.11,1.0,0.996
2026-01-20,4,27,Chicken,107.51,0.5,0.497
2026-01-20,4,27,Carrots,216.44,2.0,1.99
2026-01-20,4,28,Cabbage,196.76,2.0,1.987
2026-01-20,4,28,Potatoes,147.68,1.5,1.491
2026-01-20,4,29,Beef,184.06,0.5,0.499
2026-01-20,4,29,Bangus,94.18,0.5,0.501
2026-01-20,4,30,Cabbage,196.76,2.0,2.001
2026-01-20,4,30,Beef,368.11,1.0,0.998
2026-01-20,4,31,Tomatoes,146.23,1.5,1.495
2026-01-20,4,31,Carrots,54.11,0.5,0.499
2026-01-20,4,32,Tomatoes,194.98,2.0,1.997
2026-01-20,4,32,Carrots,54.11,0.5,0.498
2026-01-20,4,33,Rice,59.08,1.0,0.998
2026-01-20,4,33,Potatoes,98.45,1.0,0.994
2026-01-20,4,34,Potatoes,196.9,2.0,1.99
2026-01-20,4,34,Rice,29.54,0.5,0.5
2026-01-20,4,35,Chicken,215.02,1.0,1.0
2026-01-20,4,35,Bangus,94.18,0.5,0.501
2026-01-20,4,36,Rice,29.54,0.5,0.498
2026-01-20,4,36,Carrots,108.22,1.0,0.995
2026-01-21,5,1,Chicken,289.44,1.5,1.495
2026-01-21,5,1,Chicken,289.44,1.5,1.494
2026-01-21,5,2,Rice,91.58,2.0,2.001
2026-01-21,5,2,Beef,634.12,1.5,1.494
2026-01-21,5,3,Carrots,287.84,2.0,1.986
2026-01-21,5,3,Rice,22.9,0.5,0.5
2026-01-21,5,4,Tomatoes,124.24,1.5,1.502
2026-01-21,5,4,Bangus,370.98,2.0,1.998
2026-01-21,5,5,Tomatoes,165.66,2.0,1.996
2026-01-21,5,5,Beef,845.5,2.0,1.99
2026-01-21,5,6,Beef,211.38,0.5,0.497
2026-01-21,5,6,Chicken,289.44,1.5,1.495
2026-01-21,5,7,Potatoes,53.36,0.5,0.499
2026-01-21,5,7,Beef,634.12,1.5,1.494
2026-01-21,5,8,Chicken,96.48,0.5,0.496
2026-01-21,5,8,Cabbage,66.88,0.5,0.499
2026-01-21,5,9,Beef,422.75,1.0,0.993
2026-01-21,5,9,Bangus,92.74,0.5,0.5
2026-01-21,5,10,Potatoes,160.06,1.5,1.503
2026-01-21,5,10,Chicken,192.96,1.0,1.002
2026-01-21,5,11,Cabbage,267.5,2.0,1.991
2026-01-21,5,11,Tomatoes,41.42,0.5,0.497
2026-01-21,5,12,Rice,68.68,1.5,1.491
2026-01-21,5,12,Bangus,185.49,1.0,0.996
2026-01-21,5,13,Cabbage,267.5,2.0,1.999
2026-01-21,5,13,Cabbage,66.88,0.5,0.5
2026-01-21,5,14,Carrots,287.84,2.0,1.997
2026-01-21,5,14,Carrots,215.88,1.5,1.495
2026-01-21,5,15,Tomatoes,41.42,0.5,0.501
2026-01-21,5,15,Cabbage,66.88,0.5,0.499
2026-01-21,5,16,Bangus,92.74,0.5,0.5
2026-01-21,5,16,Cabbage,133.75,1.0,0.993
2026-01-21,5,17,Potatoes,106.71,1.0,0.997
2026-01-21,5,17,Potatoes,106.71,1.0,0.999
2026-01-21,5,18,Carrots,215.88,1.5,1.501
2026-01-21,5,18,Bangus,370.98,2.0,1.992
2026-01-21,5,19,Potatoes,160.06,1.5,1.491
2026-01-21,5,19,Bangus,370.98,2.0,1.995
2026-01-21,5,20,Bangus,370.98,2.0,2.004
2026-01-21,5,20,Tomatoes,82.83,1.0,0.993
2026-01-21,5,21,Cabbage,66.88,0.5,0.498
2026-01-21,5,21,Tomatoes,124.24,1.5,1.498
2026-01-21,5,22,Chicken,385.92,2.0,1.997
2026-01-21,5,22,Chicken,96.48,0.5,0.498
2026-01-21,5,23,Potatoes,53.36,0.5,0.498
2026-01-21,5,23,Potatoes,160.06,1.5,1.497
2026-01-21,5,24,Bangus,92.74,0.5,0.497
2026-01-21,5,24,Cabbage,200.62,1.5,1.491
2026-01-21,5,25,Cabbage,66.88,0.5,0.496
2026-01-21,5,25,Cabbage,200.62,1.5,1.497
2026-01-21,5,26,Cabbage,200.62,1.5,1.492
2026-01-21,5,26,Tomatoes,124.24,1.5,1.497
2026-01-21,5,27,Rice,45.79,1.0,1.0
2026-01-21,5,27,Bangus,278.24,1.5,1.496
2026-01-21,5,28,Potatoes,106.71,1.0,0.996
2026-01-21,5,28,Carrots,287.84,2.0,1.995
2026-01-21,5,29,Cabbage,133.75,1.0,0.999
2026-01-21,5,29,Chicken,289.44,1.5,1.497
2026-01-21,5,30,Carrots,215.88,1.5,1.493
2026-01-21,5,30,Cabbage,200.62,1.5,1.499
2026-01-21,5,31,Beef,422.75,1.0,0.998
2026-01-21,5,31,Bangus,92.74,0.5,0.497
2026-01-21,5,32,Bangus,185.49,1.0,0.994
2026-01-21,5,32,Chicken,96.48,0.5,0.497
2026-01-21,5,33,Beef,634.12,1.5,1.496
2026-01-21,5,33,Beef,422.75,1.0,1.001
2026-01-21,5,34,Chicken,192.96,1.0,0.994
2026-01-21,5,34,Bangus,278.24,1.5,1.489
2026-01-21,5,35,Potatoes,160.06,1.5,1.497
2026-01-21,5,35,Cabbage,267.5,2.0,1.998
2026-01-22,1,1,Bangus,439.0,2.0,1.994
2026-01-22,1,1,Cabbage,87.3,1.0,1.002
2026-01-22,1,2,Bangus,109.75,0.5,0.501
2026-01-22,1,2,Tomatoes,175.58,2.0,1.992
2026-01-22,1,3,Bangus,329.25,1.5,1.491
2026-01-22,1,3,Beef,424.65,1.0,0.994
2026-01-22,1,4,Potatoes,61.89,0.5,0.5
2026-01-22,1,4,Bangus,109.75,0.5,0.499
2026-01-22,1,5,Rice,93.28,2.0,1.99
2026-01-22,1,5,Cabbage,174.6,2.0,2.002
2026-01-22,1,6,Beef,636.97,1.5,1.49
2026-01-22,1,6,Rice,69.96,1.5,1.489
2026-01-22,1,7,Carrots,206.02,2.0,1.999
2026-01-22,1,7,Tomatoes,131.68,1.5,1.491
2026-01-22,1,8,Chicken,101.58,0.5,0.497
2026-01-22,1,8,Beef,636.97,1.5,1.503
2026-01-22,1,9,Cabbage,43.65,0.5,0.497
2026-01-22,1,9,Cabbage,174.6,2.0,1.987
2026-01-22,1,10,Cabbage,87.3,1.0,1.002
2026-01-22,1,10,Bangus,439.0,2.0,1.987
2026-01-22,1,11,Beef,849.3,2.0,1.989
2026-01-22,1,11,Beef,849.3,2.0,1.988
2026-01-22,1,12,Chicken,406.3,2.0,1.991
2026-01-22,1,12,Chicken,203.15,1.0,1.0
2026-01-22,1,13,Chicken,406.3,2.0,1.99
2026-01-22,1,13,Potatoes,247.56,2.0,1.994
2026-01-22,1,14,Chicken,101.58,0.5,0.497
2026-01-22,1,14,Potatoes,61.89,0.5,0.499
2026-01-22,1,15,Bangus,439.0,2.0,2.001
2026-01-22,1,15,Chicken,406.3,2.0,1.986
2026-01-22,1,16,Cabbage,130.95,1.5,1.491
2026-01-22,1,16,Beef,849.3,2.0,1.999
2026-01-22,1,17,Tomatoes,131.68,1.5,1.492
2026-01-22,1,17,Beef,849.3,2.0,1.987
2026-01-22,1,18,Bangus,219.5,1.0,0.995
2026-01-22,1,18,Rice,69.96,1.5,1.496
2026-01-22,1,19,Potatoes,123.78,1.0,0.998
2026-01-22,1,19,Rice,69.96,1.5,1.5
2026-01-22,1,20,Carrots,154.52,1.5,1.499
2026-01-22,1,20,Tomatoes,43.9,0.5,0.5
2026-01-22,1,21,Carrots,154.52,1.5,1.494
2026-01-22,1,21,Carrots,103.01,1.0,0.998
2026-01-22,1,22,Chicken,406.3,2.0,1.99
2026-01-22,1,22,Tomatoes,131.68,1.5,1.501
2026-01-22,1,23,Cabbage,174.6,2.0,1.995
2026-01-22,1,23,Beef,424.65,1.0,0.999
2026-01-22,1,24,Rice,69.96,1.5,1.489
2026-01-22,1,24,Beef,849.3,2.0,2.003
2026-01-22,1,25,Rice,93.28,2.0,2.002
2026-01-22,1,25,Cabbage,174.6,2.0,2.004
2026-01-22,1,26,Tomatoes,43.9,0.5,0.498
2026-01-22,1,26,Potatoes,247.56,2.0,1.993
2026-01-22,1,27,Carrots,51.5,0.5,0.5
2026-01-22,1,27,Cabbage,130.95,1.5,1.492
2026-01-22,1,28,Bangus,329.25,1.5,1.495
2026-01-22,1,28,Bangus,439.0,2.0,1.986
2026-01-22,1,29,Bangus,219.5,1.0,0.993
2026-01-22,1,29,Rice,69.96,1.5,1.502
2026-01-22,1,30,Tomatoes,43.9,0.5,0.498
2026-01-22,1,30,Tomatoes,87.79,1.0,1.002
2026-01-22,1,31,Cabbage,43.65,0.5,0.499
2026-01-22,1,31,Carrots,103.01,1.0,0.998
2026-01-22,1,32,Carrots,206.02,2.0,1.985
2026-01-22,1,32,Beef,424.65,1.0,0.999
2026-01-22,1,33,Chicken,203.15,1.0,0.993
2026-01-22,1,33,Rice,93.28,2.0,1.99
2026-01-22,1,34,Rice,46.64,1.0,0.997
2026-01-22,1,34,Cabbage,174.6,2.0,1.995
2026-01-22,1,35,Beef,212.32,0.5,0.496
2026-01-22,1,35,Potatoes,247.56,2.0,1.992
2026-01-22,1,36,Potatoes,61.89,0.5,0.5
2026-01-22,1,36,Potatoes,247.56,2.0,1.992
2026-01-22,1,37,Beef,636.97,1.5,1.497
2026-01-22,1,37,Beef,849.3,2.0,2.004
2026-01-22,1,38,Chicken,203.15,1.0,0.997
2026-01-22,1,38,Cabbage,87.3,1.0,0.998
2026-01-22,1,39,Tomatoes,175.58,2.0,1.996
2026-01-22,1,39,Bangus,109.75,0.5,0.497
2026-01-22,1,40,Carrots,51.5,0.5,0.501
2026-01-22,1,40,Beef,424.65,1.0,0.998
2026-01-22,1,41,Cabbage,43.65,0.5,0.5
2026-01-22,1,41,Chicken,304.73,1.5,1.496
2026-01-22,1,42,Chicken,203.15,1.0,0.995
2026-01-22,1,42,Potatoes,185.67,1.5,1.495
2026-01-22,1,43,Chicken,304.73,1.5,1.492
2026-01-22,1,43,Chicken,203.15,1.0,0.993
2026-01-22,1,44,Bangus,329.25,1.5,1.493
2026-01-22,1,44,Potatoes,247.56,2.0,2.002
2026-01-22,1,45,Rice,46.64,1.0,1.0
2026-01-22,1,45,Bangus,439.0,2.0,1.986
2026-01-22,1,46,Cabbage,130.95,1.5,1.493
2026-01-22,1,46,Chicken,406.3,2.0,1.999
2026-01-22,1,47,Carrots,51.5,0.5,0.498
2026-01-22,1,47,Bangus,219.5,1.0,0.994
2026-01-23,2,1,Cabbage,175.16,1.5,1.502
2026-01-23,2,1,Rice,104.08,2.0,1.998
2026-01-23,2,2,Chicken,298.78,1.5,1.5
2026-01-23,2,2,Carrots,243.66,2.0,2.0
2026-01-23,2,3,Carrots,182.74,1.5,1.501
2026-01-23,2,3,Potatoes,95.27,1.0,0.999
2026-01-23,2,4,Potatoes,47.64,0.5,0.498
2026-01-23,2,4,Carrots,60.92,0.5,0.501
2026-01-23,2,5,Chicken,199.19,1.0,0.998
2026-01-23,2,5,Beef,753.92,2.0,2.002
2026-01-23,2,6,Carrots,121.83,1.0,0.993
2026-01-23,2,6,Beef,376.96,1.0,0.996
2026-01-23,2,7,Tomatoes,108.02,1.5,1.492
2026-01-23,2,7,Carrots,121.83,1.0,0.999
2026-01-23,2,8,Bangus,317.0,1.5,1.503
2026-01-23,2,8,Cabbage,116.77,1.0,0.997
2026-01-23,2,9,Bangus,317.0,1.5,1.499
2026-01-23,2,9,Tomatoes,144.02,2.0,1.992
2026-01-23,2,10,Chicken,99.6,0.5,0.501
2026-01-23,2,10,Beef,188.48,0.5,0.497
2026-01-23,2,11,Bangus,422.66,2.0,1.997
2026-01-23,2,11,Bangus,211.33,1.0,0.995
2026-01-23,2,12,Chicken,398.38,2.0,2.003
2026-01-23,2,12,Tomatoes,108.02,1.5,1.496
2026-01-23,2,13,Rice,78.06,1.5,1.492
2026-01-23,2,13,Carrots,121.83,1.0,1.001
2026-01-23,2,14,Carrots,243.66,2.0,1.993
2026-01-23,2,14,Beef,753.92,2.0,1.993
2026-01-23,2,15,Bangus,105.66,0.5,0.498
2026-01-23,2,15,Rice,52.04,1.0,0.998
2026-01-23,2,16,Chicken,199.19,1.0,0.997
2026-01-23,2,16,Potatoes,190.54,2.0,1.996
2026-01-23,2,17,Tomatoes,36.01,0.5,0.5
2026-01-23,2,17,Rice,52.04,1.0,0.996
2026-01-23,2,18,Potatoes,190.54,2.0,2.0
2026-01-23,2,18,Chicken,199.19,1.0,0.999
2026-01-23,2,19,Potatoes,95.27,1.0,1.001
2026-01-23,2,19,Chicken,298.78,1.5,1.494
2026-01-23,2,20,Cabbage,58.38,0.5,0.501
2026-01-23,2,20,Chicken,398.38,2.0,1.997
2026-01-23,2,21,Bangus,211.33,1.0,0.997
2026-01-23,2,21,Beef,753.92,2.0,2.003
2026-01-23,2,22,Rice,104.08,2.0,2.002
2026-01-23,2,22,Chicken,298.78,1.5,1.497
2026-01-23,2,23,Potatoes,142.9,1.5,1.504
2026-01-23,2,23,Tomatoes,108.02,1.5,1.5
2026-01-23,2,24,Chicken,199.19,1.0,0.994
2026-01-23,2,24,Carrots,182.74,1.5,1.492
2026-01-23,2,25,Cabbage,58.38,0.5,0.497
2026-01-23,2,25,Carrots,121.83,1.0,0.998
2026-01-23,2,26,Cabbage,116.77,1.0,0.993
2026-01-23,2,26,Carrots,182.74,1.5,1.499
2026-01-23,2,27,Potatoes,95.27,1.0,0.996
2026-01-23,2,27,Potatoes,95.27,1.0,0.993
2026-01-23,2,28,Chicken,398.38,2.0,1.997
2026-01-23,2,28,Carrots,60.92,0.5,0.497
2026-01-23,2,29,Cabbage,58.38,0.5,0.498
2026-01-23,2,29,Bangus,422.66,2.0,1.994
2026-01-23,2,30,Potatoes,95.27,1.0,0.995
2026-01-23,2,30,Tomatoes,72.01,1.0,0.996
2026-01-23,2,31,Rice,104.08,2.0,1.999
2026-01-23,2,31,Potatoes,142.9,1.5,1.497
2026-01-23,2,32,Chicken,99.6,0.5,0.499
2026-01-23,2,32,Beef,376.96,1.0,1.001
2026-01-23,2,33,Beef,753.92,2.0,1.992
2026-01-23,2,33,Rice,26.02,0.5,0.498
2026-01-23,2,34,Carrots,243.66,2.0,1.99
2026-01-23,2,34,Potatoes,190.54,2.0,2.002
2026-01-23,2,35,Carrots,121.83,1.0,1.002
2026-01-23,2,35,Beef,753.92,2.0,2.002
2026-01-23,2,36,Beef,188.48,0.5,0.497
2026-01-23,2,36,Cabbage,233.54,2.0,1.997
2026-01-23,2,37,Tomatoes,144.02,2.0,1.995
2026-01-23,2,37,Cabbage,58.38,0.5,0.498
2026-01-23,2,38,Potatoes,47.64,0.5,0.497
2026-01-23,2,38,Carrots,182.74,1.5,1.503
2026-01-23,2,39,Potatoes,142.9,1.5,1.503
2026-01-23,2,39,Cabbage,175.16,1.5,1.503
2026-01-23,2,40,Chicken,298.78,1.5,1.502
2026-01-23,2,40,Chicken,298.78,1.5,1.496
2026-01-23,2,41,Cabbage,233.54,2.0,1.997
2026-01-23,2,41,Bangus,211.33,1.0,1.001
2026-01-23,2,42,Bangus,422.66,2.0,2.003
2026-01-23,2,42,Chicken,398.38,2.0,1.996
2026-01-23,2,43,Bangus,211.33,1.0,0.995
2026-01-23,2,43,Cabbage,58.38,0.5,0.498
2026-01-26,3,1,Beef,440.93,1.0,1.0
2026-01-26,3,1,Cabbage,194.74,1.5,1.497
2026-01-26,3,2,Carrots,201.56,1.5,1.494
2026-01-26,3,2,Cabbage,129.83,1.0,0.997
2026-01-26,3,3,Chicken,94.38,0.5,0.501
2026-01-26,3,3,Bangus,86.84,0.5,0.499
2026-01-26,3,4,Cabbage,129.83,1.0,0.999
2026-01-26,3,4,Potatoes,135.87,1.5,1.493
2026-01-26,3,5,Beef,440.93,1.0,0.996
2026-01-26,3,5,Tomatoes,57.04,0.5,0.5
2026-01-26,3,6,Chicken,188.75,1.0,0.998
2026-01-26,3,6,Rice,109.02,2.0,1.997
2026-01-26,3,7,Rice,54.51,1.0,0.999
2026-01-26,3,7,Cabbage,194.74,1.5,1.49
2026-01-26,3,8,Potatoes,181.16,2.0,1.999
2026-01-26,3,8,Potatoes,45.29,0.5,0.501
2026-01-26,3,9,Chicken,377.5,2.0,2.005
2026-01-26,3,9,Bangus,347.36,2.0,1.989
2026-01-26,3,10,Carrots,67.18,0.5,0.498
2026-01-26,3,10,Cabbage,259.66,2.0,2.003
2026-01-26,3,11,Bangus,260.52,1.5,1.493
2026-01-26,3,11,Tomatoes,57.04,0.5,0.497
2026-01-26,3,12,Beef,881.86,2.0,1.993
2026-01-26,3,12,Chicken,283.12,1.5,1.5
2026-01-26,3,13,Tomatoes,114.08,1.0,0.999
2026-01-26,3,13,Carrots,67.18,0.5,0.501
2026-01-26,3,14,Bangus,173.68,1.0,0.998
2026-01-26,3,14,Cabbage,259.66,2.0,1.996
2026-01-26,3,15,Chicken,94.38,0.5,0.5
2026-01-26,3,15,Chicken,94.38,0.5,0.499
2026-01-26,3,16,Bangus,173.68,1.0,0.994
2026-01-26,3,16,Cabbage,64.92,0.5,0.499
2026-01-26,3,17,Beef,220.46,0.5,0.501
2026-01-26,3,17,Carrots,201.56,1.5,1.5
2026-01-26,3,18,Carrots,134.37,1.0,0.993
2026-01-26,3,18,Chicken,377.5,2.0,1.989
2026-01-26,3,19,Potatoes,181.16,2.0,1.987
2026-01-26,3,19,Potatoes,90.58,1.0,0.997
2026-01-26,3,20,Bangus,347.36,2.0,2.003
2026-01-26,3,20,Potatoes,181.16,2.0,2.001
2026-01-26,3,21,Potatoes,181.16,2.0,1.988
2026-01-26,3,21,Tomatoes,57.04,0.5,0.501
2026-01-26,3,22,Rice,109.02,2.0,2.001
2026-01-26,3,22,Rice,54.51,1.0,1.0
2026-01-26,3,23,Cabbage,129.83,1.0,0.996
2026-01-26,3,23,Chicken,188.75,1.0,0.998
2026-01-26,3,24,Cabbage,64.92,0.5,0.499
2026-01-26,3,24,Rice,81.76,1.5,1.494
2026-01-26,3,25,Beef,440.93,1.0,1.002
2026-01-26,3,25,Tomatoes,57.04,0.5,0.501
2026-01-26,3,26,Tomatoes,57.04,0.5,0.498
2026-01-26,3,26,Rice,54.51,1.0,1.002
2026-01-26,3,27,Cabbage,259.66,2.0,2.0
2026-01-26,3,27,Bangus,173.68,1.0,0.995
2026-01-26,3,28,Tomatoes,228.16,2.0,1.991
2026-01-26,3,28,Cabbage,259.66,2.0,2.003
2026-01-26,3,29,Tomatoes,114.08,1.0,1.002
2026-01-26,3,29,Chicken,94.38,0.5,0.499
2026-01-26,3,30,Bangus,347.36,2.0,1.986
2026-01-26,3,30,Rice,27.26,0.5,0.499
2026-01-26,3,31,Chicken,377.5,2.0,1.991
2026-01-26,3,31,Beef,661.4,1.5,1.5
2026-01-26,3,32,Cabbage,194.74,1.5,1.502
2026-01-26,3,32,Bangus,173.68,1.0,1.001
2026-01-26,3,33,Carrots,67.18,0.5,0.5
2026-01-26,3,33,Carrots,201.56,1.5,1.503
2026-01-26,3,34,Chicken,94.38,0.5,0.498
2026-01-26,3,34,Carrots,268.74,2.0,1.989
2026-01-26,3,35,Rice,27.26,0.5,0.499
2026-01-26,3,35,Tomatoes,171.12,1.5,1.492
2026-01-26,3,36,Bangus,260.52,1.5,1.503
2026-01-26,3,36,Cabbage,194.74,1.5,1.493
2026-01-26,3,37,Beef,220.46,0.5,0.498
2026-01-26,3,37,Beef,881.86,2.0,1.986
2026-01-27,4,1,Tomatoes,90.09,1.0,0.994
2026-01-27,4,1,Rice,100.82,2.0,1.998
2026-01-27,4,2,Potatoes,96.31,1.0,0.997
2026-01-27,4,2,Bangus,216.49,1.0,1.001
2026-01-27,4,3,Bangus,216.49,1.0,0.998
2026-01-27,4,3,Rice,50.41,1.0,0.994
2026-01-27,4,4,Tomatoes,45.04,0.5,0.496
2026-01-27,4,4,Chicken,108.95,0.5,0.497
2026-01-27,4,5,Carrots,47.62,0.5,0.497
2026-01-27,4,5,Potatoes,48.16,0.5,0.499
2026-01-27,4,6,Chicken,326.85,1.5,1.493
2026-01-27,4,6,Carrots,190.5,2.0,1.99
2026-01-27,4,7,Beef,351.71,1.0,1.001
2026-01-27,4,7,Rice,100.82,2.0,2.004
2026-01-27,4,8,Cabbage,268.08,2.0,1.995
2026-01-27,4,8,Carrots,47.62,0.5,0.5
2026-01-27,4,9,Beef,351.71,1.0,1.001
2026-01-27,4,9,Cabbage,201.06,1.5,1.5
2026-01-27,4,10,Carrots,95.25,1.0,0.999
2026-01-27,4,10,Beef,527.56,1.5,1.502
2026-01-27,4,11,Rice,50.41,1.0,0.999
2026-01-27,4,11,Rice,75.61,1.5,1.498
2026-01-27,4,12,Cabbage,268.08,2.0,2.001
2026-01-27,4,12,Bangus,324.74,1.5,1.494
2026-01-27,4,13,Cabbage,134.04,1.0,1.001
2026-01-27,4,13,Beef,527.56,1.5,1.504
2026-01-27,4,14,Carrots,190.5,2.0,2.002
2026-01-27,4,14,Potatoes,144.46,1.5,1.491
2026-01-27,4,15,Potatoes,48.16,0.5,0.499
2026-01-27,4,15,Potatoes,48.16,0.5,0.499
2026-01-27,4,16,Carrots,47.62,0.5,0.499
2026-01-27,4,16,Potatoes,192.62,2.0,2.002
2026-01-27,4,17,Bangus,216.49,1.0,1.001
2026-01-27,4,17,Bangus,108.24,0.5,0.5
2026-01-27,4,18,Cabbage,268.08,2.0,1.999
2026-01-27,4,18,Cabbage,201.06,1.5,1.494
2026-01-27,4,19,Tomatoes,45.04,0.5,0.5
2026-01-27,4,19,Bangus,108.24,0.5,0.499
2026-01-27,4,20,Potatoes,96.31,1.0,0.996
2026-01-27,4,20,Tomatoes,135.14,1.5,1.496
2026-01-27,4,21,Chicken,326.85,1.5,1.494
2026-01-27,4,21,Beef,351.71,1.0,1.0
2026-01-27,4,22,Potatoes,192.62,2.0,2.001
2026-01-27,4,22,Chicken,435.8,2.0,1.99
2026-01-27,4,23,Tomatoes,135.14,1.5,1.491
2026-01-27,4,23,Chicken,435.8,2.0,2.001
2026-01-27,4,24,Beef,351.71,1.0,0.998
2026-01-27,4,24,Chicken,326.85,1.5,1.501
2026-01-27,4,25,Chicken,108.95,0.5,0.498
2026-01-27,4,25,Rice,100.82,2.0,1.987
2026-01-27,4,26,Cabbage,67.02,0.5,0.499
2026-01-27,4,26,Beef,703.42,2.0,1.996
2026-01-27,4,27,Beef,527.56,1.5,1.493
2026-01-27,4,27,Chicken,326.85,1.5,1.494
2026-01-27,4,28,Chicken,326.85,1.5,1.501
2026-01-27,4,28,Bangus,324.74,1.5,1.496
2026-01-27,4,29,Carrots,142.88,1.5,1.495
2026-01-27,4,29,Beef,175.86,0.5,0.497
2026-01-27,4,30,Carrots,190.5,2.0,1.986
2026-01-27,4,30,Carrots,47.62,0.5,0.499
2026-01-27,4,31,Chicken,435.8,2.0,1.995
2026-01-27,4,31,Beef,527.56,1.5,1.494
2026-01-27,4,32,Bangus,108.24,0.5,0.5
2026-01-27,4,32,Tomatoes,45.04,0.5,0.499
2026-01-27,4,33,Potatoes,48.16,0.5,0.501
2026-01-27,4,33,Tomatoes,180.18,2.0,1.997
2026-01-27,4,34,Chicken,435.8,2.0,1.991
2026-01-27,4,34,Tomatoes,90.09,1.0,0.998
2026-01-27,4,35,Rice,25.2,0.5,0.497
2026-01-27,4,35,Rice,100.82,2.0,1.996
2026-01-27,4,36,Tomatoes,135.14,1.5,1.489
2026-01-27,4,36,Cabbage,268.08,2.0,2.003
2026-01-27,4,37,Chicken,326.85,1.5,1.497
2026-01-27,4,37,Tomatoes,180.18,2.0,1.998
2026-01-27,4,38,Chicken,108.95,0.5,0.497
2026-01-27,4,38,Tomatoes,180.18,2.0,1.998
2026-01-27,4,39,Tomatoes,135.14,1.5,1.493
2026-01-27,4,39,Bangus,216.49,1.0,0.995
2026-01-27,4,40,Chicken,108.95,0.5,0.499
2026-01-27,4,40,Carrots,47.62,0.5,0.5
2026-01-27,4,41,Beef,175.86,0.5,0.5
2026-01-27,4,41,Cabbage,201.06,1.5,1.489
2026-01-27,4,42,Rice,100.82,2.0,1.987
2026-01-27,4,42,Chicken,217.9,1.0,0.998
2026-01-27,4,43,Chicken,108.95,0.5,0.497
2026-01-27,4,43,Tomatoes,45.04,0.5,0.499
2026-01-27,4,44,Carrots,47.62,0.5,0.497
2026-01-27,4,44,Potatoes,48.16,0.5,0.501
2026-01-27,4,45,Cabbage,268.08,2.0,1.995
2026-01-27,4,45,Tomatoes,135.14,1.5,1.5
2026-01-27,4,46,Potatoes,144.46,1.5,1.498
2026-01-27,4,46,Potatoes,96.31,1.0,0.994
2026-01-28,5,1,Rice,113.04,2.0,1.994
2026-01-28,5,1,Beef,195.99,0.5,0.5
2026-01-28,5,2,Cabbage,168.32,1.5,1.499
2026-01-28,5,2,Potatoes,67.32,0.5,0.501
2026-01-28,5,3,Bangus,99.33,0.5,0.496
2026-01-28,5,3,Tomatoes,149.76,2.0,1.989
2026-01-28,5,4,Carrots,103.33,1.0,0.997
2026-01-28,5,4,Cabbage,168.32,1.5,1.499
2026-01-28,5,5,Cabbage,224.42,2.0,2.004
2026-01-28,5,5,Bangus,198.66,1.0,1.001
2026-01-28,5,6,Bangus,297.99,1.5,1.494
2026-01-28,5,6,Beef,391.98,1.0,0.997
2026-01-28,5,7,Bangus,297.99,1.5,1.498
2026-01-28,5,7,Rice,84.78,1.5,1.499
2026-01-28,5,8,Carrots,206.66,2.0,1.991
2026-01-28,5,8,Potatoes,201.96,1.5,1.497
2026-01-28,5,9,Rice,56.52,1.0,0.993
2026-01-28,5,9,Chicken,367.8,2.0,2.0
2026-01-28,5,10,Bangus,297.99,1.5,1.493
2026-01-28,5,10,Tomatoes,149.76,2.0,2.002
2026-01-28,5,11,Carrots,155.0,1.5,1.502
2026-01-28,5,11,Potatoes,67.32,0.5,0.497
2026-01-28,5,12,Tomatoes,37.44,0.5,0.5
2026-01-28,5,12,Bangus,198.66,1.0,0.995
2026-01-28,5,13,Bangus,99.33,0.5,0.496
2026-01-28,5,13,Potatoes,201.96,1.5,1.501
2026-01-28,5,14,Tomatoes,149.76,2.0,1.995
2026-01-28,5,14,Chicken,183.9,1.0,0.994
2026-01-28,5,15,Tomatoes,74.88,1.0,0.997
2026-01-28,5,15,Bangus,297.99,1.5,1.499
2026-01-28,5,16,Cabbage,56.1,0.5,0.501
2026-01-28,5,16,Carrots,51.66,0.5,0.497
2026-01-28,5,17,Rice,28.26,0.5,0.5
2026-01-28,5,17,Tomatoes,149.76,2.0,1.991
2026-01-28,5,18,Bangus,297.99,1.5,1.49
2026-01-28,5,18,Beef,783.96,2.0,1.992
2026-01-28,5,19,Rice,84.78,1.5,1.499
2026-01-28,5,19,Carrots,155.0,1.5,1.489
2026-01-28,5,20,Potatoes,134.64,1.0,0.999
2026-01-28,5,20,Chicken,275.85,1.5,1.49
2026-01-28,5,21,Chicken,275.85,1.5,1.503
2026-01-28,5,21,Chicken,183.9,1.0,0.998
2026-01-28,5,22,Tomatoes,37.44,0.5,0.498
2026-01-28,5,22,Beef,587.97,1.5,1.493
2026-01-28,5,23,Carrots,51.66,0.5,0.499
2026-01-28,5,23,Rice,84.78,1.5,1.492
2026-01-28,5,24,Chicken,367.8,2.0,2.004
2026-01-28,5,24,Cabbage,224.42,2.0,2.0
2026-01-28,5,25,Bangus,99.33,0.5,0.497
2026-01-28,5,25,Potatoes,269.28,2.0,1.985
2026-01-28,5,26,Rice,113.04,2.0,1.996
2026-01-28,5,26,Bangus,397.32,2.0,1.988
2026-01-28,5,27,Potatoes,269.28,2.0,1.998
2026-01-28,5,27,Tomatoes,112.32,1.5,1.502
2026-01-28,5,28,Chicken,183.9,1.0,1.0
2026-01-28,5,28,Carrots,51.66,0.5,0.497
2026-01-28,5,29,Chicken,91.95,0.5,0.499
2026-01-28,5,29,Tomatoes,149.76,2.0,2.001
2026-01-28,5,30,Potatoes,201.96,1.5,1.502
2026-01-28,5,30,Carrots,51.66,0.5,0.498
2026-01-28,5,31,Cabbage,224.42,2.0,1.987
2026-01-28,5,31,Beef,195.99,0.5,0.498
2026-01-28,5,32,Tomatoes,74.88,1.0,0.996
2026-01-28,5,32,Carrots,206.66,2.0,1.996
2026-01-28,5,33,Tomatoes,149.76,2.0,1.985
2026-01-28,5,33,Rice,28.26,0.5,0.497
2026-01-28,5,34,Tomatoes,37.44,0.5,0.499
2026-01-28,5,34,Rice,28.26,0.5,0.498
2026-01-28,5,35,Rice,56.52,1.0,1.002
2026-01-28,5,35,Beef,783.96,2.0,1.988
2026-01-28,5,36,Chicken,275.85,1.5,1.501
2026-01-28,5,36,Carrots,51.66,0.5,0.5
2026-01-28,5,37,Cabbage,112.21,1.0,0.996
2026-01-28,5,37,Tomatoes,37.44,0.5,0.498
2026-01-28,5,38,Chicken,367.8,2.0,1.99
2026-01-28,5,38,Cabbage,56.1,0.5,0.5
2026-01-28,5,39,Rice,84.78,1.5,1.49
2026-01-28,5,39,Chicken,183.9,1.0,0.995
2026-01-28,5,40,Cabbage,56.1,0.5,0.5
2026-01-28,5,40,Bangus,198.66,1.0,0.998
2026-01-28,5,41,Chicken,275.85,1.5,1.502
2026-01-28,5,41,Rice,28.26,0.5,0.497
2026-01-28,5,42,Tomatoes,149.76,2.0,1.997
2026-01-28,5,42,Cabbage,112.21,1.0,0.998
2026-01-28,5,43,Rice,113.04,2.0,1.997
2026-01-28,5,43,Chicken,275.85,1.5,1.496
2026-01-28,5,44,Carrots,51.66,0.5,0.501
2026-01-28,5,44,Rice,84.78,1.5,1.5
2026-01-28,5,45,Beef,783.96,2.0,1.997
2026-01-28,5,45,Cabbage,168.32,1.5,1.491
2026-01-29,1,1,Cabbage,124.89,1.5,1.503
2026-01-29,1,1,Carrots,287.02,2.0,1.993
2026-01-29,1,2,Tomatoes,209.72,2.0,1.987
2026-01-29,1,2,Rice,77.31,1.5,1.49
2026-01-29,1,3,Cabbage,124.89,1.5,1.491
2026-01-29,1,3,Cabbage,83.26,1.0,0.999
2026-01-29,1,4,Chicken,217.8,1.0,0.999
2026-01-29,1,4,Rice,77.31,1.5,1.501
2026-01-29,1,5,Chicken,108.9,0.5,0.499
2026-01-29,1,5,Carrots,71.76,0.5,0.499
2026-01-29,1,6,Chicken,435.6,2.0,1.994
2026-01-29,1,6,Potatoes,142.9,1.5,1.498
2026-01-29,1,7,Tomatoes,209.72,2.0,2.002
2026-01-29,1,7,Tomatoes,52.43,0.5,0.497
2026-01-29,1,8,Tomatoes,52.43,0.5,0.5
2026-01-29,1,8,Beef,366.99,1.0,0.993
2026-01-29,1,9,Potatoes,190.54,2.0,2.005
2026-01-29,1,9,Cabbage,41.63,0.5,0.496
2026-01-29,1,10,Beef,183.5,0.5,0.499
2026-01-29,1,10,Carrots,287.02,2.0,1.985
2026-01-29,1,11,Carrots,287.02,2.0,1.991
2026-01-29,1,11,Carrots,287.02,2.0,1.999
2026-01-29,1,12,Bangus,100.92,0.5,0.498
2026-01-29,1,12,Tomatoes,52.43,0.5,0.499
2026-01-29,1,13,Beef,366.99,1.0,0.996
2026-01-29,1,13,Tomatoes,52.43,0.5,0.5
2026-01-29,1,14,Bangus,403.66,2.0,1.995
2026-01-29,1,14,Cabbage,124.89,1.5,1.499
2026-01-29,1,15,Chicken,217.8,1.0,0.998
2026-01-29,1,15,Carrots,143.51,1.0,1.001
2026-01-29,1,16,Chicken,217.8,1.0,0.993
2026-01-29,1,16,Potatoes,190.54,2.0,2.0
2026-01-29,1,17,Chicken,217.8,1.0,1.001
2026-01-29,1,17,Chicken,435.6,2.0,1.997
2026-01-29,1,18,Chicken,108.9,0.5,0.5
2026-01-29,1,18,Chicken,326.7,1.5,1.49
2026-01-29,1,19,Potatoes,142.9,1.5,1.492
2026-01-29,1,19,Carrots,71.76,0.5,0.501
2026-01-29,1,20,Rice,77.31,1.5,1.497
2026-01-29,1,20,Tomatoes,209.72,2.0,1.986
2026-01-29,1,21,Bangus,302.74,1.5,1.495
2026-01-29,1,21,Chicken,435.6,2.0,1.986
2026-01-29,1,22,Cabbage,124.89,1.5,1.489
2026-01-29,1,22,Rice,51.54,1.0,1.0
2026-01-29,1,23,Beef,366.99,1.0,0.997
2026-01-29,1,23,Chicken,326.7,1.5,1.493
2026-01-29,1,24,Potatoes,190.54,2.0,1.992
2026-01-29,1,24,Beef,366.99,1.0,0.996
2026-01-29,1,25,Tomatoes,209.72,2.0,1.99
2026-01-29,1,25,Carrots,287.02,2.0,1.996
2026-01-29,1,26,Tomatoes,52.43,0.5,0.496
2026-01-29,1,26,Potatoes,190.54,2.0,1.999
2026-01-29,1,27,Bangus,201.83,1.0,1.002
2026-01-29,1,27,Rice,103.08,2.0,2.001
2026-01-29,1,28,Cabbage,124.89,1.5,1.496
2026-01-29,1,28,Carrots,143.51,1.0,0.993
2026-01-29,1,29,Carrots,143.51,1.0,1.001
2026-01-29,1,29,Rice,25.77,0.5,0.499
2026-01-29,1,30,Rice,103.08,2.0,1.999
2026-01-29,1,30,Bangus,201.83,1.0,1.001
2026-01-29,1,31,Potatoes,47.64,0.5,0.498
2026-01-29,1,31,Carrots,71.76,0.5,0.497
2026-01-29,1,32,Beef,550.48,1.5,1.499
2026-01-29,1,32,Potatoes,47.64,0.5,0.496
2026-01-30,2,1,Tomatoes,140.5,1.5,1.494
2026-01-30,2,1,Potatoes,181.66,1.5,1.498
2026-01-30,2,2,Tomatoes,140.5,1.5,1.489
2026-01-30,2,2,Rice,51.75,1.0,0.994
2026-01-30,2,3,Cabbage,153.88,1.5,1.5
2026-01-30,2,3,Tomatoes,187.34,2.0,1.994
2026-01-30,2,4,Tomatoes,46.84,0.5,0.5
2026-01-30,2,4,Carrots,198.98,2.0,1.992
2026-01-30,2,5,Chicken,104.62,0.5,0.497
2026-01-30,2,5,Tomatoes,187.34,2.0,1.997
2026-01-30,2,6,Tomatoes,93.67,1.0,0.997
2026-01-30,2,6,Chicken,209.24,1.0,0.996
2026-01-30,2,7,Carrots,149.23,1.5,1.49
2026-01-30,2,7,Potatoes,60.56,0.5,0.501
2026-01-30,2,8,Beef,216.89,0.5,0.499
2026-01-30,2,8,Beef,433.78,1.0,0.994
2026-01-30,2,9,Rice,25.88,0.5,0.496
2026-01-30,2,9,Bangus,171.07,1.0,0.998
2026-01-30,2,10,Tomatoes,140.5,1.5,1.499
2026-01-30,2,10,Tomatoes,93.67,1.0,0.994
2026-01-30,2,11,Carrots,149.23,1.5,1.502
2026-01-30,2,11,Tomatoes,46.84,0.5,0.498
2026-01-30,2,12,Bangus,256.6,1.5,1.493
2026-01-30,2,12,Potatoes,181.66,1.5,1.501
2026-01-30,2,13,Carrots,198.98,2.0,1.994
2026-01-30,2,13,Rice,51.75,1.0,1.0
2026-01-30,2,14,Beef,216.89,0.5,0.5
2026-01-30,2,14,Cabbage,153.88,1.5,1.49
2026-01-30,2,15,Chicken,209.24,1.0,0.993
2026-01-30,2,15,Carrots,198.98,2.0,1.987
2026-01-30,2,16,Chicken,313.86,1.5,1.5
2026-01-30,2,16,Tomatoes,140.5,1.5,1.492
2026-01-30,2,17,Chicken,209.24,1.0,1.002
2026-01-30,2,17,Carrots,99.49,1.0,0.993
2026-01-30,2,18,Beef,433.78,1.0,0.994
2026-01-30,2,18,Potatoes,242.22,2.0,1.998
2026-01-30,2,19,Tomatoes,140.5,1.5,1.497
2026-01-30,2,19,Tomatoes,187.34,2.0,1.997
2026-01-30,2,20,Tomatoes,93.67,1.0,1.002
2026-01-30,2,20,Chicken,209.24,1.0,1.0
2026-01-30,2,21,Potatoes,60.56,0.5,0.501
2026-01-30,2,21,Beef,216.89,0.5,0.497
2026-01-30,2,22,Beef,216.89,0.5,0.497
2026-01-30,2,22,Tomatoes,187.34,2.0,1.989
2026-01-30,2,23,Rice,77.62,1.5,1.503
2026-01-30,2,23,Beef,433.78,1.0,0.993
2026-01-30,2,24,Cabbage,205.18,2.0,1.991
2026-01-30,2,24,Tomatoes,140.5,1.5,1.498
2026-01-30,2,25,Bangus,171.07,1.0,0.995
2026-01-30,2,25,Tomatoes,187.34,2.0,1.989
2026-01-30,2,26,Tomatoes,46.84,0.5,0.5
2026-01-30,2,26,Bangus,171.07,1.0,0.997
2026-01-30,2,27,Potatoes,121.11,1.0,0.997
2026-01-30,2,27,Tomatoes,187.34,2.0,1.997
2026-01-30,2,28,Beef,650.67,1.5,1.502
2026-01-30,2,28,Tomatoes,187.34,2.0,1.989
2026-01-30,2,29,Tomatoes,187.34,2.0,1.992
2026-01-30,2,29,Chicken,209.24,1.0,0.993
2026-01-30,2,30,Rice,103.5,2.0,2.002
2026-01-30,2,30,Bangus,256.6,1.5,1.491
2026-01-30,2,31,Carrots,99.49,1.0,0.999
2026-01-30,2,31,Rice,77.62,1.5,1.497
2026-01-30,2,32,Tomatoes,187.34,2.0,2.005
2026-01-30,2,32,Chicken,104.62,0.5,0.498
2026-01-30,2,33,Beef,433.78,1.0,1.0
2026-01-30,2,33,Rice,77.62,1.5,1.502
2026-01-30,2,34,Cabbage,51.3,0.5,0.498
2026-01-30,2,34,Carrots,99.49,1.0,1.001
2026-01-30,2,35,Rice,77.62,1.5,1.493
2026-01-30,2,35,Beef,650.67,1.5,1.493
2026-01-30,2,36,Tomatoes,140.5,1.5,1.494
2026-01-30,2,36,Chicken,209.24,1.0,0.997
2026-01-30,2,37,Beef,650.67,1.5,1.497
2026-01-30,2,37,Carrots,99.49,1.0,1.0
2026-01-30,2,38,Carrots,198.98,2.0,1.989
2026-01-30,2,38,Bangus,342.14,2.0,1.99
2026-02-02,3,1,Tomatoes,56.46,0.5,0.498
2026-02-02,3,1,Bangus,267.57,1.5,1.5
2026-02-02,3,2,Beef,891.52,2.0,1.987
2026-02-02,3,2,Tomatoes,225.82,2.0,1.985
2026-02-02,3,3,Chicken,324.52,1.5,1.499
2026-02-02,3,3,Beef,222.88,0.5,0.5
2026-02-02,3,4,Tomatoes,56.46,0.5,0.5
2026-02-02,3,4,Rice,94.82,2.0,1.999
2026-02-02,3,5,Rice,23.7,0.5,0.498
2026-02-02,3,5,Chicken,432.7,2.0,1.99
2026-02-02,3,6,Potatoes,116.41,1.0,0.998
2026-02-02,3,6,Potatoes,232.82,2.0,1.986
2026-02-02,3,7,Potatoes,232.82,2.0,1.998
2026-02-02,3,7,Potatoes,232.82,2.0,2.001
2026-02-02,3,8,Potatoes,116.41,1.0,0.993
2026-02-02,3,8,Rice,23.7,0.5,0.497
2026-02-02,3,9,Carrots,72.02,0.5,0.497
2026-02-02,3,9,Potatoes,116.41,1.0,0.999
2026-02-02,3,10,Chicken,108.18,0.5,0.499
2026-02-02,3,10,Rice,94.82,2.0,2.0
2026-02-02,3,11,Rice,47.41,1.0,1.001
2026-02-02,3,11,Chicken,324.52,1.5,1.489
2026-02-02,3,12,Chicken,108.18,0.5,0.501
2026-02-02,3,12,Carrots,144.03,1.0,0.998
2026-02-02,3,13,Potatoes,116.41,1.0,0.995
2026-02-02,3,13,Carrots,144.03,1.0,0.994
2026-02-02,3,14,Chicken,432.7,2.0,2.004
2026-02-02,3,14,Rice,94.82,2.0,1.99
2026-02-02,3,15,Bangus,356.76,2.0,2.004
2026-02-02,3,15,Cabbage,237.26,2.0,1.993
2026-02-02,3,16,Tomatoes,225.82,2.0,1.995
2026-02-02,3,16,Carrots,144.03,1.0,0.996
2026-02-02,3,17,Carrots,144.03,1.0,1.0
2026-02-02,3,17,Potatoes,116.41,1.0,0.994
2026-02-02,3,18,Rice,71.11,1.5,1.497
2026-02-02,3,18,Rice,47.41,1.0,0.994
2026-02-02,3,19,Carrots,288.06,2.0,1.997
2026-02-02,3,19,Carrots,144.03,1.0,0.997
2026-02-02,3,20,Bangus,267.57,1.5,1.492
2026-02-02,3,20,Tomatoes,225.82,2.0,2.0
2026-02-02,3,21,Bangus,89.19,0.5,0.497
2026-02-02,3,21,Tomatoes,225.82,2.0,1.988
2026-02-02,3,22,Bangus,89.19,0.5,0.5
2026-02-02,3,22,Carrots,288.06,2.0,2.002
2026-02-02,3,23,Cabbage,177.94,1.5,1.49
2026-02-02,3,23,Carrots,144.03,1.0,0.996
2026-02-02,3,24,Rice,47.41,1.0,0.999
2026-02-02,3,24,Rice,23.7,0.5,0.498
2026-02-02,3,25,Bangus,89.19,0.5,0.5
2026-02-02,3,25,Bangus,178.38,1.0,1.0
2026-02-02,3,26,Cabbage,118.63,1.0,0.999
2026-02-02,3,26,Tomatoes,225.82,2.0,1.987
2026-02-02,3,27,Carrots,144.03,1.0,0.993
2026-02-02,3,27,Chicken,216.35,1.0,1.0
2026-02-02,3,28,Carrots,72.02,0.5,0.501
2026-02-02,3,28,Beef,668.64,1.5,1.49
2026-02-02,3,29,Potatoes,174.62,1.5,1.498
2026-02-02,3,29,Chicken,432.7,2.0,2.003
2026-02-02,3,30,Bangus,267.57,1.5,1.496
2026-02-02,3,30,Chicken,108.18,0.5,0.501
2026-02-02,3,31,Rice,94.82,2.0,1.995
2026-02-02,3,31,Tomatoes,56.46,0.5,0.5
2026-02-02,3,32,Tomatoes,169.36,1.5,1.497
2026-02-02,3,32,Bangus,89.19,0.5,0.501
2026-02-02,3,33,Rice,71.11,1.5,1.49
2026-02-02,3,33,Beef,668.64,1.5,1.496
2026-02-02,3,34,Chicken,216.35,1.0,0.993
2026-02-02,3,34,Cabbage,59.32,0.5,0.497
2026-02-02,3,35,Potatoes,232.82,2.0,2.003
2026-02-02,3,35,Tomatoes,112.91,1.0,0.996
2026-02-02,3,36,Cabbage,59.32,0.5,0.499
2026-02-02,3,36,Potatoes,232.82,2.0,1.99
2026-02-02,3,37,Rice,47.41,1.0,1.0
2026-02-02,3,37,Potatoes,174.62,1.5,1.489
2026-02-02,3,38,Cabbage,59.32,0.5,0.497
2026-02-02,3,38,Bangus,356.76,2.0,1.996
2026-02-02,3,39,Chicken,216.35,1.0,1.002
2026-02-02,3,39,Beef,222.88,0.5,0.499
2026-02-02,3,40,Bangus,89.19,0.5,0.5
2026-02-02,3,40,Chicken,108.18,0.5,0.497
2026-02-02,3,41,Rice,23.7,0.5,0.497
2026-02-02,3,41,Rice,47.41,1.0,1.0
2026-02-02,3,42,Potatoes,58.2,0.5,0.496
2026-02-02,3,42,Beef,891.52,2.0,1.996
2026-02-02,3,43,Bangus,89.19,0.5,0.5
2026-02-02,3,43,Potatoes,58.2,0.5,0.5
2026-02-02,3,44,Beef,668.64,1.5,1.494
2026-02-02,3,44,Potatoes,58.2,0.5,0.497
2026-02-02,3,45,Rice,94.82,2.0,1.996
2026-02-02,3,45,Chicken,216.35,1.0,1.0
2026-02-02,3,46,Potatoes,232.82,2.0,1.988
2026-02-02,3,46,Carrots,288.06,2.0,1.989
2026-02-02,3,47,Potatoes,58.2,0.5,0.5
2026-02-02,3,47,Bangus,89.19,0.5,0.497
2026-02-02,3,48,Chicken,432.7,2.0,1.996
2026-02-02,3,48,Chicken,432.7,2.0,2.003
2026-02-02,3,49,Potatoes,58.2,0.5,0.501
2026-02-02,3,49,Beef,891.52,2.0,1.993
2026-02-02,3,50,Rice,94.82,2.0,1.999
2026-02-02,3,50,Beef,222.88,0.5,0.499
2026-02-03,4,1,Cabbage,47.64,0.5,0.498
2026-02-03,4,1,Rice,25.48,0.5,0.499
2026-02-03,4,2,Tomatoes,57.1,0.5,0.497
2026-02-03,4,2,Cabbage,47.64,0.5,0.497
2026-02-03,4,3,Beef,544.68,1.5,1.495
2026-02-03,4,3,Rice,101.9,2.0,1.986
2026-02-03,4,4,Carrots,205.32,2.0,1.995
2026-02-03,4,4,Potatoes,141.06,1.5,1.498
2026-02-03,4,5,Tomatoes,228.4,2.0,2.001
2026-02-03,4,5,Tomatoes,228.4,2.0,1.987
2026-02-03,4,6,Beef,181.56,0.5,0.498
2026-02-03,4,6,Carrots,153.99,1.5,1.502
2026-02-03,4,7,Rice,25.48,0.5,0.499
2026-02-03,4,7,Chicken,307.52,1.5,1.493
2026-02-03,4,8,Cabbage,190.56,2.0,1.987
2026-02-03,4,8,Bangus,291.1,1.5,1.494
2026-02-03,4,9,Cabbage,142.92,1.5,1.501
2026-02-03,4,9,Beef,544.68,1.5,1.495
2026-02-03,4,10,Chicken,307.52,1.5,1.502
2026-02-03,4,10,Tomatoes,114.2,1.0,0.998
2026-02-03,4,11,Chicken,205.01,1.0,0.998
2026-02-03,4,11,Tomatoes,114.2,1.0,1.001
2026-02-03,4,12,Carrots,205.32,2.0,1.997
2026-02-03,4,12,Cabbage,95.28,1.0,1.001
2026-02-03,4,13,Bangus,291.1,1.5,1.502
2026-02-03,4,13,Potatoes,47.02,0.5,0.498
2026-02-03,4,14,Carrots,102.66,1.0,0.998
2026-02-03,4,14,Beef,544.68,1.5,1.496
2026-02-03,4,15,Cabbage,190.56,2.0,1.995
2026-02-03,4,15,Bangus,97.04,0.5,0.5
2026-02-03,4,16,Rice,25.48,0.5,0.498
2026-02-03,4,16,Tomatoes,114.2,1.0,0.998
2026-02-03,4,17,Potatoes,47.02,0.5,0.5
2026-02-03,4,17,Carrots,205.32,2.0,1.993
2026-02-03,4,18,Potatoes,141.06,1.5,1.501
2026-02-03,4,18,Tomatoes,114.2,1.0,1.001
2026-02-03,4,19,Tomatoes,57.1,0.5,0.498
2026-02-03,4,19,Cabbage,95.28,1.0,0.994
2026-02-03,4,20,Potatoes,94.04,1.0,0.996
2026-02-03,4,20,Tomatoes,228.4,2.0,2.004
2026-02-03,4,21,Bangus,291.1,1.5,1.498
2026-02-03,4,21,Chicken,205.01,1.0,0.994
2026-02-03,4,22,Bangus,291.1,1.5,1.49
2026-02-03,4,22,Chicken,307.52,1.5,1.494
2026-02-03,4,23,Beef,544.68,1.5,1.491
2026-02-03,4,23,Cabbage,142.92,1.5,1.49
2026-02-03,4,24,Rice,50.95,1.0,0.998
2026-02-03,4,24,Potatoes,47.02,0.5,0.499
2026-02-03,4,25,Rice,25.48,0.5,0.497
2026-02-03,4,25,Carrots,205.32,2.0,2.004
2026-02-03,4,26,Carrots,153.99,1.5,1.493
2026-02-03,4,26,Rice,76.43,1.5,1.494
2026-02-03,4,27,Potatoes,47.02,0.5,0.498
2026-02-03,4,27,Chicken,307.52,1.5,1.492
2026-02-03,4,28,Cabbage,190.56,2.0,1.994
2026-02-03,4,28,Potatoes,141.06,1.5,1.492
2026-02-03,4,29,Chicken,307.52,1.5,1.49
2026-02-03,4,29,Carrots,205.32,2.0,2.003
2026-02-03,4,30,Tomatoes,171.3,1.5,1.497
2026-02-03,4,30,Carrots,51.33,0.5,0.501
2026-02-03,4,31,Rice,25.48,0.5,0.497
2026-02-03,4,31,Chicken,307.52,1.5,1.491
2026-02-03,4,32,Tomatoes,57.1,0.5,0.501
2026-02-03,4,32,Rice,50.95,1.0,1.001
2026-02-03,4,33,Carrots,153.99,1.5,1.501
2026-02-03,4,33,Potatoes,47.02,0.5,0.497
2026-02-03,4,34,Cabbage,95.28,1.0,0.994
2026-02-03,4,34,Chicken,102.5,0.5,0.497
2026-02-03,4,35,Potatoes,47.02,0.5,0.497
2026-02-03,4,35,Potatoes,141.06,1.5,1.503
2026-02-03,4,36,Rice,101.9,2.0,1.989
2026-02-03,4,36,Bangus,388.14,2.0,2.003
2026-02-03,4,37,Carrots,153.99,1.5,1.497
2026-02-03,4,37,Bangus,97.04,0.5,0.499
2026-02-03,4,38,Bangus,388.14,2.0,1.985
2026-02-03,4,38,Potatoes,188.08,2.0,1.994
2026-02-03,4,39,Rice,25.48,0.5,0.5
2026-02-03,4,39,Carrots,153.99,1.5,1.502
2026-02-03,4,40,Chicken,410.02,2.0,1.991
2026-02-03,4,40,Tomatoes,171.3,1.5,1.502
2026-02-03,4,41,Tomatoes,57.1,0.5,0.497
2026-02-03,4,41,Cabbage,142.92,1.5,1.497
2026-02-04,5,1,Bangus,109.5,0.5,0.5
2026-02-04,5,1,Carrots,101.5,1.0,0.998
2026-02-04,5,2,Bangus,219.01,1.0,0.998
2026-02-04,5,2,Potatoes,130.67,1.0,0.997
2026-02-04,5,3,Bangus,438.02,2.0,1.99
2026-02-04,5,3,Bangus,328.52,1.5,1.498
2026-02-04,5,4,Tomatoes,49.0,0.5,0.501
2026-02-04,5,4,Beef,755.34,2.0,2.0
2026-02-04,5,5,Potatoes,65.33,0.5,0.5
2026-02-04,5,5,Rice,26.86,0.5,0.5
2026-02-04,5,6,Bangus,219.01,1.0,0.999
2026-02-04,5,6,Tomatoes,49.0,0.5,0.497
2026-02-04,5,7,Potatoes,65.33,0.5,0.497
2026-02-04,5,7,Tomatoes,98.01,1.0,0.994
2026-02-04,5,8,Carrots,101.5,1.0,0.995
2026-02-04,5,8,Beef,377.67,1.0,0.994
2026-02-04,5,9,Potatoes,196.0,1.5,1.494
2026-02-04,5,9,Potatoes,261.34,2.0,1.993
2026-02-04,5,10,Rice,53.72,1.0,1.0
2026-02-04,5,10,Potatoes,130.67,1.0,1.002
2026-02-04,5,11,Cabbage,133.38,1.5,1.496
2026-02-04,5,11,Beef,377.67,1.0,1.0
2026-02-04,5,12,Cabbage,177.84,2.0,2.005
2026-02-04,5,12,Chicken,291.63,1.5,1.491
2026-02-04,5,13,Potatoes,130.67,1.0,1.001
2026-02-04,5,13,Tomatoes,98.01,1.0,1.001
2026-02-04,5,14,Rice,107.44,2.0,1.986
2026-02-04,5,14,Carrots,203.0,2.0,2.003
2026-02-04,5,15,Chicken,97.21,0.5,0.5
2026-02-04,5,15,Cabbage,88.92,1.0,0.995
2026-02-04,5,16,Cabbage,44.46,0.5,0.497
2026-02-04,5,16,Rice,53.72,1.0,1.001
2026-02-04,5,17,Bangus,438.02,2.0,1.994
2026-02-04,5,17,Carrots,50.75,0.5,0.499
2026-02-04,5,18,Rice,80.58,1.5,1.501
2026-02-04,5,18,Beef,188.84,0.5,0.499
2026-02-04,5,19,Tomatoes,147.02,1.5,1.489
2026-02-04,5,19,Cabbage,177.84,2.0,1.995
2026-02-04,5,20,Carrots,203.0,2.0,1.992
2026-02-04,5,20,Potatoes,261.34,2.0,1.988
2026-02-04,5,21,Carrots,152.25,1.5,1.493
2026-02-04,5,21,Tomatoes,98.01,1.0,0.998
2026-02-04,5,22,Chicken,97.21,0.5,0.496
2026-02-04,5,22,Cabbage,44.46,0.5,0.497
2026-02-04,5,23,Bangus,328.52,1.5,1.499
2026-02-04,5,23,Chicken,291.63,1.5,1.504
2026-02-04,5,24,Cabbage,177.84,2.0,1.995
2026-02-04,5,24,Chicken,194.42,1.0,0.997
2026-02-04,5,25,Carrots,203.0,2.0,1.999
2026-02-04,5,25,Rice,53.72,1.0,1.002
2026-02-04,5,26,Carrots,50.75,0.5,0.501
2026-02-04,5,26,Bangus,328.52,1.5,1.498
2026-02-04,5,27,Cabbage,88.92,1.0,0.997
2026-02-04,5,27,Potatoes,130.67,1.0,0.993
2026-02-04,5,28,Potatoes,65.33,0.5,0.498
2026-02-04,5,28,Chicken,194.42,1.0,1.002
2026-02-04,5,29,Tomatoes,196.02,2.0,1.996
2026-02-04,5,29,Rice,80.58,1.5,1.499
2026-02-04,5,30,Rice,107.44,2.0,1.99
2026-02-04,5,30,Bangus,219.01,1.0,0.993
2026-02-04,5,31,Rice,53.72,1.0,1.0
2026-02-04,5,31,Chicken,291.63,1.5,1.49
2026-02-04,5,32,Chicken,97.21,0.5,0.499
2026-02-04,5,32,Rice,80.58,1.5,1.501
2026-02-04,5,33,Bangus,438.02,2.0,1.999
2026-02-04,5,33,Cabbage,133.38,1.5,1.503
2026-02-04,5,34,Rice,80.58,1.5,1.491
2026-02-04,5,34,Chicken,194.42,1.0,1.002
2026-02-04,5,35,Rice,53.72,1.0,1.002
2026-02-04,5,35,Carrots,50.75,0.5,0.498
2026-02-04,5,36,Tomatoes,49.0,0.5,0.498
2026-02-04,5,36,Bangus,328.52,1.5,1.496
2026-02-05,1,1,Bangus,107.7,0.5,0.499
2026-02-05,1,1,Beef,732.86,2.0,2.001
2026-02-05,1,2,Beef,366.43,1.0,0.997
2026-02-05,1,2,Bangus,215.4,1.0,0.996
2026-02-05,1,3,Tomatoes,41.16,0.5,0.497
2026-02-05,1,3,Beef,549.64,1.5,1.498
2026-02-05,1,4,Bangus,107.7,0.5,0.501
2026-02-05,1,4,Rice,23.59,0.5,0.5
2026-02-05,1,5,Cabbage,103.73,1.0,0.998
2026-02-05,1,5,Chicken,100.76,0.5,0.5
2026-02-05,1,6,Carrots,201.4,2.0,2.0
2026-02-05,1,6,Rice,47.18,1.0,0.999
2026-02-05,1,7,Cabbage,103.73,1.0,0.994
2026-02-05,1,7,Cabbage,155.6,1.5,1.493
2026-02-05,1,8,Chicken,201.53,1.0,1.002
2026-02-05,1,8,Tomatoes,123.48,1.5,1.5
2026-02-05,1,9,Tomatoes,164.64,2.0,1.989
2026-02-05,1,9,Tomatoes,164.64,2.0,2.002
2026-02-05,1,10,Tomatoes,41.16,0.5,0.497
2026-02-05,1,10,Chicken,100.76,0.5,0.498
2026-02-05,1,11,Rice,70.77,1.5,1.503
2026-02-05,1,11,Potatoes,279.04,2.0,1.988
2026-02-05,1,12,Bangus,107.7,0.5,0.497
2026-02-05,1,12,Potatoes,69.76,0.5,0.497
2026-02-05,1,13,Beef,183.22,0.5,0.497
2026-02-05,1,13,Rice,23.59,0.5,0.498
2026-02-05,1,14,Beef,549.64,1.5,1.496
2026-02-05,1,14,Beef,549.64,1.5,1.493
2026-02-05,1,15,Tomatoes,41.16,0.5,0.498
2026-02-05,1,15,Bangus,430.8,2.0,1.999
2026-02-05,1,16,Potatoes,279.04,2.0,2.005
2026-02-05,1,16,Tomatoes,164.64,2.0,2.002
2026-02-05,1,17,Bangus,215.4,1.0,0.996
2026-02-05,1,17,Chicken,100.76,0.5,0.5
2026-02-05,1,18,Bangus,215.4,1.0,0.997
2026-02-05,1,18,Beef,549.64,1.5,1.496
2026-02-05,1,19,Carrots,100.7,1.0,0.999
2026-02-05,1,19,Rice,47.18,1.0,0.999
2026-02-05,1,20,Carrots,151.05,1.5,1.493
2026-02-05,1,20,Potatoes,279.04,2.0,2.0
2026-02-05,1,21,Cabbage,155.6,1.5,1.494
2026-02-05,1,21,Chicken,302.3,1.5,1.498
2026-02-05,1,22,Beef,366.43,1.0,0.993
2026-02-05,1,22,Potatoes,209.28,1.5,1.503
2026-02-05,1,23,Tomatoes,164.64,2.0,1.994
2026-02-05,1,23,Chicken,201.53,1.0,1.0
2026-02-05,1,24,Rice,47.18,1.0,0.997
2026-02-05,1,24,Bangus,107.7,0.5,0.497
2026-02-05,1,25,Rice,23.59,0.5,0.499
2026-02-05,1,25,Cabbage,51.86,0.5,0.498
2026-02-05,1,26,Carrots,201.4,2.0,1.985
2026-02-05,1,26,Carrots,151.05,1.5,1.503
2026-02-05,1,27,Potatoes,69.76,0.5,0.498
2026-02-05,1,27,Beef,732.86,2.0,1.986
2026-02-05,1,28,Bangus,323.1,1.5,1.494
2026-02-05,1,28,Carrots,50.35,0.5,0.499
2026-02-05,1,29,Potatoes,209.28,1.5,1.493
2026-02-05,1,29,Chicken,100.76,0.5,0.499
2026-02-05,1,30,Rice,23.59,0.5,0.498
2026-02-05,1,30,Bangus,323.1,1.5,1.501
2026-02-06,2,1,Beef,407.99,1.0,0.998
2026-02-06,2,1,Tomatoes,85.79,1.0,0.999
2026-02-06,2,2,Beef,815.98,2.0,1.994
2026-02-06,2,2,Tomatoes,42.9,0.5,0.498
2026-02-06,2,3,Carrots,177.88,1.5,1.489
2026-02-06,2,3,Tomatoes,128.68,1.5,1.502
2026-02-06,2,4,Tomatoes,42.9,0.5,0.497
2026-02-06,2,4,Potatoes,136.59,1.5,1.496
2026-02-06,2,5,Chicken,286.73,1.5,1.497
2026-02-06,2,5,Cabbage,40.56,0.5,0.5
2026-02-06,2,6,Cabbage,40.56,0.5,0.5
2026-02-06,2,6,Cabbage,162.22,2.0,2.003
2026-02-06,2,7,Potatoes,91.06,1.0,1.002
2026-02-06,2,7,Carrots,59.3,0.5,0.496
2026-02-06,2,8,Bangus,280.62,1.5,1.496
2026-02-06,2,8,Rice,85.05,1.5,1.495
2026-02-06,2,9,Cabbage,121.66,1.5,1.492
2026-02-06,2,9,Chicken,286.73,1.5,1.491
2026-02-06,2,10,Potatoes,182.12,2.0,1.994
2026-02-06,2,10,Bangus,374.16,2.0,1.998
2026-02-06,2,11,Rice,28.35,0.5,0.501
2026-02-06,2,11,Tomatoes,85.79,1.0,0.996
2026-02-06,2,12,Rice,56.7,1.0,0.998
2026-02-06,2,12,Bangus,280.62,1.5,1.491
2026-02-06,2,13,Cabbage,81.11,1.0,0.997
2026-02-06,2,13,Chicken,191.15,1.0,0.996
2026-02-06,2,14,Carrots,177.88,1.5,1.495
2026-02-06,2,14,Chicken,191.15,1.0,0.994
2026-02-06,2,15,Carrots,59.3,0.5,0.499
2026-02-06,2,15,Chicken,382.3,2.0,1.993
2026-02-06,2,16,Bangus,187.08,1.0,1.0
2026-02-06,2,16,Bangus,93.54,0.5,0.501
2026-02-06,2,17,Chicken,191.15,1.0,1.0
2026-02-06,2,17,Rice,85.05,1.5,1.5
2026-02-06,2,18,Cabbage,81.11,1.0,0.995
2026-02-06,2,18,Bangus,93.54,0.5,0.499
2026-02-06,2,19,Carrots,59.3,0.5,0.497
2026-02-06,2,19,Beef,407.99,1.0,0.996
2026-02-06,2,20,Chicken,286.73,1.5,1.491
2026-02-06,2,20,Potatoes,45.53,0.5,0.499
2026-02-06,2,21,Cabbage,121.66,1.5,1.496
2026-02-06,2,21,Rice,56.7,1.0,0.998
2026-02-06,2,22,Rice,85.05,1.5,1.5
2026-02-06,2,22,Rice,113.4,2.0,1.998
2026-02-06,2,23,Carrots,118.59,1.0,0.993
2026-02-06,2,23,Rice,56.7,1.0,0.994
2026-02-06,2,24,Chicken,382.3,2.0,1.993
2026-02-06,2,24,Tomatoes,42.9,0.5,0.497
2026-02-06,2,25,Carrots,118.59,1.0,0.994
2026-02-06,2,25,Potatoes,45.53,0.5,0.499
2026-02-06,2,26,Cabbage,40.56,0.5,0.499
2026-02-06,2,26,Cabbage,81.11,1.0,0.995
2026-02-06,2,27,Bangus,280.62,1.5,1.491
2026-02-06,2,27,Carrots,177.88,1.5,1.493
2026-02-06,2,28,Carrots,237.18,2.0,1.994
2026-02-06,2,28,Tomatoes,128.68,1.5,1.498
2026-02-06,2,29,Potatoes,136.59,1.5,1.492
2026-02-06,2,29,Potatoes,182.12,2.0,1.995
2026-02-06,2,30,Cabbage,162.22,2.0,2.003
2026-02-06,2,30,Cabbage,40.56,0.5,0.498
2026-02-06,2,31,Rice,113.4,2.0,1.997
2026-02-06,2,31,Chicken,191.15,1.0,1.001
2026-02-06,2,32,Tomatoes,42.9,0.5,0.499
2026-02-06,2,32,Chicken,95.58,0.5,0.498
2026-02-06,2,33,Tomatoes,171.58,2.0,1.996
2026-02-06,2,33,Chicken,191.15,1.0,0.995
2026-02-06,2,34,Carrots,177.88,1.5,1.495
2026-02-06,2,34,Rice,85.05,1.5,1.491
2026-02-06,2,35,Chicken,95.58,0.5,0.498
2026-02-06,2,35,Chicken,382.3,2.0,2.002
2026-02-06,2,36,Potatoes,45.53,0.5,0.498
2026-02-06,2,36,Potatoes,182.12,2.0,1.997
2026-02-06,2,37,Carrots,237.18,2.0,1.991
2026-02-06,2,37,Carrots,177.88,1.5,1.491
2026-02-06,2,38,Carrots,177.88,1.5,1.504
2026-02-06,2,38,Potatoes,136.59,1.5,1.502
2026-02-06,2,39,Rice,28.35,0.5,0.501
2026-02-06,2,39,Rice,56.7,1.0,1.0
2026-02-09,3,1,Cabbage,174.78,2.0,1.992
2026-02-09,3,1,Carrots,110.49,1.0,0.999
2026-02-09,3,2,Beef,755.24,2.0,1.99
2026-02-09,3,2,Rice,29.99,0.5,0.498
2026-02-09,3,3,Beef,188.81,0.5,0.499
2026-02-09,3,3,Cabbage,131.08,1.5,1.501
2026-02-09,3,4,Rice,59.98,1.0,1.001
2026-02-09,3,4,Beef,188.81,0.5,0.497
2026-02-09,3,5,Chicken,366.6,2.0,1.995
2026-02-09,3,5,Carrots,220.98,2.0,1.992
2026-02-09,3,6,Bangus,189.41,1.0,1.001
2026-02-09,3,6,Potatoes,169.04,1.5,1.503
2026-02-09,3,7,Bangus,94.7,0.5,0.499
2026-02-09,3,7,Tomatoes,119.14,1.0,1.0
2026-02-09,3,8,Bangus,284.12,1.5,1.496
2026-02-09,3,8,Chicken,183.3,1.0,0.993
2026-02-09,3,9,Bangus,284.12,1.5,1.495
2026-02-09,3,9,Bangus,189.41,1.0,1.0
2026-02-09,3,10,Bangus,94.7,0.5,0.499
2026-02-09,3,10,Beef,755.24,2.0,1.998
2026-02-09,3,11,Carrots,165.74,1.5,1.502
2026-02-09,3,11,Beef,566.43,1.5,1.492
2026-02-09,3,12,Tomatoes,119.14,1.0,1.001
2026-02-09,3,12,Bangus,378.82,2.0,1.985
2026-02-09,3,13,Potatoes,112.69,1.0,0.995
2026-02-09,3,13,Cabbage,43.7,0.5,0.5
2026-02-09,3,14,Bangus,94.7,0.5,0.498
2026-02-09,3,14,Cabbage,87.39,1.0,0.994
2026-02-09,3,15,Bangus,94.7,0.5,0.499
2026-02-09,3,15,Chicken,91.65,0.5,0.501
2026-02-09,3,16,Cabbage,174.78,2.0,1.991
2026-02-09,3,16,Cabbage,87.39,1.0,0.997
2026-02-09,3,17,Tomatoes,238.28,2.0,1.99
2026-02-09,3,17,Tomatoes,119.14,1.0,0.997
2026-02-09,3,18,Tomatoes,178.71,1.5,1.491
2026-02-09,3,18,Tomatoes,59.57,0.5,0.497
2026-02-09,3,19,Chicken,183.3,1.0,0.994
2026-02-09,3,19,Chicken,183.3,1.0,1.001
2026-02-09,3,20,Bangus,378.82,2.0,1.986
2026-02-09,3,20,Rice,89.97,1.5,1.503
2026-02-09,3,21,Tomatoes,238.28,2.0,2.003
2026-02-09,3,21,Beef,566.43,1.5,1.501
2026-02-09,3,22,Cabbage,43.7,0.5,0.501
2026-02-09,3,22,Cabbage,87.39,1.0,0.998
2026-02-09,3,23,Carrots,110.49,1.0,0.996
2026-02-09,3,23,Chicken,183.3,1.0,1.001
2026-02-09,3,24,Tomatoes,119.14,1.0,1.0
2026-02-09,3,24,Beef,377.62,1.0,0.994
2026-02-09,3,25,Chicken,366.6,2.0,1.998
2026-02-09,3,25,Carrots,220.98,2.0,2.002
2026-02-09,3,26,Chicken,366.6,2.0,1.986
2026-02-09,3,26,Potatoes,56.34,0.5,0.499
2026-02-09,3,27,Potatoes,112.69,1.0,0.997
2026-02-09,3,27,Cabbage,43.7,0.5,0.5
2026-02-09,3,28,Cabbage,131.08,1.5,1.502
2026-02-09,3,28,Carrots,55.24,0.5,0.498
2026-02-09,3,29,Carrots,220.98,2.0,2.002
2026-02-09,3,29,Bangus,189.41,1.0,0.998
2026-02-09,3,30,Beef,377.62,1.0,0.998
2026-02-09,3,30,Rice,29.99,0.5,0.5
2026-02-09,3,31,Chicken,366.6,2.0,1.997
2026-02-09,3,31,Tomatoes,119.14,1.0,0.996
2026-02-09,3,32,Carrots,165.74,1.5,1.491
2026-02-09,3,32,Bangus,189.41,1.0,0.993
2026-02-09,3,33,Cabbage,131.08,1.5,1.496
2026-02-09,3,33,Bangus,189.41,1.0,0.998
2026-02-09,3,34,Rice,59.98,1.0,1.002
2026-02-09,3,34,Carrots,55.24,0.5,0.496
2026-02-09,3,35,Carrots,165.74,1.5,1.5
2026-02-09,3,35,Potatoes,169.04,1.5,1.503
2026-02-09,3,36,Bangus,284.12,1.5,1.497
2026-02-09,3,36,Potatoes,112.69,1.0,0.995
2026-02-09,3,37,Carrots,55.24,0.5,0.498
2026-02-09,3,37,Cabbage,131.08,1.5,1.5
2026-02-09,3,38,Potatoes,56.34,0.5,0.5
2026-02-09,3,38,Cabbage,43.7,0.5,0.499
2026-02-09,3,39,Chicken,183.3,1.0,0.994
2026-02-09,3,39,Cabbage,174.78,2.0,1.986
2026-02-09,3,40,Bangus,94.7,0.5,0.5
2026-02-09,3,40,Carrots,55.24,0.5,0.498
2026-02-09,3,41,Bangus,189.41,1.0,1.0
2026-02-09,3,41,Carrots,220.98,2.0,1.999
2026-02-09,3,42,Potatoes,56.34,0.5,0.5
2026-02-09,3,42,Chicken,274.95,1.5,1.491
2026-02-09,3,43,Potatoes,112.69,1.0,0.996
2026-02-09,3,43,Beef,755.24,2.0,2.0
2026-02-10,4,1,Potatoes,67.62,0.5,0.499
2026-02-10,4,1,Bangus,354.94,2.0,1.989
2026-02-10,4,2,Carrots,144.99,1.5,1.493
2026-02-10,4,2,Rice,74.46,1.5,1.499
2026-02-10,4,3,Potatoes,67.62,0.5,0.497
2026-02-10,4,3,Bangus,266.2,1.5,1.5
2026-02-10,4,4,Chicken,372.3,2.0,1.99
2026-02-10,4,4,Carrots,144.99,1.5,1.496
2026-02-10,4,5,Potatoes,270.48,2.0,1.993
2026-02-10,4,5,Tomatoes,73.33,1.0,0.995
2026-02-10,4,6,Carrots,96.66,1.0,0.994
2026-02-10,4,6,Beef,176.08,0.5,0.501
2026-02-10,4,7,Cabbage,60.2,0.5,0.498
2026-02-10,4,7,Chicken,93.08,0.5,0.5
2026-02-10,4,8,Bangus,177.47,1.0,1.001
2026-02-10,4,8,Bangus,88.74,0.5,0.496
2026-02-10,4,9,Rice,74.46,1.5,1.498
2026-02-10,4,9,Tomatoes,36.66,0.5,0.496
2026-02-10,4,10,Beef,176.08,0.5,0.501
2026-02-10,4,10,Cabbage,60.2,0.5,0.499
2026-02-10,4,11,Potatoes,67.62,0.5,0.498
2026-02-10,4,11,Beef,528.24,1.5,1.501
2026-02-10,4,12,Bangus,266.2,1.5,1.504
2026-02-10,4,12,Potatoes,67.62,0.5,0.498
2026-02-10,4,13,Beef,528.24,1.5,1.495
2026-02-10,4,13,Tomatoes,36.66,0.5,0.497
2026-02-10,4,14,Potatoes,270.48,2.0,1.992
2026-02-10,4,14,Potatoes,202.86,1.5,1.496
2026-02-10,4,15,Tomatoes,73.33,1.0,0.995
2026-02-10,4,15,Bangus,177.47,1.0,1.0
2026-02-10,4,16,Rice,49.64,1.0,0.995
2026-02-10,4,16,Tomatoes,110.0,1.5,1.495
2026-02-10,4,17,Cabbage,60.2,0.5,0.498
2026-02-10,4,17,Chicken,186.15,1.0,0.993
2026-02-10,4,18,Carrots,193.32,2.0,1.99
2026-02-10,4,18,Rice,99.28,2.0,2.004
2026-02-10,4,19,Cabbage,120.41,1.0,0.996
2026-02-10,4,19,Chicken,279.23,1.5,1.494
2026-02-10,4,20,Tomatoes,146.66,2.0,1.988
2026-02-10,4,20,Bangus,177.47,1.0,1.0
2026-02-10,4,21,Rice,74.46,1.5,1.494
2026-02-10,4,21,Rice,24.82,0.5,0.498
2026-02-10,4,22,Potatoes,270.48,2.0,1.987
2026-02-10,4,22,Cabbage,120.41,1.0,1.002
2026-02-10,4,23,Carrots,96.66,1.0,0.998
2026-02-10,4,23,Tomatoes,36.66,0.5,0.497
2026-02-10,4,24,Potatoes,67.62,0.5,0.499
2026-02-10,4,24,Beef,176.08,0.5,0.499
2026-02-10,4,25,Bangus,266.2,1.5,1.502
2026-02-10,4,25,Beef,176.08,0.5,0.499
2026-02-10,4,26,Bangus,266.2,1.5,1.492
2026-02-10,4,26,Rice,24.82,0.5,0.499
2026-02-10,4,27,Bangus,354.94,2.0,1.996
2026-02-10,4,27,Chicken,279.23,1.5,1.496
2026-02-10,4,28,Cabbage,120.41,1.0,0.997
2026-02-10,4,28,Tomatoes,73.33,1.0,0.995
2026-02-10,4,29,Tomatoes,36.66,0.5,0.5
2026-02-10,4,29,Cabbage,240.82,2.0,1.992
2026-02-10,4,30,Cabbage,60.2,0.5,0.496
2026-02-10,4,30,Beef,704.32,2.0,1.986
2026-02-10,4,31,Beef,352.16,1.0,0.995
2026-02-10,4,31,Beef,704.32,2.0,2.0
2026-02-10,4,32,Chicken,186.15,1.0,0.993
2026-02-10,4,32,Beef,704.32,2.0,1.998
2026-02-10,4,33,Rice,49.64,1.0,0.999
2026-02-10,4,33,Potatoes,67.62,0.5,0.497
2026-02-10,4,34,Carrots,96.66,1.0,0.997
2026-02-10,4,34,Rice,49.64,1.0,0.997
2026-02-10,4,35,Carrots,48.33,0.5,0.499
2026-02-10,4,35,Beef,704.32,2.0,1.995
2026-02-10,4,36,Cabbage,120.41,1.0,0.996
2026-02-10,4,36,Potatoes,135.24,1.0,0.998
2026-02-10,4,37,Tomatoes,73.33,1.0,0.997
2026-02-10,4,37,Carrots,48.33,0.5,0.499
2026-02-10,4,38,Cabbage,180.62,1.5,1.49
2026-02-10,4,38,Bangus,177.47,1.0,0.997
2026-02-10,4,39,Rice,74.46,1.5,1.497
2026-02-10,4,39,Cabbage,180.62,1.5,1.503
2026-02-10,4,40,Bangus,266.2,1.5,1.5
2026-02-10,4,40,Tomatoes,110.0,1.5,1.504
2026-02-10,4,41,Potatoes,202.86,1.5,1.491
2026-02-10,4,41,Cabbage,240.82,2.0,2.003
2026-02-10,4,42,Cabbage,180.62,1.5,1.494
2026-02-10,4,42,Carrots,96.66,1.0,0.994
2026-02-10,4,43,Bangus,266.2,1.5,1.497
2026-02-10,4,43,Rice,99.28,2.0,1.986
2026-02-10,4,44,Cabbage,60.2,0.5,0.5
2026-02-10,4,44,Carrots,48.33,0.5,0.497
2026-02-10,4,45,Beef,704.32,2.0,2.0
2026-02-10,4,45,Potatoes,135.24,1.0,0.996
2026-02-10,4,46,Carrots,96.66,1.0,0.996
2026-02-10,4,46,Bangus,266.2,1.5,1.495
2026-02-10,4,47,Cabbage,60.2,0.5,0.499
2026-02-10,4,47,Rice,24.82,0.5,0.497
2026-02-10,4,48,Cabbage,120.41,1.0,0.996
2026-02-10,4,48,Potatoes,135.24,1.0,0.993
2026-02-10,4,49,Carrots,193.32,2.0,1.993
2026-02-10,4,49,Rice,99.28,2.0,1.999
2026-02-10,4,50,Bangus,354.94,2.0,1.999
2026-02-10,4,50,Potatoes,270.48,2.0,1.99
2026-02-11,5,1,Cabbage,174.62,1.5,1.502
2026-02-11,5,1,Tomatoes,105.36,1.5,1.501
2026-02-11,5,2,Carrots,61.62,0.5,0.5
2026-02-11,5,2,Chicken,108.45,0.5,0.499
2026-02-11,5,3,Tomatoes,70.24,1.0,0.995
2026-02-11,5,3,Bangus,89.44,0.5,0.498
2026-02-11,5,4,Rice,29.81,0.5,0.498
2026-02-11,5,4,Chicken,433.8,2.0,1.991
2026-02-11,5,5,Cabbage,174.62,1.5,1.503
2026-02-11,5,5,Rice,59.62,1.0,0.994
2026-02-11,5,6,Cabbage,58.2,0.5,0.498
2026-02-11,5,6,Rice,59.62,1.0,0.993
2026-02-11,5,7,Bangus,89.44,0.5,0.5
2026-02-11,5,7,Carrots,61.62,0.5,0.498
2026-02-11,5,8,Beef,566.84,1.5,1.5
2026-02-11,5,8,Beef,377.89,1.0,0.993
2026-02-11,5,9,Cabbage,116.41,1.0,0.993
2026-02-11,5,9,Chicken,108.45,0.5,0.497
2026-02-11,5,10,Rice,89.43,1.5,1.493
2026-02-11,5,10,Bangus,178.88,1.0,0.999
2026-02-11,5,11,Rice,29.81,0.5,0.5
2026-02-11,5,11,Carrots,246.46,2.0,1.991
2026-02-11,5,12,Beef,188.94,0.5,0.499
2026-02-11,5,12,Tomatoes,70.24,1.0,0.994
2026-02-11,5,13,Beef,566.84,1.5,1.503
2026-02-11,5,13,Potatoes,46.62,0.5,0.501
2026-02-11,5,14,Carrots,246.46,2.0,2.002
2026-02-11,5,14,Chicken,433.8,2.0,1.994
2026-02-11,5,15,Chicken,216.9,1.0,0.995
2026-02-11,5,15,Bangus,268.32,1.5,1.496
2026-02-11,5,16,Rice,89.43,1.5,1.503
2026-02-11,5,16,Carrots,123.23,1.0,1.0
2026-02-11,5,17,Potatoes,93.23,1.0,0.995
2026-02-11,5,17,Bangus,89.44,0.5,0.497
2026-02-11,5,18,Rice,119.24,2.0,1.996
2026-02-11,5,18,Bangus,178.88,1.0,1.0
2026-02-11,5,19,Rice,89.43,1.5,1.503
2026-02-11,5,19,Potatoes,139.84,1.5,1.503
2026-02-11,5,20,Cabbage,58.2,0.5,0.5
2026-02-11,5,20,Beef,188.94,0.5,0.497
2026-02-11,5,21,Beef,566.84,1.5,1.495
2026-02-11,5,21,Potatoes,93.23,1.0,0.996
2026-02-11,5,22,Beef,377.89,1.0,1.0
2026-02-11,5,22,Chicken,216.9,1.0,0.999
2026-02-11,5,23,Carrots,61.62,0.5,0.5
2026-02-11,5,23,Bangus,357.76,2.0,1.995
2026-02-11,5,24,Carrots,123.23,1.0,0.999
2026-02-11,5,24,Bangus,268.32,1.5,1.499
2026-02-11,5,25,Carrots,61.62,0.5,0.496
2026-02-11,5,25,Carrots,61.62,0.5,0.498
2026-02-11,5,26,Tomatoes,35.12,0.5,0.498
2026-02-11,5,26,Tomatoes,35.12,0.5,0.498
2026-02-11,5,27,Chicken,216.9,1.0,0.993
2026-02-11,5,27,Beef,755.78,2.0,1.992
2026-02-11,5,28,Chicken,108.45,0.5,0.501
2026-02-11,5,28,Cabbage,232.82,2.0,1.99
2026-02-11,5,29,Tomatoes,140.48,2.0,1.988
2026-02-11,5,29,Chicken,108.45,0.5,0.499
2026-02-11,5,30,Tomatoes,105.36,1.5,1.494
2026-02-11,5,30,Bangus,268.32,1.5,1.491
2026-02-11,5,31,Tomatoes,70.24,1.0,1.001
2026-02-11,5,31,Beef,755.78,2.0,2.003
2026-02-11,5,32,Carrots,61.62,0.5,0.501
2026-02-11,5,32,Tomatoes,105.36,1.5,1.49
2026-02-11,5,33,Potatoes,186.46,2.0,2.001
2026-02-11,5,33,Beef,188.94,0.5,0.497
2026-02-11,5,34,Carrots,184.84,1.5,1.496
2026-02-11,5,34,Bangus,357.76,2.0,1.994
2026-02-11,5,35,Bangus,178.88,1.0,0.993
2026-02-11,5,35,Beef,377.89,1.0,0.995
2026-02-11,5,36,Beef,188.94,0.5,0.497
2026-02-11,5,36,Rice,29.81,0.5,0.501
2026-02-11,5,37,Cabbage,116.41,1.0,1.001
2026-02-11,5,37,Chicken,325.35,1.5,1.498
2026-02-11,5,38,Beef,188.94,0.5,0.499
2026-02-11,5,38,Tomatoes,105.36,1.5,1.5
2026-02-12,1,1,Bangus,101.26,0.5,0.501
2026-02-12,1,1,Beef,656.58,1.5,1.503
2026-02-12,1,2,Bangus,405.04,2.0,2.004
2026-02-12,1,2,Chicken,412.14,2.0,1.99
2026-02-12,1,3,Chicken,206.07,1.0,1.002
2026-02-12,1,3,Tomatoes,100.5,1.0,0.998
2026-02-12,1,4,Beef,875.44,2.0,2.0
2026-02-12,1,4,Tomatoes,150.75,1.5,1.499
2026-02-12,1,5,Chicken,309.1,1.5,1.5
2026-02-12,1,5,Tomatoes,201.0,2.0,2.003
2026-02-12,1,6,Bangus,303.78,1.5,1.496
2026-02-12,1,6,Chicken,309.1,1.5,1.503
2026-02-12,1,7,Chicken,309.1,1.5,1.489
2026-02-12,1,7,Rice,29.72,0.5,0.498
2026-02-12,1,8,Rice,29.72,0.5,0.497
2026-02-12,1,8,Carrots,49.6,0.5,0.501
2026-02-12,1,9,Tomatoes,201.0,2.0,1.99
2026-02-12,1,9,Carrots,49.6,0.5,0.497
2026-02-12,1,10,Bangus,405.04,2.0,1.99
2026-02-12,1,10,Beef,875.44,2.0,1.992
2026-02-12,1,11,Potatoes,161.7,1.5,1.501
2026-02-12,1,11,Bangus,405.04,2.0,2.002
2026-02-12,1,12,Chicken,206.07,1.0,0.995
2026-02-12,1,12,Cabbage,83.67,1.0,0.996
2026-02-12,1,13,Rice,89.14,1.5,1.501
2026-02-12,1,13,Chicken,412.14,2.0,2.004
2026-02-12,1,14,Rice,29.72,0.5,0.498
2026-02-12,1,14,Cabbage,167.34,2.0,2.004
2026-02-12,1,15,Bangus,405.04,2.0,2.004
2026-02-12,1,15,Potatoes,107.8,1.0,0.994
2026-02-12,1,16,Rice,89.14,1.5,1.501
2026-02-12,1,16,Bangus,202.52,1.0,0.998
2026-02-12,1,17,Potatoes,107.8,1.0,0.993
2026-02-12,1,17,Chicken,103.04,0.5,0.499
2026-02-12,1,18,Rice,29.72,0.5,0.499
2026-02-12,1,18,Tomatoes,150.75,1.5,1.496
2026-02-12,1,19,Rice,89.14,1.5,1.498
2026-02-12,1,19,Rice,118.86,2.0,1.994
2026-02-12,1,20,Tomatoes,201.0,2.0,1.994
2026-02-12,1,20,Bangus,405.04,2.0,1.998
2026-02-12,1,21,Rice,59.43,1.0,0.994
2026-02-12,1,21,Cabbage,41.84,0.5,0.5
2026-02-12,1,22,Beef,218.86,0.5,0.499
2026-02-12,1,22,Beef,437.72,1.0,0.994
2026-02-12,1,23,Rice,118.86,2.0,1.99
2026-02-12,1,23,Cabbage,167.34,2.0,1.992
2026-02-12,1,24,Bangus,101.26,0.5,0.498
2026-02-12,1,24,Cabbage,83.67,1.0,1.001
2026-02-12,1,25,Tomatoes,201.0,2.0,1.999
2026-02-12,1,25,Chicken,309.1,1.5,1.489
2026-02-12,1,26,Beef,437.72,1.0,0.996
2026-02-12,1,26,Potatoes,107.8,1.0,1.001
2026-02-12,1,27,Beef,656.58,1.5,1.503
2026-02-12,1,27,Beef,656.58,1.5,1.503
2026-02-12,1,28,Bangus,303.78,1.5,1.492
2026-02-12,1,28,Chicken,309.1,1.5,1.489
2026-02-12,1,29,Beef,218.86,0.5,0.497
2026-02-12,1,29,Chicken,103.04,0.5,0.499
2026-02-12,1,30,Bangus,405.04,2.0,2.004
2026-02-12,1,30,Bangus,101.26,0.5,0.498
2026-02-12,1,31,Chicken,206.07,1.0,0.995
2026-02-12,1,31,Potatoes,53.9,0.5,0.501
2026-02-13,2,1,Potatoes,67.39,0.5,0.499
2026-02-13,2,1,Carrots,56.08,0.5,0.5
2026-02-13,2,2,Beef,539.44,1.5,1.502
2026-02-13,2,2,Carrots,112.16,1.0,0.994
2026-02-13,2,3,Rice,119.26,2.0,1.986
2026-02-13,2,3,Chicken,102.72,0.5,0.497
2026-02-13,2,4,Rice,29.82,0.5,0.497
2026-02-13,2,4,Rice,29.82,0.5,0.497
2026-02-13,2,5,Beef,179.82,0.5,0.499
2026-02-13,2,5,Bangus,166.15,1.0,0.996
2026-02-13,2,6,Chicken,308.16,1.5,1.502
2026-02-13,2,6,Beef,359.63,1.0,0.999
2026-02-13,2,7,Carrots,224.32,2.0,1.996
2026-02-13,2,7,Chicken,410.88,2.0,1.992
2026-02-13,2,8,Potatoes,67.39,0.5,0.5
2026-02-13,2,8,Potatoes,202.17,1.5,1.49
2026-02-13,2,9,Rice,59.63,1.0,0.997
2026-02-13,2,9,Tomatoes,33.48,0.5,0.501
2026-02-13,2,10,Beef,539.44,1.5,1.499
2026-02-13,2,10,Cabbage,278.1,2.0,1.993
2026-02-13,2,11,Bangus,83.08,0.5,0.501
2026-02-13,2,11,Rice,89.44,1.5,1.501
2026-02-13,2,12,Cabbage,139.05,1.0,0.996
2026-02-13,2,12,Beef,719.26,2.0,2.001
2026-02-13,2,13,Rice,89.44,1.5,1.496
2026-02-13,2,13,Chicken,205.44,1.0,0.995
2026-02-13,2,14,Rice,29.82,0.5,0.497
2026-02-13,2,14,Bangus,166.15,1.0,1.002
2026-02-13,2,15,Beef,539.44,1.5,1.5
2026-02-13,2,15,Chicken,205.44,1.0,0.994
2026-02-13,2,16,Cabbage,208.58,1.5,1.496
2026-02-13,2,16,Beef,719.26,2.0,1.989
2026-02-13,2,17,Tomatoes,66.95,1.0,1.002
2026-02-13,2,17,Tomatoes,133.9,2.0,1.999
2026-02-13,2,18,Chicken,410.88,2.0,1.996
2026-02-13,2,18,Bangus,83.08,0.5,0.498
2026-02-13,2,19,Bangus,166.15,1.0,1.002
2026-02-13,2,19,Chicken,410.88,2.0,1.987
2026-02-13,2,20,Rice,119.26,2.0,1.999
2026-02-13,2,20,Bangus,166.15,1.0,1.0
2026-02-13,2,21,Potatoes,202.17,1.5,1.503
2026-02-13,2,21,Bangus,166.15,1.0,0.998
2026-02-13,2,22,Potatoes,269.56,2.0,1.998
2026-02-13,2,22,Carrots,112.16,1.0,0.998
2026-02-13,2,23,Chicken,102.72,0.5,0.498
2026-02-13,2,23,Bangus,166.15,1.0,0.993
2026-02-13,2,24,Bangus,249.23,1.5,1.492
2026-02-13,2,24,Carrots,56.08,0.5,0.501
2026-02-13,2,25,Potatoes,67.39,0.5,0.501
2026-02-13,2,25,Tomatoes,33.48,0.5,0.498
2026-02-13,2,26,Carrots,168.24,1.5,1.495
2026-02-13,2,26,Chicken,308.16,1.5,1.493
2026-02-13,2,27,Tomatoes,33.48,0.5,0.5
2026-02-13,2,27,Rice,89.44,1.5,1.495
2026-02-13,2,28,Tomatoes,100.43,1.5,1.502
2026-02-13,2,28,Rice,119.26,2.0,2.004
2026-02-13,2,29,Carrots,56.08,0.5,0.5
2026-02-13,2,29,Bangus,332.3,2.0,1.994
2026-02-13,2,30,Chicken,102.72,0.5,0.501
2026-02-13,2,30,Potatoes,202.17,1.5,1.5
2026-02-13,2,31,Beef,719.26,2.0,1.994
2026-02-13,2,31,Cabbage,278.1,2.0,1.999
2026-02-13,2,32,Carrots,224.32,2.0,1.996
2026-02-13,2,32,Potatoes,67.39,0.5,0.499
2026-02-13,2,33,Rice,59.63,1.0,0.997
2026-02-13,2,33,Bangus,249.23,1.5,1.496
2026-02-13,2,34,Rice,119.26,2.0,1.993
2026-02-13,2,34,Cabbage,278.1,2.0,1.993
2026-02-13,2,35,Bangus,249.23,1.5,1.495
2026-02-13,2,35,Rice,119.26,2.0,1.989
2026-02-13,2,36,Potatoes,67.39,0.5,0.499
2026-02-13,2,36,Bangus,83.08,0.5,0.499
2026-02-13,2,37,Bangus,166.15,1.0,0.994
2026-02-13,2,37,Carrots,224.32,2.0,1.986
2026-02-13,2,38,Tomatoes,100.43,1.5,1.493
2026-02-13,2,38,Beef,359.63,1.0,1.002
2026-02-13,2,39,Tomatoes,33.48,0.5,0.499
2026-02-13,2,39,Tomatoes,66.95,1.0,0.993
2026-02-13,2,40,Bangus,83.08,0.5,0.501
2026-02-13,2,40,Carrots,168.24,1.5,1.502
2026-02-13,2,41,Bangus,166.15,1.0,0.999
2026-02-13,2,41,Carrots,224.32,2.0,1.991
2026-02-13,2,42,Tomatoes,66.95,1.0,1.0
2026-02-13,2,42,Rice,59.63,1.0,0.997
2026-02-13,2,43,Beef,539.44,1.5,1.503
2026-02-13,2,43,Rice,119.26,2.0,2.002
2026-02-16,3,1,Chicken,404.12,2.0,1.988
2026-02-16,3,1,Rice,28.74,0.5,0.498
2026-02-16,3,2,Potatoes,211.58,2.0,1.998
2026-02-16,3,2,Beef,200.13,0.5,0.498
2026-02-16,3,3,Rice,28.74,0.5,0.5
2026-02-16,3,3,Potatoes,105.79,1.0,0.999
2026-02-16,3,4,Tomatoes,177.99,1.5,1.496
2026-02-16,3,4,Carrots,123.54,1.0,1.001
2026-02-16,3,5,Chicken,202.06,1.0,0.999
2026-02-16,3,5,Cabbage,107.06,1.0,1.0
2026-02-16,3,6,Cabbage,160.59,1.5,1.493
2026-02-16,3,6,Beef,200.13,0.5,0.501
2026-02-16,3,7,Carrots,185.31,1.5,1.492
2026-02-16,3,7,Rice,57.47,1.0,0.998
2026-02-16,3,8,Beef,400.26,1.0,1.0
2026-02-16,3,8,Potatoes,52.9,0.5,0.501
2026-02-16,3,9,Bangus,329.74,1.5,1.503
2026-02-16,3,9,Chicken,404.12,2.0,2.003
2026-02-16,3,10,Carrots,185.31,1.5,1.502
2026-02-16,3,10,Rice,86.2,1.5,1.494
2026-02-16,3,11,Cabbage,214.12,2.0,1.987
2026-02-16,3,11,Carrots,185.31,1.5,1.496
2026-02-16,3,12,Beef,400.26,1.0,0.999
2026-02-16,3,12,Bangus,439.66,2.0,1.994
2026-02-16,3,13,Cabbage,53.53,0.5,0.5
2026-02-16,3,13,Chicken,303.09,1.5,1.5
2026-02-16,3,14,Bangus,219.83,1.0,1.001
2026-02-16,3,14,Tomatoes,59.33,0.5,0.497
2026-02-16,3,15,Rice,114.94,2.0,2.003
2026-02-16,3,15,Cabbage,53.53,0.5,0.496
2026-02-16,3,16,Cabbage,107.06,1.0,0.994
2026-02-16,3,16,Tomatoes,59.33,0.5,0.497
2026-02-16,3,17,Cabbage,160.59,1.5,1.493
2026-02-16,3,17,Potatoes,105.79,1.0,0.997
2026-02-16,3,18,Carrots,185.31,1.5,1.502
2026-02-16,3,18,Rice,86.2,1.5,1.49
2026-02-16,3,19,Carrots,247.08,2.0,1.992
2026-02-16,3,19,Cabbage,53.53,0.5,0.499
2026-02-16,3,20,Rice,28.74,0.5,0.499
2026-02-16,3,20,Chicken,303.09,1.5,1.5
2026-02-16,3,21,Cabbage,107.06,1.0,0.994
2026-02-16,3,21,Rice,114.94,2.0,1.986
2026-02-16,3,22,Chicken,303.09,1.5,1.491
2026-02-16,3,22,Potatoes,52.9,0.5,0.5
2026-02-16,3,23,Chicken,202.06,1.0,0.995
2026-02-16,3,23,Bangus,219.83,1.0,0.998
2026-02-16,3,24,Carrots,247.08,2.0,1.987
2026-02-16,3,24,Rice,114.94,2.0,2.001
2026-02-16,3,25,Cabbage,160.59,1.5,1.495
2026-02-16,3,25,Bangus,219.83,1.0,1.002
2026-02-16,3,26,Tomatoes,177.99,1.5,1.496
2026-02-16,3,26,Beef,600.39,1.5,1.5
2026-02-16,3,27,Rice,86.2,1.5,1.497
2026-02-16,3,27,Tomatoes,237.32,2.0,2.002
2026-02-16,3,28,Beef,800.52,2.0,1.99
2026-02-16,3,28,Bangus,109.92,0.5,0.501
2026-02-16,3,29,Tomatoes,177.99,1.5,1.489
2026-02-16,3,29,Bangus,109.92,0.5,0.498
2026-02-16,3,30,Tomatoes,177.99,1.5,1.5
2026-02-16,3,30,Carrots,185.31,1.5,1.494
2026-02-16,3,31,Beef,200.13,0.5,0.499
2026-02-16,3,31,Carrots,61.77,0.5,0.499
2026-02-16,3,32,Rice,114.94,2.0,1.992
2026-02-16,3,32,Tomatoes,59.33,0.5,0.499
2026-02-16,3,33,Potatoes,105.79,1.0,0.997
2026-02-16,3,33,Tomatoes,118.66,1.0,0.995
2026-02-16,3,34,Chicken,202.06,1.0,0.998
2026-02-16,3,34,Cabbage,53.53,0.5,0.5
2026-02-16,3,35,Beef,800.52,2.0,1.988
2026-02-16,3,35,Cabbage,214.12,2.0,1.998
2026-02-16,3,36,Cabbage,107.06,1.0,0.998
2026-02-16,3,36,Tomatoes,237.32,2.0,1.994
2026-02-16,3,37,Rice,86.2,1.5,1.502
2026-02-16,3,37,Chicken,303.09,1.5,1.502
2026-02-16,3,38,Rice,57.47,1.0,0.993
2026-02-16,3,38,Cabbage,160.59,1.5,1.502
2026-02-16,3,39,Potatoes,52.9,0.5,0.497
2026-02-16,3,39,Beef,600.39,1.5,1.502
2026-02-17,4,1,Chicken,297.15,1.5,1.502
2026-02-17,4,1,Carrots,272.86,2.0,1.992
2026-02-17,4,2,Cabbage,55.72,0.5,0.497
2026-02-17,4,2,Carrots,272.86,2.0,2.001
2026-02-17,4,3,Rice,54.68,1.0,0.995
2026-02-17,4,3,Tomatoes,173.52,2.0,1.986
2026-02-17,4,4,Potatoes,105.32,1.0,0.993
2026-02-17,4,4,Chicken,396.2,2.0,1.994
2026-02-17,4,5,Carrots,204.64,1.5,1.493
2026-02-17,4,5,Bangus,389.42,2.0,2.001
2026-02-17,4,6,Cabbage,111.44,1.0,1.002
2026-02-17,4,6,Rice,54.68,1.0,0.998
2026-02-17,4,7,Potatoes,105.32,1.0,1.001
2026-02-17,4,7,Potatoes,157.98,1.5,1.493
2026-02-17,4,8,Beef,212.84,0.5,0.497
2026-02-17,4,8,Rice,109.36,2.0,1.998
2026-02-17,4,9,Beef,851.36,2.0,1.99
2026-02-17,4,9,Rice,27.34,0.5,0.497
2026-02-17,4,10,Beef,851.36,2.0,1.991
2026-02-17,4,10,Cabbage,111.44,1.0,1.0
2026-02-17,4,11,Beef,212.84,0.5,0.496
2026-02-17,4,11,Bangus,194.71,1.0,0.993
2026-02-17,4,12,Chicken,99.05,0.5,0.498
2026-02-17,4,12,Rice,109.36,2.0,1.996
2026-02-17,4,13,Potatoes,52.66,0.5,0.5
2026-02-17,4,13,Beef,425.68,1.0,0.996
2026-02-17,4,14,Bangus,194.71,1.0,0.994
2026-02-17,4,14,Potatoes,157.98,1.5,1.503
2026-02-17,4,15,Beef,425.68,1.0,1.001
2026-02-17,4,15,Potatoes,210.64,2.0,2.004
2026-02-17,4,16,Tomatoes,173.52,2.0,2.002
2026-02-17,4,16,Cabbage,167.16,1.5,1.498
2026-02-17,4,17,Carrots,136.43,1.0,0.998
2026-02-17,4,17,Rice,109.36,2.0,1.986
2026-02-17,4,18,Carrots,136.43,1.0,0.996
2026-02-17,4,18,Bangus,389.42,2.0,1.991
2026-02-17,4,19,Tomatoes,130.14,1.5,1.498
2026-02-17,4,19,Cabbage,111.44,1.0,0.997
2026-02-17,4,20,Tomatoes,43.38,0.5,0.496
2026-02-17,4,20,Rice,82.02,1.5,1.491
2026-02-17,4,21,Tomatoes,130.14,1.5,1.5
2026-02-17,4,21,Cabbage,55.72,0.5,0.497
2026-02-17,4,22,Tomatoes,43.38,0.5,0.497
2026-02-17,4,22,Bangus,97.36,0.5,0.499
2026-02-17,4,23,Rice,82.02,1.5,1.489
2026-02-17,4,23,Rice,82.02,1.5,1.496
2026-02-17,4,24,Tomatoes,86.76,1.0,1.002
2026-02-17,4,24,Beef,425.68,1.0,0.994
2026-02-17,4,25,Potatoes,105.32,1.0,0.993
2026-02-17,4,25,Cabbage,111.44,1.0,0.996
2026-02-17,4,26,Bangus,97.36,0.5,0.497
2026-02-17,4,26,Potatoes,210.64,2.0,1.994
2026-02-17,4,27,Potatoes,210.64,2.0,2.002
2026-02-17,4,27,Tomatoes,173.52,2.0,2.003
2026-02-17,4,28,Potatoes,105.32,1.0,0.999
2026-02-17,4,28,Chicken,297.15,1.5,1.489
2026-02-17,4,29,Rice,54.68,1.0,0.999
2026-02-17,4,29,Beef,425.68,1.0,0.998
2026-02-17,4,30,Potatoes,210.64,2.0,1.998
2026-02-17,4,30,Rice,27.34,0.5,0.498
2026-02-17,4,31,Cabbage,111.44,1.0,0.996
2026-02-17,4,31,Potatoes,210.64,2.0,2.005
2026-02-17,4,32,Potatoes,105.32,1.0,1.002
2026-02-17,4,32,Beef,212.84,0.5,0.499
2026-02-17,4,33,Chicken,99.05,0.5,0.497
2026-02-17,4,33,Beef,851.36,2.0,1.997
2026-02-17,4,34,Potatoes,105.32,1.0,0.998
2026-02-17,4,34,Beef,638.52,1.5,1.5
2026-02-17,4,35,Chicken,396.2,2.0,2.0
2026-02-17,4,35,Cabbage,222.88,2.0,1.988
2026-02-17,4,36,Beef,851.36,2.0,1.993
2026-02-17,4,36,Beef,638.52,1.5,1.5
2026-02-17,4,37,Bangus,194.71,1.0,0.997
2026-02-17,4,37,Chicken,297.15,1.5,1.503
2026-02-17,4,38,Cabbage,222.88,2.0,2.001
2026-02-17,4,38,Rice,27.34,0.5,0.501
2026-02-17,4,39,Beef,212.84,0.5,0.501
2026-02-17,4,39,Chicken,99.05,0.5,0.501
2026-02-17,4,40,Tomatoes,130.14,1.5,1.492
2026-02-17,4,40,Chicken,198.1,1.0,0.994
2026-02-18,5,1,Bangus,206.35,1.0,0.999
2026-02-18,5,1,Rice,47.5,1.0,0.999
2026-02-18,5,2,Potatoes,134.48,1.0,1.0
2026-02-18,5,2,Cabbage,62.14,0.5,0.498
2026-02-18,5,3,Carrots,54.47,0.5,0.499
2026-02-18,5,3,Chicken,364.64,2.0,2.001
2026-02-18,5,4,Chicken,364.64,2.0,1.99
2026-02-18,5,4,Tomatoes,91.77,1.0,1.002
2026-02-18,5,5,Tomatoes,137.66,1.5,1.496
2026-02-18,5,5,Potatoes,134.48,1.0,0.999
2026-02-18,5,6,Potatoes,134.48,1.0,0.996
2026-02-18,5,6,Tomatoes,91.77,1.0,0.998
2026-02-18,5,7,Cabbage,248.58,2.0,2.002
2026-02-18,5,7,Potatoes,134.48,1.0,0.999
2026-02-18,5,8,Rice,23.75,0.5,0.5
2026-02-18,5,8,Bangus,206.35,1.0,0.995
2026-02-18,5,9,Beef,185.7,0.5,0.499
2026-02-18,5,9,Rice,71.25,1.5,1.49
2026-02-18,5,10,Cabbage,62.14,0.5,0.499
2026-02-18,5,10,Cabbage,62.14,0.5,0.498
2026-02-18,5,11,Cabbage,62.14,0.5,0.498
2026-02-18,5,11,Beef,371.41,1.0,0.997
2026-02-18,5,12,Rice,47.5,1.0,0.999
2026-02-18,5,12,Cabbage,124.29,1.0,0.994
2026-02-18,5,13,Potatoes,201.72,1.5,1.503
2026-02-18,5,13,Rice,95.0,2.0,1.99
2026-02-18,5,14,Beef,371.41,1.0,0.999
2026-02-18,5,14,Beef,742.82,2.0,2.005
2026-02-18,5,15,Carrots,217.88,2.0,1.988
2026-02-18,5,15,Cabbage,248.58,2.0,1.999
2026-02-18,5,16,Cabbage,124.29,1.0,0.996
2026-02-18,5,16,Chicken,91.16,0.5,0.5
2026-02-18,5,17,Rice,95.0,2.0,1.996
2026-02-18,5,17,Chicken,91.16,0.5,0.499
2026-02-18,5,18,Potatoes,67.24,0.5,0.498
2026-02-18,5,18,Rice,95.0,2.0,1.988
2026-02-18,5,19,Cabbage,62.14,0.5,0.501
2026-02-18,5,19,Chicken,182.32,1.0,1.001
2026-02-18,5,20,Chicken,182.32,1.0,1.001
2026-02-18,5,20,Tomatoes,45.88,0.5,0.499
2026-02-18,5,21,Beef,557.12,1.5,1.498
2026-02-18,5,21,Chicken,182.32,1.0,0.994
2026-02-18,5,22,Rice,95.0,2.0,2.005
2026-02-18,5,22,Chicken,273.48,1.5,1.489
2026-02-18,5,23,Chicken,273.48,1.5,1.494
2026-02-18,5,23,Beef,371.41,1.0,1.002
2026-02-18,5,24,Tomatoes,137.66,1.5,1.5
2026-02-18,5,24,Beef,742.82,2.0,2.001
2026-02-18,5,25,Tomatoes,45.88,0.5,0.499
2026-02-18,5,25,Tomatoes,91.77,1.0,0.996
2026-02-18,5,26,Tomatoes,91.77,1.0,0.997
2026-02-18,5,26,Cabbage,62.14,0.5,0.501
2026-02-18,5,27,Bangus,103.18,0.5,0.498
2026-02-18,5,27,Rice,47.5,1.0,0.993
2026-02-18,5,28,Chicken,364.64,2.0,1.995
2026-02-18,5,28,Potatoes,134.48,1.0,0.999
2026-02-18,5,29,Tomatoes,45.88,0.5,0.497
2026-02-18,5,29,Potatoes,134.48,1.0,0.999
2026-02-18,5,30,Chicken,91.16,0.5,0.497
2026-02-18,5,30,Potatoes,268.96,2.0,1.995
2026-02-18,5,31,Tomatoes,45.88,0.5,0.499
2026-02-18,5,31,Rice,71.25,1.5,1.501
2026-02-18,5,32,Carrots,54.47,0.5,0.498
2026-02-18,5,32,Bangus,309.52,1.5,1.501
2026-02-18,5,33,Bangus,309.52,1.5,1.497
2026-02-18,5,33,Potatoes,268.96,2.0,1.985
2026-02-18,5,34,Cabbage,248.58,2.0,1.987
2026-02-18,5,34,Bangus,309.52,1.5,1.492
2026-02-18,5,35,Potatoes,134.48,1.0,1.0
2026-02-18,5,35,Tomatoes,91.77,1.0,1.0
2026-02-18,5,36,Cabbage,62.14,0.5,0.501
2026-02-18,5,36,Potatoes,134.48,1.0,0.998
2026-02-18,5,37,Rice,23.75,0.5,0.501
2026-02-18,5,37,Carrots,54.47,0.5,0.497
2026-02-18,5,38,Carrots,163.41,1.5,1.489
2026-02-18,5,38,Cabbage,186.44,1.5,1.497
2026-02-18,5,39,Carrots,54.47,0.5,0.501
2026-02-18,5,39,Tomatoes,45.88,0.5,0.497
2026-02-18,5,40,Bangus,412.7,2.0,1.996
2026-02-18,5,40,Potatoes,201.72,1.5,1.501
2026-02-18,5,41,Cabbage,62.14,0.5,0.497
2026-02-18,5,41,Potatoes,67.24,0.5,0.497
2026-02-18,5,42,Potatoes,134.48,1.0,0.995
2026-02-18,5,42,Cabbage,186.44,1.5,1.494
2026-02-18,5,43,Cabbage,124.29,1.0,0.999
2026-02-18,5,43,Chicken,364.64,2.0,1.998
2026-02-18,5,44,Potatoes,134.48,1.0,0.997
2026-02-18,5,44,Rice,47.5,1.0,1.001
2026-02-18,5,45,Tomatoes,137.66,1.5,1.499
2026-02-18,5,45,Tomatoes,45.88,0.5,0.5
2026-02-18,5,46,Cabbage,248.58,2.0,2.005
2026-02-18,5,46,Carrots,217.88,2.0,1.991
2026-02-18,5,47,Chicken,273.48,1.5,1.497
2026-02-18,5,47,Cabbage,62.14,0.5,0.498
2026-02-18,5,48,Chicken,364.64,2.0,1.993
2026-02-18,5,48,Bangus,103.18,0.5,0.498
2026-02-18,5,49,Tomatoes,45.88,0.5,0.501
2026-02-18,5,49,Cabbage,248.58,2.0,1.986
2026-02-19,1,1,Beef,176.98,0.5,0.5
2026-02-19,1,1,Tomatoes,54.94,0.5,0.499
2026-02-19,1,2,Cabbage,44.49,0.5,0.498
2026-02-19,1,2,Chicken,281.88,1.5,1.499
2026-02-19,1,3,Potatoes,238.56,2.0,2.001
2026-02-19,1,3,Tomatoes,109.87,1.0,0.995
2026-02-19,1,4,Potatoes,238.56,2.0,1.987
2026-02-19,1,4,Bangus,292.36,1.5,1.498
2026-02-19,1,5,Carrots,73.03,0.5,0.5
2026-02-19,1,5,Cabbage,177.96,2.0,2.002
2026-02-19,1,6,Chicken,93.96,0.5,0.501
2026-02-19,1,6,Bangus,97.46,0.5,0.498
2026-02-19,1,7,Bangus,389.82,2.0,1.998
2026-02-19,1,7,Cabbage,133.47,1.5,1.49
2026-02-19,1,8,Cabbage,88.98,1.0,0.999
2026-02-19,1,8,Chicken,187.92,1.0,0.993
2026-02-19,1,9,Cabbage,88.98,1.0,0.999
2026-02-19,1,9,Beef,530.96,1.5,1.489
2026-02-19,1,10,Potatoes,178.92,1.5,1.503
2026-02-19,1,10,Carrots,292.1,2.0,1.987
2026-02-19,1,11,Carrots,146.05,1.0,1.0
2026-02-19,1,11,Chicken,281.88,1.5,1.504
2026-02-19,1,12,Potatoes,178.92,1.5,1.49
2026-02-19,1,12,Tomatoes,219.74,2.0,1.999
2026-02-19,1,13,Bangus,292.36,1.5,1.5
2026-02-19,1,13,Potatoes,178.92,1.5,1.5
2026-02-19,1,14,Beef,176.98,0.5,0.499
2026-02-19,1,14,Cabbage,88.98,1.0,1.002
2026-02-19,1,15,Beef,353.97,1.0,1.0
2026-02-19,1,15,Beef,176.98,0.5,0.498
2026-02-19,1,16,Tomatoes,109.87,1.0,0.993
2026-02-19,1,16,Potatoes,119.28,1.0,0.999
2026-02-19,1,17,Tomatoes,219.74,2.0,1.986
2026-02-19,1,17,Rice,101.76,2.0,2.001
2026-02-19,1,18,Potatoes,238.56,2.0,2.001
2026-02-19,1,18,Chicken,375.84,2.0,1.995
2026-02-19,1,19,Beef,353.97,1.0,1.001
2026-02-19,1,19,Bangus,97.46,0.5,0.498
2026-02-19,1,20,Tomatoes,109.87,1.0,0.994
2026-02-19,1,20,Chicken,375.84,2.0,2.002
2026-02-19,1,21,Bangus,97.46,0.5,0.498
2026-02-19,1,21,Cabbage,177.96,2.0,2.001
2026-02-19,1,22,Beef,530.96,1.5,1.491
2026-02-19,1,22,Carrots,73.03,0.5,0.498
2026-02-19,1,23,Potatoes,238.56,2.0,2.002
2026-02-19,1,23,Bangus,292.36,1.5,1.49
2026-02-19,1,24,Potatoes,178.92,1.5,1.5
2026-02-19,1,24,Beef,176.98,0.5,0.501
2026-02-19,1,25,Bangus,97.46,0.5,0.497
2026-02-19,1,25,Tomatoes,54.94,0.5,0.501
2026-02-19,1,26,Tomatoes,219.74,2.0,1.988
2026-02-19,1,26,Beef,707.94,2.0,2.003
2026-02-19,1,27,Carrots,146.05,1.0,0.997
2026-02-19,1,27,Potatoes,238.56,2.0,1.993
2026-02-19,1,28,Rice,50.88,1.0,0.998
2026-02-19,1,28,Cabbage,88.98,1.0,0.999
2026-02-19,1,29,Tomatoes,164.8,1.5,1.501
2026-02-19,1,29,Potatoes,59.64,0.5,0.497
2026-02-19,1,30,Rice,101.76,2.0,1.99
2026-02-19,1,30,Tomatoes,109.87,1.0,1.001
2026-02-19,1,31,Bangus,194.91,1.0,0.999
2026-02-19,1,31,Cabbage,177.96,2.0,1.988
2026-02-19,1,32,Carrots,292.1,2.0,1.987
2026-02-19,1,32,Chicken,187.92,1.0,0.998
2026-02-19,1,33,Carrots,219.08,1.5,1.497
2026-02-19,1,33,Tomatoes,219.74,2.0,1.987
2026-02-19,1,34,Rice,76.32,1.5,1.501
2026-02-19,1,34,Tomatoes,109.87,1.0,0.993
2026-02-19,1,35,Rice,50.88,1.0,1.002
2026-02-19,1,35,Cabbage,177.96,2.0,1.994
2026-02-19,1,36,Cabbage,133.47,1.5,1.5
2026-02-19,1,36,Tomatoes,54.94,0.5,0.499
2026-02-19,1,37,Tomatoes,54.94,0.5,0.499
2026-02-19,1,37,Beef,176.98,0.5,0.499
2026-02-19,1,38,Rice,50.88,1.0,0.993
2026-02-19,1,38,Beef,707.94,2.0,2.003
2026-02-19,1,39,Cabbage,133.47,1.5,1.504
2026-02-19,1,39,Chicken,93.96,0.5,0.498
2026-02-19,1,40,Carrots,292.1,2.0,1.992
2026-02-19,1,40,Beef,176.98,0.5,0.5
2026-02-19,1,41,Potatoes,59.64,0.5,0.5
2026-02-19,1,41,Rice,76.32,1.5,1.491
2026-02-19,1,42,Beef,530.96,1.5,1.491
2026-02-19,1,42,Beef,353.97,1.0,0.995
2026-02-19,1,43,Potatoes,238.56,2.0,1.997
2026-02-19,1,43,Chicken,187.92,1.0,0.995
2026-02-19,1,44,Carrots,219.08,1.5,1.498
2026-02-19,1,44,Rice,76.32,1.5,1.501
2026-02-19,1,45,Beef,530.96,1.5,1.496
2026-02-19,1,45,Carrots,219.08,1.5,1.494
2026-02-19,1,46,Cabbage,133.47,1.5,1.496
2026-02-19,1,46,Rice,101.76,2.0,2.0
2026-02-19,1,47,Tomatoes,109.87,1.0,1.0
2026-02-19,1,47,Carrots,292.1,2.0,1.998
2026-02-19,1,48,Chicken,187.92,1.0,0.993
2026-02-19,1,48,Carrots,219.08,1.5,1.497
2026-02-19,1,49,Potatoes,119.28,1.0,0.997
2026-02-19,1,49,Carrots,146.05,1.0,0.993
2026-02-19,1,50,Tomatoes,219.74,2.0,1.986
2026-02-19,1,50,Potatoes,119.28,1.0,0.999
2026-02-20,2,1,Beef,844.0,2.0,1.99
2026-02-20,2,1,Cabbage,41.52,0.5,0.498
2026-02-20,2,2,Tomatoes,34.65,0.5,0.499
2026-02-20,2,2,Rice,79.86,1.5,1.495
2026-02-20,2,3,Rice,106.48,2.0,1.991
2026-02-20,2,3,Carrots,144.7,1.5,1.5
2026-02-20,2,4,Tomatoes,103.95,1.5,1.5
2026-02-20,2,4,Beef,211.0,0.5,0.497
2026-02-20,2,5,Rice,26.62,0.5,0.498
2026-02-20,2,5,Carrots,96.47,1.0,0.995
2026-02-20,2,6,Potatoes,215.26,2.0,1.996
2026-02-20,2,6,Bangus,313.64,1.5,1.497
2026-02-20,2,7,Cabbage,124.56,1.5,1.5
2026-02-20,2,7,Rice,79.86,1.5,1.493
2026-02-20,2,8,Bangus,104.54,0.5,0.497
2026-02-20,2,8,Beef,844.0,2.0,1.999
2026-02-20,2,9,Carrots,192.94,2.0,1.996
2026-02-20,2,9,Potatoes,107.63,1.0,0.995
2026-02-20,2,10,Tomatoes,138.6,2.0,1.99
2026-02-20,2,10,Cabbage,124.56,1.5,1.491
2026-02-20,2,11,Carrots,48.24,0.5,0.498
2026-02-20,2,11,Carrots,96.47,1.0,0.999
2026-02-20,2,12,Beef,422.0,1.0,1.001
2026-02-20,2,12,Carrots,144.7,1.5,1.501
2026-02-20,2,13,Rice,26.62,0.5,0.5
2026-02-20,2,13,Carrots,192.94,2.0,1.988
2026-02-20,2,14,Carrots,96.47,1.0,1.002
2026-02-20,2,14,Rice,26.62,0.5,0.497
2026-02-20,2,15,Potatoes,215.26,2.0,1.998
2026-02-20,2,15,Potatoes,161.44,1.5,1.49
2026-02-20,2,16,Carrots,48.24,0.5,0.5
2026-02-20,2,16,Carrots,144.7,1.5,1.503
2026-02-20,2,17,Cabbage,166.08,2.0,1.989
2026-02-20,2,17,Rice,26.62,0.5,0.501
2026-02-20,2,18,Rice,53.24,1.0,0.994
2026-02-20,2,18,Rice,79.86,1.5,1.49
2026-02-20,2,19,Potatoes,215.26,2.0,1.988
2026-02-20,2,19,Rice,79.86,1.5,1.489
2026-02-20,2,20,Beef,422.0,1.0,1.001
2026-02-20,2,20,Tomatoes,103.95,1.5,1.495
2026-02-20,2,21,Bangus,418.18,2.0,2.003
2026-02-20,2,21,Tomatoes,34.65,0.5,0.498
2026-02-20,2,22,Rice,53.24,1.0,0.999
2026-02-20,2,22,Bangus,418.18,2.0,2.0
2026-02-20,2,23,Chicken,97.24,0.5,0.498
2026-02-20,2,23,Chicken,194.48,1.0,0.998
2026-02-20,2,24,Carrots,96.47,1.0,0.994
2026-02-20,2,24,Carrots,48.24,0.5,0.497
2026-02-20,2,25,Bangus,104.54,0.5,0.501
2026-02-20,2,25,Cabbage,41.52,0.5,0.501
2026-02-20,2,26,Chicken,97.24,0.5,0.498
2026-02-20,2,26,Bangus,313.64,1.5,1.489
2026-02-20,2,27,Cabbage,124.56,1.5,1.495
2026-02-20,2,27,Tomatoes,69.3,1.0,0.999
2026-02-20,2,28,Beef,422.0,1.0,0.996
2026-02-20,2,28,Rice,79.86,1.5,1.496
2026-02-20,2,29,Chicken,388.96,2.0,1.996
2026-02-20,2,29,Carrots,96.47,1.0,0.995
2026-02-20,2,30,Rice,106.48,2.0,1.992
2026-02-20,2,30,Carrots,48.24,0.5,0.5
2026-02-20,2,31,Bangus,418.18,2.0,1.99
2026-02-20,2,31,Rice,106.48,2.0,1.993
2026-02-20,2,32,Cabbage,83.04,1.0,0.996
2026-02-20,2,32,Cabbage,124.56,1.5,1.503
2026-02-20,2,33,Carrots,192.94,2.0,1.986
2026-02-20,2,33,Beef,844.0,2.0,1.986
2026-02-20,2,34,Potatoes,107.63,1.0,0.995
2026-02-20,2,34,Bangus,418.18,2.0,1.987
2026-02-20,2,35,Rice,106.48,2.0,2.005
2026-02-20,2,35,Potatoes,107.63,1.0,0.997
2026-02-20,2,36,Cabbage,83.04,1.0,0.995
2026-02-20,2,36,Carrots,144.7,1.5,1.496
2026-02-20,2,37,Cabbage,124.56,1.5,1.503
2026-02-20,2,37,Bangus,104.54,0.5,0.496
2026-02-20,2,38,Rice,79.86,1.5,1.494
2026-02-20,2,38,Rice,26.62,0.5,0.5
2026-02-20,2,39,Rice,26.62,0.5,0.501
2026-02-20,2,39,Tomatoes,103.95,1.5,1.5
2026-02-20,2,40,Bangus,418.18,2.0,2.0
2026-02-20,2,40,Rice,26.62,0.5,0.497
2026-02-23,3,1,Bangus,328.94,2.0,1.994
2026-02-23,3,1,Potatoes,58.44,0.5,0.501
2026-02-23,3,2,Carrots,136.95,1.0,1.001
2026-02-23,3,2,Tomatoes,37.7,0.5,0.5
2026-02-23,3,3,Chicken,212.45,1.0,0.997
2026-02-23,3,3,Beef,609.46,1.5,1.49
2026-02-23,3,4,Rice,102.8,2.0,1.99
2026-02-23,3,4,Tomatoes,150.82,2.0,1.993
2026-02-23,3,5,Bangus,164.47,1.0,0.998
2026-02-23,3,5,Tomatoes,75.41,1.0,0.998
2026-02-23,3,6,Cabbage,192.72,2.0,1.995
2026-02-23,3,6,Tomatoes,75.41,1.0,0.999
2026-02-23,3,7,Bangus,328.94,2.0,1.992
2026-02-23,3,7,Chicken,424.9,2.0,1.993
2026-02-23,3,8,Chicken,424.9,2.0,1.987
2026-02-23,3,8,Potatoes,116.88,1.0,1.002
2026-02-23,3,9,Tomatoes,37.7,0.5,0.497
2026-02-23,3,9,Cabbage,144.54,1.5,1.491
2026-02-23,3,10,Bangus,246.7,1.5,1.493
2026-02-23,3,10,Bangus,82.24,0.5,0.497
2026-02-23,3,11,Potatoes,58.44,0.5,0.5
2026-02-23,3,11,Cabbage,48.18,0.5,0.497
2026-02-23,3,12,Cabbage,192.72,2.0,1.995
2026-02-23,3,12,Beef,203.16,0.5,0.501
2026-02-23,3,13,Bangus,82.24,0.5,0.5
2026-02-23,3,13,Rice,77.1,1.5,1.499
2026-02-23,3,14,Chicken,106.22,0.5,0.499
2026-02-23,3,14,Tomatoes,150.82,2.0,1.993
2026-02-23,3,15,Potatoes,116.88,1.0,0.994
2026-02-23,3,15,Rice,102.8,2.0,1.985
2026-02-23,3,16,Bangus,164.47,1.0,0.999
2026-02-23,3,16,Potatoes,116.88,1.0,0.999
2026-02-23,3,17,Beef,609.46,1.5,1.499
2026-02-23,3,17,Potatoes,175.32,1.5,1.498
2026-02-23,3,18,Chicken,106.22,0.5,0.497
2026-02-23,3,18,Bangus,328.94,2.0,1.99
2026-02-23,3,19,Chicken,212.45,1.0,0.999
2026-02-23,3,19,Cabbage,192.72,2.0,2.004
2026-02-23,3,20,Beef,609.46,1.5,1.49
2026-02-23,3,20,Bangus,164.47,1.0,0.999
2026-02-23,3,21,Rice,51.4,1.0,0.999
2026-02-23,3,21,Beef,406.31,1.0,0.995
2026-02-23,3,22,Bangus,164.47,1.0,0.998
2026-02-23,3,22,Potatoes,58.44,0.5,0.501
2026-02-23,3,23,Rice,25.7,0.5,0.497
2026-02-23,3,23,Tomatoes,75.41,1.0,0.994
2026-02-23,3,24,Chicken,318.67,1.5,1.489
2026-02-23,3,24,Tomatoes,150.82,2.0,1.999
2026-02-23,3,25,Rice,51.4,1.0,0.994
2026-02-23,3,25,Tomatoes,150.82,2.0,1.993
2026-02-23,3,26,Potatoes,58.44,0.5,0.499
2026-02-23,3,26,Rice,25.7,0.5,0.499
2026-02-23,3,27,Rice,102.8,2.0,1.999
2026-02-23,3,27,Chicken,318.67,1.5,1.49
2026-02-23,3,28,Beef,812.62,2.0,2.0
2026-02-23,3,28,Beef,203.16,0.5,0.499
2026-02-23,3,29,Beef,812.62,2.0,1.993
2026-02-23,3,29,Bangus,328.94,2.0,1.989
2026-02-23,3,30,Chicken,424.9,2.0,2.001
2026-02-23,3,30,Bangus,164.47,1.0,0.995
2026-02-23,3,31,Carrots,136.95,1.0,0.996
2026-02-23,3,31,Bangus,246.7,1.5,1.489
2026-02-23,3,32,Rice,102.8,2.0,1.995
2026-02-23,3,32,Cabbage,96.36,1.0,1.001
2026-02-23,3,33,Beef,609.46,1.5,1.493
2026-02-23,3,33,Tomatoes,37.7,0.5,0.498
2026-02-23,3,34,Potatoes,116.88,1.0,0.997
2026-02-23,3,34,Tomatoes,150.82,2.0,2.001
2026-02-23,3,35,Potatoes,233.76,2.0,1.999
2026-02-23,3,35,Cabbage,96.36,1.0,0.997
2026-02-23,3,36,Bangus,246.7,1.5,1.491
2026-02-23,3,36,Potatoes,175.32,1.5,1.49
2026-02-23,3,37,Bangus,82.24,0.5,0.5
2026-02-23,3,37,Potatoes,116.88,1.0,0.994
2026-02-24,4,1,Bangus,213.11,1.0,1.0
2026-02-24,4,1,Beef,193.0,0.5,0.5
2026-02-24,4,2,Beef,578.98,1.5,1.498
2026-02-24,4,2,Bangus,106.56,0.5,0.498
2026-02-24,4,3,Tomatoes,68.87,1.0,0.993
2026-02-24,4,3,Cabbage,123.07,1.0,1.0
2026-02-24,4,4,Carrots,193.94,1.5,1.494
2026-02-24,4,4,Carrots,258.58,2.0,1.997
2026-02-24,4,5,Carrots,64.64,0.5,0.5
2026-02-24,4,5,Bangus,319.67,1.5,1.49
2026-02-24,4,6,Beef,578.98,1.5,1.501
2026-02-24,4,6,Carrots,129.29,1.0,1.0
2026-02-24,4,7,Beef,385.99,1.0,0.996
2026-02-24,4,7,Beef,771.98,2.0,1.985
2026-02-24,4,8,Beef,578.98,1.5,1.489
2026-02-24,4,8,Bangus,319.67,1.5,1.501
2026-02-24,4,9,Rice,74.94,1.5,1.498
2026-02-24,4,9,Chicken,100.45,0.5,0.499
2026-02-24,4,10,Tomatoes,103.3,1.5,1.49
2026-02-24,4,10,Beef,578.98,1.5,1.489
2026-02-24,4,11,Rice,49.96,1.0,0.993
2026-02-24,4,11,Carrots,258.58,2.0,1.998
2026-02-24,4,12,Carrots,193.94,1.5,1.496
2026-02-24,4,12,Tomatoes,34.44,0.5,0.499
2026-02-24,4,13,Bangus,106.56,0.5,0.497
2026-02-24,4,13,Potatoes,172.08,1.5,1.504
2026-02-24,4,14,Bangus,213.11,1.0,0.998
2026-02-24,4,14,Rice,74.94,1.5,1.49
2026-02-24,4,15,Carrots,129.29,1.0,0.993
2026-02-24,4,15,Bangus,213.11,1.0,0.994
2026-02-24,4,16,Potatoes,57.36,0.5,0.5
2026-02-24,4,16,Potatoes,229.44,2.0,1.99
2026-02-24,4,17,Potatoes,57.36,0.5,0.5
2026-02-24,4,17,Carrots,193.94,1.5,1.502
2026-02-24,4,18,Cabbage,184.6,1.5,1.498
2026-02-24,4,18,Chicken,200.9,1.0,0.999
2026-02-24,4,19,Bangus,106.56,0.5,0.501
2026-02-24,4,19,Tomatoes,68.87,1.0,0.999
2026-02-24,4,20,Tomatoes,103.3,1.5,1.494
2026-02-24,4,20,Rice,49.96,1.0,1.002
2026-02-24,4,21,Potatoes,229.44,2.0,1.988
2026-02-24,4,21,Cabbage,61.54,0.5,0.496
2026-02-24,4,22,Tomatoes,68.87,1.0,0.999
2026-02-24,4,22,Bangus,106.56,0.5,0.498
2026-02-24,4,23,Carrots,193.94,1.5,1.491
2026-02-24,4,23,Tomatoes,137.74,2.0,1.992
2026-02-24,4,24,Bangus,213.11,1.0,1.001
2026-02-24,4,24,Potatoes,57.36,0.5,0.501
2026-02-24,4,25,Carrots,129.29,1.0,0.998
2026-02-24,4,25,Bangus,319.67,1.5,1.503
2026-02-24,4,26,Cabbage,123.07,1.0,0.999
2026-02-24,4,26,Carrots,129.29,1.0,0.999
2026-02-24,4,27,Chicken,100.45,0.5,0.498
2026-02-24,4,27,Beef,193.0,0.5,0.499
2026-02-24,4,28,Beef,385.99,1.0,0.999
2026-02-24,4,28,Cabbage,246.14,2.0,2.004
2026-02-24,4,29,Carrots,129.29,1.0,1.002
2026-02-24,4,29,Beef,193.0,0.5,0.5
2026-02-24,4,30,Chicken,301.35,1.5,1.492
2026-02-24,4,30,Potatoes,114.72,1.0,0.993
2026-02-24,4,31,Carrots,64.64,0.5,0.5
2026-02-24,4,31,Beef,385.99,1.0,0.995
2026-02-24,4,32,Bangus,319.67,1.5,1.493
2026-02-24,4,32,Bangus,426.22,2.0,2.004
2026-02-24,4,33,Potatoes,172.08,1.5,1.491
2026-02-24,4,33,Carrots,258.58,2.0,1.997
2026-02-24,4,34,Tomatoes,137.74,2.0,1.995
2026-02-24,4,34,Cabbage,184.6,1.5,1.499
2026-02-24,4,35,Chicken,200.9,1.0,0.996
2026-02-24,4,35,Beef,578.98,1.5,1.501
2026-02-24,4,36,Cabbage,123.07,1.0,1.001
2026-02-24,4,36,Tomatoes,103.3,1.5,1.49
2026-02-24,4,37,Chicken,100.45,0.5,0.498
2026-02-24,4,37,Chicken,301.35,1.5,1.5
2026-02-24,4,38,Potatoes,114.72,1.0,1.002
2026-02-24,4,38,Beef,385.99,1.0,0.995
2026-02-25,5,1,Chicken,427.54,2.0,1.995
2026-02-25,5,1,Chicken,320.66,1.5,1.501
2026-02-25,5,2,Potatoes,220.4,2.0,1.992
2026-02-25,5,2,Tomatoes,124.92,1.5,1.499
2026-02-25,5,3,Carrots,50.04,0.5,0.5
2026-02-25,5,3,Chicken,213.77,1.0,0.996
2026-02-25,5,4,Beef,367.15,1.0,1.002
2026-02-25,5,4,Bangus,324.44,2.0,1.986
2026-02-25,5,5,Cabbage,209.13,1.5,1.495
2026-02-25,5,5,Cabbage,209.13,1.5,1.491
2026-02-25,5,6,Rice,97.3,2.0,1.992
2026-02-25,5,6,Beef,183.58,0.5,0.497
2026-02-25,5,7,Tomatoes,166.56,2.0,1.999
2026-02-25,5,7,Rice,24.32,0.5,0.497
2026-02-25,5,8,Chicken,320.66,1.5,1.503
2026-02-25,5,8,Chicken,213.77,1.0,0.996
2026-02-25,5,9,Potatoes,220.4,2.0,1.99
2026-02-25,5,9,Carrots,50.04,0.5,0.499
2026-02-25,5,10,Rice,24.32,0.5,0.501
2026-02-25,5,10,Carrots,150.12,1.5,1.493
2026-02-25,5,11,Beef,183.58,0.5,0.498
2026-02-25,5,11,Potatoes,110.2,1.0,0.998
2026-02-25,5,12,Carrots,150.12,1.5,1.494
2026-02-25,5,12,Cabbage,278.84,2.0,2.005
2026-02-25,5,13,Chicken,106.88,0.5,0.5
2026-02-25,5,13,Bangus,324.44,2.0,1.989
2026-02-25,5,14,Tomatoes,41.64,0.5,0.5
2026-02-25,5,14,Bangus,324.44,2.0,2.002
2026-02-25,5,15,Carrots,200.16,2.0,1.989
2026-02-25,5,15,Cabbage,139.42,1.0,0.999
2026-02-25,5,16,Carrots,150.12,1.5,1.493
2026-02-25,5,16,Potatoes,220.4,2.0,1.985
2026-02-25,5,17,Bangus,81.11,0.5,0.497
2026-02-25,5,17,Potatoes,220.4,2.0,1.989
2026-02-25,5,18,Carrots,100.08,1.0,1.0
2026-02-25,5,18,Potatoes,55.1,0.5,0.501
2026-02-25,5,19,Rice,72.97,1.5,1.495
2026-02-25,5,19,Tomatoes,41.64,0.5,0.501
2026-02-25,5,20,Chicken,427.54,2.0,1.994
2026-02-25,5,20,Tomatoes,83.28,1.0,1.002
2026-02-25,5,21,Beef,550.72,1.5,1.501
2026-02-25,5,21,Carrots,150.12,1.5,1.499
2026-02-25,5,22,Carrots,50.04,0.5,0.5
2026-02-25,5,22,Rice,72.97,1.5,1.498
2026-02-25,5,23,Rice,97.3,2.0,1.991
2026-02-25,5,23,Bangus,243.33,1.5,1.489
2026-02-25,5,24,Tomatoes,83.28,1.0,0.994
2026-02-25,5,24,Chicken,427.54,2.0,2.004
2026-02-25,5,25,Tomatoes,166.56,2.0,1.986
2026-02-25,5,25,Tomatoes,83.28,1.0,0.993
2026-02-25,5,26,Tomatoes,41.64,0.5,0.498
2026-02-25,5,26,Carrots,150.12,1.5,1.497
2026-02-25,5,27,Bangus,243.33,1.5,1.499
2026-02-25,5,27,Cabbage,278.84,2.0,1.999
2026-02-25,5,28,Rice,97.3,2.0,1.989
2026-02-25,5,28,Tomatoes,83.28,1.0,0.995
2026-02-25,5,29,Chicken,427.54,2.0,1.995
2026-02-25,5,29,Bangus,81.11,0.5,0.499
2026-02-25,5,30,Beef,550.72,1.5,1.489
2026-02-25,5,30,Beef,367.15,1.0,0.998
2026-02-25,5,31,Carrots,50.04,0.5,0.497
2026-02-25,5,31,Potatoes,110.2,1.0,0.996
2026-02-25,5,32,Chicken,213.77,1.0,1.002
2026-02-25,5,32,Tomatoes,166.56,2.0,1.995
2026-02-25,5,33,Potatoes,55.1,0.5,0.501
2026-02-25,5,33,Chicken,213.77,1.0,0.994
2026-02-25,5,34,Cabbage,209.13,1.5,1.49
2026-02-25,5,34,Beef,734.3,2.0,2.0
2026-02-25,5,35,Bangus,162.22,1.0,1.002
2026-02-25,5,35,Bangus,81.11,0.5,0.499
2026-02-25,5,36,Beef,734.3,2.0,2.003
2026-02-25,5,36,Bangus,324.44,2.0,1.99
2026-02-25,5,37,Rice,24.32,0.5,0.497
2026-02-25,5,37,Tomatoes,124.92,1.5,1.498
2026-02-25,5,38,Rice,24.32,0.5,0.498
2026-02-25,5,38,Carrots,50.04,0.5,0.497
2026-02-26,1,1,Potatoes,178.46,1.5,1.499
2026-02-26,1,1,Carrots,156.06,1.5,1.496
2026-02-26,1,2,Potatoes,118.97,1.0,0.994
2026-02-26,1,2,Rice,118.4,2.0,1.988
2026-02-26,1,3,Bangus,99.78,0.5,0.501
2026-02-26,1,3,Potatoes,178.46,1.5,1.493
2026-02-26,1,4,Cabbage,211.86,2.0,1.986
2026-02-26,1,4,Cabbage,52.96,0.5,0.497
2026-02-26,1,5,Cabbage,211.86,2.0,1.988
2026-02-26,1,5,Beef,830.16,2.0,1.988
2026-02-26,1,6,Cabbage,52.96,0.5,0.5
2026-02-26,1,6,Bangus,399.1,2.0,1.988
2026-02-26,1,7,Bangus,99.78,0.5,0.5
2026-02-26,1,7,Beef,207.54,0.5,0.497
2026-02-26,1,8,Beef,207.54,0.5,0.499
2026-02-26,1,8,Carrots,156.06,1.5,1.5
2026-02-26,1,9,Rice,88.8,1.5,1.493
2026-02-26,1,9,Beef,830.16,2.0,1.995
2026-02-26,1,10,Bangus,399.1,2.0,1.996
2026-02-26,1,10,Rice,59.2,1.0,0.998
2026-02-26,1,11,Cabbage,105.93,1.0,0.993
2026-02-26,1,11,Tomatoes,184.18,2.0,2.0
2026-02-26,1,12,Rice,59.2,1.0,0.994
2026-02-26,1,12,Tomatoes,92.09,1.0,0.998
2026-02-26,1,13,Potatoes,118.97,1.0,0.993
2026-02-26,1,13,Chicken,107.4,0.5,0.501
2026-02-26,1,14,Tomatoes,184.18,2.0,1.991
2026-02-26,1,14,Cabbage,52.96,0.5,0.498
2026-02-26,1,15,Rice,118.4,2.0,2.005
2026-02-26,1,15,Beef,207.54,0.5,0.499
2026-02-26,1,16,Beef,830.16,2.0,1.986
2026-02-26,1,16,Cabbage,211.86,2.0,1.994
2026-02-26,1,17,Carrots,104.04,1.0,1.0
2026-02-26,1,17,Potatoes,59.48,0.5,0.498
2026-02-26,1,18,Potatoes,178.46,1.5,1.491
2026-02-26,1,18,Rice,59.2,1.0,1.0
2026-02-26,1,19,Rice,29.6,0.5,0.499
2026-02-26,1,19,Rice,88.8,1.5,1.496
2026-02-26,1,20,Potatoes,59.48,0.5,0.501
2026-02-26,1,20,Rice,59.2,1.0,0.993
2026-02-26,1,21,Bangus,99.78,0.5,0.497
2026-02-26,1,21,Potatoes,178.46,1.5,1.501
2026-02-26,1,22,Chicken,107.4,0.5,0.497
2026-02-26,1,22,Carrots,52.02,0.5,0.497
2026-02-26,1,23,Potatoes,237.94,2.0,1.997
2026-02-26,1,23,Carrots,52.02,0.5,0.5
2026-02-26,1,24,Bangus,399.1,2.0,2.003
2026-02-26,1,24,Beef,415.08,1.0,0.995
2026-02-26,1,25,Beef,622.62,1.5,1.495
2026-02-26,1,25,Bangus,299.33,1.5,1.501
2026-02-26,1,26,Rice,59.2,1.0,0.998
2026-02-26,1,26,Cabbage,158.9,1.5,1.495
2026-02-26,1,27,Bangus,199.55,1.0,0.999
2026-02-26,1,27,Bangus,199.55,1.0,1.002
2026-02-26,1,28,Cabbage,158.9,1.5,1.489
2026-02-26,1,28,Rice,118.4,2.0,1.993
2026-02-26,1,29,Potatoes,178.46,1.5,1.502
2026-02-26,1,29,Rice,88.8,1.5,1.5
2026-02-26,1,30,Bangus,299.33,1.5,1.495
2026-02-26,1,30,Potatoes,118.97,1.0,0.999
2026-02-26,1,31,Bangus,299.33,1.5,1.499
2026-02-26,1,31,Carrots,52.02,0.5,0.501
2026-02-26,1,32,Cabbage,105.93,1.0,0.996
2026-02-26,1,32,Beef,830.16,2.0,1.998
2026-02-26,1,33,Rice,29.6,0.5,0.5
2026-02-26,1,33,Carrots,208.08,2.0,2.004
2026-02-26,1,34,Tomatoes,184.18,2.0,1.995
2026-02-26,1,34,Bangus,99.78,0.5,0.5
2026-02-26,1,35,Chicken,429.6,2.0,2.001
2026-02-26,1,35,Tomatoes,92.09,1.0,0.995
2026-02-26,1,36,Rice,88.8,1.5,1.497
2026-02-26,1,36,Cabbage,105.93,1.0,0.996
2026-02-26,1,37,Cabbage,105.93,1.0,0.994
2026-02-26,1,37,Potatoes,118.97,1.0,1.0
2026-02-26,1,38,Cabbage,52.96,0.5,0.501
2026-02-26,1,38,Potatoes,59.48,0.5,0.499
2026-02-26,1,39,Cabbage,52.96,0.5,0.498
2026-02-26,1,39,Potatoes,118.97,1.0,1.001
2026-02-26,1,40,Cabbage,211.86,2.0,1.998
2026-02-26,1,40,Carrots,52.02,0.5,0.499
2026-02-26,1,41,Beef,830.16,2.0,1.989
2026-02-26,1,41,Potatoes,118.97,1.0,0.994
2026-02-26,1,42,Chicken,322.2,1.5,1.489
2026-02-26,1,42,Cabbage,52.96,0.5,0.497
2026-02-26,1,43,Tomatoes,138.14,1.5,1.494
2026-02-26,1,43,Carrots,156.06,1.5,1.496
2026-02-26,1,44,Beef,415.08,1.0,0.997
2026-02-26,1,44,Bangus,199.55,1.0,0.994
2026-02-26,1,45,Potatoes,178.46,1.5,1.503
2026-02-26,1,45,Chicken,214.8,1.0,0.994
2026-02-27,2,1,Carrots,182.6,2.0,1.985
2026-02-27,2,1,Tomatoes,42.36,0.5,0.496
2026-02-27,2,2,Beef,768.88,2.0,1.992
2026-02-27,2,2,Carrots,45.65,0.5,0.498
2026-02-27,2,3,Beef,576.66,1.5,1.501
2026-02-27,2,3,Carrots,45.65,0.5,0.501
2026-02-27,2,4,Bangus,102.76,0.5,0.499
2026-02-27,2,4,Beef,768.88,2.0,1.988
2026-02-27,2,5,Beef,192.22,0.5,0.496
2026-02-27,2,5,Rice,99.2,2.0,2.003
2026-02-27,2,6,Cabbage,103.77,1.0,0.997
2026-02-27,2,6,Chicken,181.88,1.0,0.994
2026-02-27,2,7,Tomatoes,42.36,0.5,0.499
2026-02-27,2,7,Tomatoes,84.72,1.0,0.995
2026-02-27,2,8,Potatoes,67.08,0.5,0.498
2026-02-27,2,8,Tomatoes,84.72,1.0,0.996
2026-02-27,2,9,Chicken,90.94,0.5,0.497
2026-02-27,2,9,Cabbage,155.66,1.5,1.5
2026-02-27,2,10,Cabbage,103.77,1.0,1.001
2026-02-27,2,10,Tomatoes,42.36,0.5,0.5
2026-02-27,2,11,Cabbage,103.77,1.0,1.002
2026-02-27,2,11,Bangus,308.3,1.5,1.501
2026-02-27,2,12,Rice,74.4,1.5,1.501
2026-02-27,2,12,Beef,768.88,2.0,1.995
2026-02-27,2,13,Rice,49.6,1.0,0.998
2026-02-27,2,13,Carrots,136.95,1.5,1.495
2026-02-27,2,14,Tomatoes,84.72,1.0,1.002
2026-02-27,2,14,Carrots,182.6,2.0,1.99
2026-02-27,2,15,Rice,49.6,1.0,0.999
2026-02-27,2,15,Carrots,91.3,1.0,1.0
2026-02-27,2,16,Carrots,45.65,0.5,0.5
2026-02-27,2,16,Beef,576.66,1.5,1.489
2026-02-27,2,17,Carrots,136.95,1.5,1.49
2026-02-27,2,17,Cabbage,51.88,0.5,0.497
2026-02-27,2,18,Cabbage,155.66,1.5,1.5
2026-02-27,2,18,Tomatoes,169.44,2.0,1.989
2026-02-27,2,19,Potatoes,134.15,1.0,1.0
2026-02-27,2,19,Beef,768.88,2.0,1.997
2026-02-27,2,20,Carrots,45.65,0.5,0.5
2026-02-27,2,20,Tomatoes,42.36,0.5,0.497
2026-02-27,2,21,Tomatoes,169.44,2.0,1.992
2026-02-27,2,21,Potatoes,201.23,1.5,1.497
2026-02-27,2,22,Rice,49.6,1.0,0.999
2026-02-27,2,22,Beef,576.66,1.5,1.503
2026-02-27,2,23,Bangus,308.3,1.5,1.491
2026-02-27,2,23,Beef,384.44,1.0,1.0
2026-02-27,2,24,Chicken,90.94,0.5,0.499
2026-02-27,2,24,Carrots,91.3,1.0,0.994
2026-02-27,2,25,Carrots,182.6,2.0,1.992
2026-02-27,2,25,Tomatoes,84.72,1.0,0.998
2026-02-27,2,26,Chicken,272.82,1.5,1.501
2026-02-27,2,26,Tomatoes,84.72,1.0,0.993
2026-02-27,2,27,Bangus,205.53,1.0,0.998
2026-02-27,2,27,Cabbage,51.88,0.5,0.501
2026-02-27,2,28,Rice,24.8,0.5,0.498
2026-02-27,2,28,Carrots,182.6,2.0,1.989
2026-02-27,2,29,Bangus,102.76,0.5,0.497
2026-02-27,2,29,Tomatoes,84.72,1.0,1.0
2026-02-27,2,30,Bangus,205.53,1.0,0.994
2026-02-27,2,30,Cabbage,103.77,1.0,1.0
2026-02-27,2,31,Tomatoes,127.08,1.5,1.498
2026-02-27,2,31,Rice,24.8,0.5,0.5
2026-02-27,2,32,Chicken,90.94,0.5,0.501
2026-02-27,2,32,Tomatoes,84.72,1.0,0.996
2026-02-27,2,33,Tomatoes,42.36,0.5,0.498
2026-02-27,2,33,Beef,768.88,2.0,2.0
2026-02-27,2,34,Cabbage,207.54,2.0,1.99
2026-02-27,2,34,Beef,576.66,1.5,1.495
2026-02-27,2,35,Carrots,182.6,2.0,2.003
2026-02-27,2,35,Bangus,308.3,1.5,1.494
2026-02-27,2,36,Potatoes,134.15,1.0,0.997
2026-02-27,2,36,Tomatoes,84.72,1.0,1.001
2026-02-27,2,37,Cabbage,51.88,0.5,0.497
2026-02-27,2,37,Tomatoes,84.72,1.0,1.0
2026-02-27,2,38,Bangus,102.76,0.5,0.501
2026-02-27,2,38,Rice,49.6,1.0,0.997
2026-02-27,2,39,Potatoes,201.23,1.5,1.5
2026-02-27,2,39,Rice,24.8,0.5,0.5
2026-02-27,2,40,Bangus,102.76,0.5,0.5
2026-02-27,2,40,Carrots,45.65,0.5,0.501
2026-02-27,2,41,Bangus,102.76,0.5,0.5
2026-02-27,2,41,Tomatoes,84.72,1.0,1.001
2026-02-27,2,42,Rice,99.2,2.0,1.997
2026-02-27,2,42,Rice,24.8,0.5,0.5
2026-02-27,2,43,Beef,384.44,1.0,0.998
2026-02-27,2,43,Potatoes,201.23,1.5,1.5
2026-02-27,2,44,Potatoes,67.08,0.5,0.501
2026-02-27,2,44,Carrots,182.6,2.0,1.997
2026-02-27,2,45,Potatoes,134.15,1.0,0.994
2026-02-27,2,45,Carrots,136.95,1.5,1.502
2026-02-27,2,46,Potatoes,67.08,0.5,0.5
2026-02-27,2,46,Rice,49.6,1.0,0.997
2026-02-27,2,47,Beef,576.66,1.5,1.49
2026-02-27,2,47,Rice,49.6,1.0,1.0
2026-02-27,2,48,Carrots,91.3,1.0,0.994
2026-02-27,2,48,Bangus,205.53,1.0,1.0
2026-02-27,2,49,Bangus,102.76,0.5,0.497
2026-02-27,2,49,Rice,99.2,2.0,1.997
2026-02-27,2,50,Beef,576.66,1.5,1.491
2026-02-27,2,50,Bangus,102.76,0.5,0.501
2026-03-02,3,1,Chicken,213.51,1.0,0.994
2026-03-02,3,1,Beef,577.78,1.5,1.497
2026-03-02,3,2,Tomatoes,71.21,1.0,0.998
2026-03-02,3,2,Carrots,148.82,1.0,0.997
2026-03-02,3,3,Chicken,427.02,2.0,1.996
2026-03-02,3,3,Cabbage,192.08,1.5,1.496
2026-03-02,3,4,Bangus,355.02,2.0,1.993
2026-03-02,3,4,Potatoes,132.33,1.0,0.995
2026-03-02,3,5,Chicken,320.26,1.5,1.502
2026-03-02,3,5,Bangus,88.76,0.5,0.498
2026-03-02,3,6,Carrots,297.64,2.0,2.001
2026-03-02,3,6,Carrots,148.82,1.0,0.998
2026-03-02,3,7,Tomatoes,71.21,1.0,1.0
2026-03-02,3,7,Cabbage,128.05,1.0,0.993
2026-03-02,3,8,Carrots,148.82,1.0,0.995
2026-03-02,3,8,Beef,770.38,2.0,2.001
2026-03-02,3,9,Beef,577.78,1.5,1.49
2026-03-02,3,9,Rice,26.8,0.5,0.496
2026-03-02,3,10,Chicken,427.02,2.0,1.992
2026-03-02,3,10,Tomatoes,35.6,0.5,0.501
2026-03-02,3,11,Carrots,223.23,1.5,1.501
2026-03-02,3,11,Potatoes,264.66,2.0,1.985
2026-03-02,3,12,Beef,577.78,1.5,1.5
2026-03-02,3,12,Cabbage,192.08,1.5,1.499
2026-03-02,3,13,Cabbage,256.1,2.0,1.986
2026-03-02,3,13,Potatoes,198.5,1.5,1.493
2026-03-02,3,14,Carrots,148.82,1.0,0.996
2026-03-02,3,14,Chicken,427.02,2.0,1.992
2026-03-02,3,15,Beef,385.19,1.0,1.002
2026-03-02,3,15,Carrots,297.64,2.0,2.001
2026-03-02,3,16,Beef,385.19,1.0,0.995
2026-03-02,3,16,Bangus,266.26,1.5,1.497
2026-03-02,3,17,Potatoes,132.33,1.0,0.997
2026-03-02,3,17,Chicken,427.02,2.0,2.003
2026-03-02,3,18,Bangus,177.51,1.0,1.002
2026-03-02,3,18,Beef,770.38,2.0,1.986
2026-03-02,3,19,Rice,53.6,1.0,0.998
2026-03-02,3,19,Chicken,427.02,2.0,2.003
2026-03-02,3,20,Rice,53.6,1.0,1.002
2026-03-02,3,20,Chicken,106.76,0.5,0.499
2026-03-02,3,21,Carrots,223.23,1.5,1.5
2026-03-02,3,21,Potatoes,66.17,0.5,0.5
2026-03-02,3,22,Bangus,88.76,0.5,0.499
2026-03-02,3,22,Tomatoes,35.6,0.5,0.5
2026-03-02,3,23,Chicken,213.51,1.0,0.995
2026-03-02,3,23,Beef,770.38,2.0,2.003
2026-03-02,3,24,Cabbage,192.08,1.5,1.498
2026-03-02,3,24,Bangus,88.76,0.5,0.498
2026-03-02,3,25,Beef,385.19,1.0,0.999
2026-03-02,3,25,Tomatoes,35.6,0.5,0.498
2026-03-02,3,26,Tomatoes,106.82,1.5,1.495
2026-03-02,3,26,Carrots,223.23,1.5,1.493
2026-03-02,3,27,Carrots,74.41,0.5,0.497
2026-03-02,3,27,Tomatoes,71.21,1.0,0.999
2026-03-02,3,28,Cabbage,64.03,0.5,0.501
2026-03-02,3,28,Chicken,427.02,2.0,2.002
2026-03-02,3,29,Tomatoes,35.6,0.5,0.499
2026-03-02,3,29,Rice,53.6,1.0,0.997
2026-03-02,3,30,Cabbage,192.08,1.5,1.493
2026-03-02,3,30,Tomatoes,142.42,2.0,1.989
2026-03-02,3,31,Cabbage,256.1,2.0,2.003
2026-03-02,3,31,Bangus,355.02,2.0,1.988
2026-03-02,3,32,Rice,80.4,1.5,1.495
2026-03-02,3,32,Bangus,355.02,2.0,1.99
2026-03-02,3,33,Chicken,320.26,1.5,1.492
2026-03-02,3,33,Chicken,320.26,1.5,1.502
2026-03-02,3,34,Tomatoes,142.42,2.0,1.991
2026-03-02,3,34,Bangus,88.76,0.5,0.498
2026-03-02,3,35,Rice,53.6,1.0,0.993
2026-03-02,3,35,Bangus,355.02,2.0,1.989
2026-03-02,3,36,Tomatoes,142.42,2.0,1.988
2026-03-02,3,36,Carrots,297.64,2.0,1.995
2026-03-02,3,37,Cabbage,64.03,0.5,0.498
2026-03-02,3,37,Carrots,297.64,2.0,1.999
2026-03-02,3,38,Rice,53.6,1.0,0.998
2026-03-02,3,38,Cabbage,256.1,2.0,1.985
2026-03-02,3,39,Rice,26.8,0.5,0.497
2026-03-02,3,39,Tomatoes,106.82,1.5,1.49
2026-03-02,3,40,Chicken,427.02,2.0,1.986
2026-03-02,3,40,Tomatoes,35.6,0.5,0.5
2026-03-02,3,41,Carrots,148.82,1.0,0.999
2026-03-02,3,41,Chicken,320.26,1.5,1.49
2026-03-02,3,42,Bangus,177.51,1.0,0.993
2026-03-02,3,42,Potatoes,264.66,2.0,1.994
2026-03-02,3,43,Carrots,74.41,0.5,0.5
2026-03-02,3,43,Chicken,213.51,1.0,1.0
2026-03-02,3,44,Tomatoes,71.21,1.0,0.997
2026-03-02,3,44,Carrots,297.64,2.0,1.985
2026-03-02,3,45,Rice,80.4,1.5,1.493
2026-03-02,3,45,Rice,26.8,0.5,0.501
2026-03-02,3,46,Chicken,106.76,0.5,0.497
2026-03-02,3,46,Beef,577.78,1.5,1.493
2026-03-02,3,47,Carrots,74.41,0.5,0.5
2026-03-02,3,47,Rice,26.8,0.5,0.496
2026-03-02,3,48,Rice,26.8,0.5,0.5
2026-03-02,3,48,Potatoes,66.17,0.5,0.498
2026-03-02,3,49,Bangus,355.02,2.0,1.988
2026-03-02,3,49,Potatoes,132.33,1.0,0.993
2026-03-02,3,50,Beef,192.6,0.5,0.5
2026-03-02,3,50,Bangus,88.76,0.5,0.5
2026-03-03,4,1,Bangus,186.82,1.0,0.998
2026-03-03,4,1,Beef,819.66,2.0,1.989
2026-03-03,4,2,Beef,409.83,1.0,0.993
2026-03-03,4,2,Carrots,73.5,0.5,0.498
2026-03-03,4,3,Chicken,197.51,1.0,0.996
2026-03-03,4,3,Beef,409.83,1.0,1.0
2026-03-03,4,4,Potatoes,54.32,0.5,0.498
2026-03-03,4,4,Rice,81.0,1.5,1.492
2026-03-03,4,5,Beef,819.66,2.0,1.99
2026-03-03,4,5,Cabbage,151.5,1.5,1.49
2026-03-03,4,6,Rice,108.0,2.0,2.002
2026-03-03,4,6,Potatoes,162.98,1.5,1.501
2026-03-03,4,7,Tomatoes,45.0,0.5,0.498
2026-03-03,4,7,Beef,819.66,2.0,2.004
2026-03-03,4,8,Carrots,147.01,1.0,0.993
2026-03-03,4,8,Rice,27.0,0.5,0.497
2026-03-03,4,9,Carrots,73.5,0.5,0.501
2026-03-03,4,9,Chicken,395.02,2.0,2.001
2026-03-03,4,10,Potatoes,162.98,1.5,1.491
2026-03-03,4,10,Bangus,186.82,1.0,0.994
2026-03-03,4,11,Potatoes,217.3,2.0,1.999
2026-03-03,4,11,Rice,27.0,0.5,0.501
2026-03-03,4,12,Potatoes,162.98,1.5,1.494
2026-03-03,4,12,Beef,409.83,1.0,0.995
2026-03-03,4,13,Rice,81.0,1.5,1.492
2026-03-03,4,13,Cabbage,202.0,2.0,1.991
2026-03-03,4,14,Chicken,197.51,1.0,0.997
2026-03-03,4,14,Potatoes,162.98,1.5,1.499
2026-03-03,4,15,Cabbage,50.5,0.5,0.499
2026-03-03,4,15,Carrots,294.02,2.0,1.999
2026-03-03,4,16,Bangus,186.82,1.0,0.998
2026-03-03,4,16,Rice,27.0,0.5,0.498
2026-03-03,4,17,Bangus,186.82,1.0,0.997
2026-03-03,4,17,Beef,614.74,1.5,1.503
2026-03-03,4,18,Cabbage,202.0,2.0,1.99
2026-03-03,4,18,Bangus,93.41,0.5,0.5
2026-03-03,4,19,Tomatoes,135.0,1.5,1.5
2026-03-03,4,19,Rice,27.0,0.5,0.501
2026-03-03,4,20,Bangus,373.64,2.0,2.0
2026-03-03,4,20,Cabbage,151.5,1.5,1.494
2026-03-03,4,21,Carrots,220.52,1.5,1.497
2026-03-03,4,21,Carrots,220.52,1.5,1.497
2026-03-03,4,22,Beef,819.66,2.0,2.003
2026-03-03,4,22,Bangus,373.64,2.0,1.993
2026-03-03,4,23,Bangus,373.64,2.0,1.987
2026-03-03,4,23,Beef,819.66,2.0,1.99
2026-03-03,4,24,Cabbage,202.0,2.0,1.988
2026-03-03,4,24,Rice,81.0,1.5,1.492
2026-03-03,4,25,Beef,409.83,1.0,0.996
2026-03-03,4,25,Beef,614.74,1.5,1.493
2026-03-03,4,26,Potatoes,54.32,0.5,0.499
2026-03-03,4,26,Beef,409.83,1.0,0.994
2026-03-03,4,27,Potatoes,54.32,0.5,0.498
2026-03-03,4,27,Chicken,98.76,0.5,0.499
2026-03-03,4,28,Bangus,186.82,1.0,0.999
2026-03-03,4,28,Cabbage,202.0,2.0,2.003
2026-03-03,4,29,Tomatoes,180.0,2.0,1.987
2026-03-03,4,29,Beef,614.74,1.5,1.503
2026-03-03,4,30,Rice,108.0,2.0,1.991
2026-03-03,4,30,Rice,81.0,1.5,1.489
2026-03-03,4,31,Rice,81.0,1.5,1.495
2026-03-03,4,31,Bangus,373.64,2.0,2.003
2026-03-03,4,32,Cabbage,50.5,0.5,0.5
2026-03-03,4,32,Beef,409.83,1.0,0.997
2026-03-03,4,33,Tomatoes,90.0,1.0,0.997
2026-03-03,4,33,Bangus,280.23,1.5,1.497
2026-03-03,4,34,Carrots,220.52,1.5,1.497
2026-03-03,4,34,Potatoes,108.65,1.0,1.0
2026-03-03,4,35,Rice,27.0,0.5,0.499
2026-03-03,4,35,Cabbage,151.5,1.5,1.496
2026-03-03,4,36,Potatoes,217.3,2.0,1.994
2026-03-03,4,36,Chicken,98.76,0.5,0.501
2026-03-03,4,37,Tomatoes,90.0,1.0,0.996
2026-03-03,4,37,Rice,108.0,2.0,1.99
2026-03-03,4,38,Carrots,220.52,1.5,1.491
2026-03-03,4,38,Tomatoes,90.0,1.0,0.997
2026-03-03,4,39,Bangus,373.64,2.0,2.002
2026-03-03,4,39,Chicken,197.51,1.0,1.0
2026-03-03,4,40,Chicken,197.51,1.0,0.997
2026-03-03,4,40,Potatoes,108.65,1.0,0.993
2026-03-03,4,41,Cabbage,151.5,1.5,1.491
2026-03-03,4,41,Rice,81.0,1.5,1.501
2026-03-04,5,1,Potatoes,49.4,0.5,0.501
2026-03-04,5,1,Potatoes,49.4,0.5,0.5
2026-03-04,5,2,Potatoes,197.58,2.0,1.996
2026-03-04,5,2,Cabbage,273.14,2.0,1.995
2026-03-04,5,3,Carrots,230.68,2.0,1.992
2026-03-04,5,3,Tomatoes,132.28,1.5,1.499
2026-03-04,5,4,Bangus,298.54,1.5,1.493
2026-03-04,5,4,Carrots,115.34,1.0,1.0
2026-03-04,5,5,Cabbage,68.28,0.5,0.501
2026-03-04,5,5,Tomatoes,44.1,0.5,0.499
2026-03-04,5,6,Potatoes,197.58,2.0,1.987
2026-03-04,5,6,Potatoes,49.4,0.5,0.498
2026-03-04,5,7,Carrots,115.34,1.0,0.993
2026-03-04,5,7,Rice,98.24,2.0,1.991
2026-03-04,5,8,Cabbage,273.14,2.0,1.999
2026-03-04,5,8,Potatoes,197.58,2.0,1.99
2026-03-04,5,9,Bangus,298.54,1.5,1.493
2026-03-04,5,9,Potatoes,197.58,2.0,1.998
2026-03-04,5,10,Cabbage,68.28,0.5,0.497
2026-03-04,5,10,Carrots,230.68,2.0,1.986
2026-03-04,5,11,Carrots,115.34,1.0,0.994
2026-03-04,5,11,Chicken,186.42,1.0,1.0
2026-03-04,5,12,Chicken,186.42,1.0,0.995
2026-03-04,5,12,Cabbage,204.86,1.5,1.498
2026-03-04,5,13,Beef,406.07,1.0,1.001
2026-03-04,5,13,Tomatoes,132.28,1.5,1.492
2026-03-04,5,14,Beef,406.07,1.0,0.999
2026-03-04,5,14,Rice,73.68,1.5,1.5
2026-03-04,5,15,Carrots,115.34,1.0,0.997
2026-03-04,5,15,Potatoes,148.18,1.5,1.493
2026-03-04,5,16,Rice,73.68,1.5,1.5
2026-03-04,5,16,Cabbage,68.28,0.5,0.5
2026-03-04,5,17,Tomatoes,88.19,1.0,1.002
2026-03-04,5,17,Carrots,230.68,2.0,1.999
2026-03-04,5,18,Potatoes,197.58,2.0,2.0
2026-03-04,5,18,Carrots,115.34,1.0,0.998
2026-03-04,5,19,Bangus,398.06,2.0,1.99
2026-03-04,5,19,Beef,609.1,1.5,1.501
2026-03-04,5,20,Potatoes,98.79,1.0,1.001
2026-03-04,5,20,Beef,812.14,2.0,1.988
2026-03-04,5,21,Carrots,115.34,1.0,1.0
2026-03-04,5,21,Rice,24.56,0.5,0.497
2026-03-04,5,22,Potatoes,197.58,2.0,1.999
2026-03-04,5,22,Potatoes,49.4,0.5,0.498
2026-03-04,5,23,Carrots,173.01,1.5,1.492
2026-03-04,5,23,Carrots,173.01,1.5,1.503
2026-03-04,5,24,Rice,98.24,2.0,1.986
2026-03-04,5,24,Beef,609.1,1.5,1.502
2026-03-04,5,25,Carrots,57.67,0.5,0.498
2026-03-04,5,25,Tomatoes,176.38,2.0,1.986
2026-03-04,5,26,Beef,609.1,1.5,1.495
2026-03-04,5,26,Carrots,173.01,1.5,1.501
2026-03-04,5,27,Chicken,372.84,2.0,1.997
2026-03-04,5,27,Rice,49.12,1.0,0.994
2026-03-04,5,28,Tomatoes,44.1,0.5,0.5
2026-03-04,5,28,Bangus,298.54,1.5,1.503
2026-03-04,5,29,Rice,49.12,1.0,1.001
2026-03-04,5,29,Rice,24.56,0.5,0.5
2026-03-04,5,30,Carrots,115.34,1.0,0.994
2026-03-04,5,30,Tomatoes,88.19,1.0,0.997
2026-03-04,5,31,Potatoes,98.79,1.0,0.993
2026-03-04,5,31,Beef,812.14,2.0,1.986
2026-03-04,5,32,Carrots,173.01,1.5,1.497
2026-03-04,5,32,Cabbage,136.57,1.0,0.999
2026-03-04,5,33,Chicken,372.84,2.0,2.001
2026-03-04,5,33,Cabbage,68.28,0.5,0.501
2026-03-04,5,34,Carrots,230.68,2.0,1.986
2026-03-04,5,34,Tomatoes,88.19,1.0,0.999
2026-03-04,5,35,Chicken,186.42,1.0,1.002
2026-03-04,5,35,Cabbage,136.57,1.0,1.001
2026-03-04,5,36,Beef,406.07,1.0,0.995
2026-03-04,5,36,Tomatoes,88.19,1.0,0.997
2026-03-04,5,37,Tomatoes,176.38,2.0,2.005
2026-03-04,5,37,Bangus,199.03,1.0,1.002
2026-03-04,5,38,Beef,203.04,0.5,0.498
2026-03-04,5,38,Beef,609.1,1.5,1.499
2026-03-04,5,39,Bangus,298.54,1.5,1.501
2026-03-04,5,39,Carrots,230.68,2.0,1.992
2026-03-05,1,1,Potatoes,188.07,1.5,1.503
2026-03-05,1,1,Chicken,102.7,0.5,0.497
2026-03-05,1,2,Tomatoes,132.7,2.0,1.996
2026-03-05,1,2,Beef,606.97,1.5,1.494
2026-03-05,1,3,Tomatoes,132.7,2.0,1.995
2026-03-05,1,3,Beef,202.32,0.5,0.496
2026-03-05,1,4,Tomatoes,99.52,1.5,1.494
2026-03-05,1,4,Chicken,308.12,1.5,1.491
2026-03-05,1,5,Chicken,102.7,0.5,0.501
2026-03-05,1,5,Cabbage,189.96,2.0,1.994
2026-03-05,1,6,Rice,71.4,1.5,1.495
2026-03-05,1,6,Carrots,177.87,1.5,1.496
2026-03-05,1,7,Tomatoes,66.35,1.0,0.995
2026-03-05,1,7,Beef,606.97,1.5,1.494
2026-03-05,1,8,Cabbage,94.98,1.0,0.996
2026-03-05,1,8,Cabbage,189.96,2.0,1.986
2026-03-05,1,9,Chicken,410.82,2.0,1.991
2026-03-05,1,9,Cabbage,94.98,1.0,1.002
2026-03-05,1,10,Bangus,374.88,2.0,2.004
2026-03-05,1,10,Carrots,177.87,1.5,1.503
2026-03-05,1,11,Cabbage,47.49,0.5,0.498
2026-03-05,1,11,Chicken,410.82,2.0,1.997
2026-03-05,1,12,Potatoes,62.69,0.5,0.498
2026-03-05,1,12,Beef,606.97,1.5,1.493
2026-03-05,1,13,Tomatoes,132.7,2.0,2.004
2026-03-05,1,13,Potatoes,250.76,2.0,1.997
2026-03-05,1,14,Beef,606.97,1.5,1.499
2026-03-05,1,14,Carrots,118.58,1.0,0.997
2026-03-05,1,15,Tomatoes,99.52,1.5,1.502
2026-03-05,1,15,Tomatoes,132.7,2.0,2.005
2026-03-05,1,16,Rice,95.2,2.0,1.999
2026-03-05,1,16,Carrots,59.29,0.5,0.498
2026-03-05,1,17,Beef,809.3,2.0,1.992
2026-03-05,1,17,Potatoes,125.38,1.0,0.994
2026-03-05,1,18,Carrots,237.16,2.0,2.002
2026-03-05,1,18,Tomatoes,99.52,1.5,1.502
2026-03-05,1,19,Chicken,308.12,1.5,1.495
2026-03-05,1,19,Bangus,93.72,0.5,0.499
2026-03-05,1,20,Bangus,93.72,0.5,0.497
2026-03-05,1,20,Potatoes,125.38,1.0,0.998
2026-03-05,1,21,Potatoes,250.76,2.0,2.003
2026-03-05,1,21,Tomatoes,132.7,2.0,1.988
2026-03-05,1,22,Potatoes,188.07,1.5,1.493
2026-03-05,1,22,Cabbage,94.98,1.0,1.0
2026-03-05,1,23,Rice,95.2,2.0,2.004
2026-03-05,1,23,Potatoes,62.69,0.5,0.501
2026-03-05,1,24,Potatoes,125.38,1.0,0.995
2026-03-05,1,24,Bangus,374.88,2.0,2.005
2026-03-05,1,25,Rice,71.4,1.5,1.493
2026-03-05,1,25,Chicken,205.41,1.0,1.002
2026-03-05,1,26,Beef,809.3,2.0,1.991
2026-03-05,1,26,Tomatoes,132.7,2.0,1.991
2026-03-05,1,27,Bangus,187.44,1.0,0.993
2026-03-05,1,27,Chicken,205.41,1.0,1.0
2026-03-05,1,28,Carrots,59.29,0.5,0.501
2026-03-05,1,28,Potatoes,62.69,0.5,0.497
2026-03-05,1,29,Beef,606.97,1.5,1.502
2026-03-05,1,29,Bangus,374.88,2.0,1.993
2026-03-05,1,30,Carrots,177.87,1.5,1.498
2026-03-05,1,30,Rice,95.2,2.0,2.003
2026-03-05,1,31,Potatoes,62.69,0.5,0.496
2026-03-05,1,31,Potatoes,62.69,0.5,0.499
2026-03-05,1,32,Chicken,410.82,2.0,2.0
2026-03-05,1,32,Bangus,281.16,1.5,1.503
2026-03-05,1,33,Rice,47.6,1.0,1.001
2026-03-05,1,33,Tomatoes,33.17,0.5,0.499
2026-03-05,1,34,Potatoes,188.07,1.5,1.502
2026-03-05,1,34,Potatoes,125.38,1.0,0.997
2026-03-05,1,35,Potatoes,188.07,1.5,1.489
2026-03-05,1,35,Potatoes,62.69,0.5,0.497
2026-03-05,1,36,Carrots,237.16,2.0,1.998
2026-03-05,1,36,Cabbage,47.49,0.5,0.497
2026-03-05,1,37,Tomatoes,66.35,1.0,0.994
2026-03-05,1,37,Bangus,374.88,2.0,1.985
2026-03-05,1,38,Bangus,281.16,1.5,1.49
2026-03-05,1,38,Chicken,102.7,0.5,0.497
2026-03-05,1,39,Chicken,308.12,1.5,1.492
2026-03-05,1,39,Tomatoes,132.7,2.0,1.988
2026-03-05,1,40,Carrots,237.16,2.0,1.996
2026-03-05,1,40,Tomatoes,132.7,2.0,1.996
2026-03-05,1,41,Beef,202.32,0.5,0.497
2026-03-05,1,41,Bangus,281.16,1.5,1.501
2026-03-05,1,42,Beef,809.3,2.0,2.0
2026-03-05,1,42,Bangus,187.44,1.0,1.001
2026-03-05,1,43,Rice,95.2,2.0,2.005
2026-03-05,1,43,Rice,47.6,1.0,1.001
2026-03-05,1,44,Cabbage,94.98,1.0,1.002
2026-03-05,1,44,Bangus,187.44,1.0,0.993
2026-03-05,1,45,Potatoes,250.76,2.0,1.988
2026-03-05,1,45,Chicken,410.82,2.0,1.987
2026-03-05,1,46,Rice,95.2,2.0,1.999
2026-03-05,1,46,Potatoes,188.07,1.5,1.494
2026-03-05,1,47,Cabbage,189.96,2.0,1.986
2026-03-05,1,47,Carrots,59.29,0.5,0.499
2026-03-05,1,48,Chicken,102.7,0.5,0.501
2026-03-05,1,48,Tomatoes,132.7,2.0,1.992
2026-03-06,2,1,Beef,727.74,2.0,2.002
2026-03-06,2,1,Chicken,194.12,1.0,0.998
2026-03-06,2,2,Cabbage,168.26,1.5,1.502
2026-03-06,2,2,Beef,181.94,0.5,0.498
2026-03-06,2,3,Tomatoes,94.8,1.0,0.996
2026-03-06,2,3,Tomatoes,189.6,2.0,1.986
2026-03-06,2,4,Carrots,55.72,0.5,0.498
2026-03-06,2,4,Tomatoes,47.4,0.5,0.498
2026-03-06,2,5,Cabbage,56.08,0.5,0.498
2026-03-06,2,5,Tomatoes,189.6,2.0,1.986
2026-03-06,2,6,Cabbage,112.17,1.0,0.995
2026-03-06,2,6,Carrots,111.45,1.0,0.993
2026-03-06,2,7,Chicken,388.24,2.0,1.989
2026-03-06,2,7,Potatoes,128.6,1.0,0.995
2026-03-06,2,8,Potatoes,192.9,1.5,1.497
2026-03-06,2,8,Carrots,222.9,2.0,1.991
2026-03-06,2,9,Carrots,55.72,0.5,0.499
2026-03-06,2,9,Beef,545.81,1.5,1.495
2026-03-06,2,10,Tomatoes,47.4,0.5,0.496
2026-03-06,2,10,Cabbage,168.26,1.5,1.489
2026-03-06,2,11,Beef,363.87,1.0,0.996
2026-03-06,2,11,Tomatoes,189.6,2.0,2.0
2026-03-06,2,12,Carrots,111.45,1.0,0.994
2026-03-06,2,12,Potatoes,128.6,1.0,1.0
2026-03-06,2,13,Rice,24.16,0.5,0.496
2026-03-06,2,13,Carrots,111.45,1.0,1.001
2026-03-06,2,14,Chicken,388.24,2.0,1.991
2026-03-06,2,14,Beef,545.81,1.5,1.492
2026-03-06,2,15,Carrots,167.18,1.5,1.501
2026-03-06,2,15,Carrots,111.45,1.0,0.999
2026-03-06,2,16,Tomatoes,47.4,0.5,0.498
2026-03-06,2,16,Potatoes,64.3,0.5,0.496
2026-03-06,2,17,Rice,96.64,2.0,1.998
2026-03-06,2,17,Bangus,243.48,1.5,1.497
2026-03-06,2,18,Bangus,324.64,2.0,1.994
2026-03-06,2,18,Carrots,222.9,2.0,1.996
2026-03-06,2,19,Tomatoes,47.4,0.5,0.497
2026-03-06,2,19,Rice,72.48,1.5,1.497
2026-03-06,2,20,Cabbage,56.08,0.5,0.499
2026-03-06,2,20,Tomatoes,94.8,1.0,0.993
2026-03-06,2,21,Cabbage,224.34,2.0,1.999
2026-03-06,2,21,Bangus,243.48,1.5,1.489
2026-03-06,2,22,Chicken,388.24,2.0,1.995
2026-03-06,2,22,Bangus,243.48,1.5,1.49
2026-03-06,2,23,Rice,96.64,2.0,2.002
2026-03-06,2,23,Chicken,97.06,0.5,0.499
2026-03-06,2,24,Rice,72.48,1.5,1.495
2026-03-06,2,24,Cabbage,56.08,0.5,0.5
2026-03-06,2,25,Rice,24.16,0.5,0.498
2026-03-06,2,25,Beef,181.94,0.5,0.499
2026-03-06,2,26,Carrots,111.45,1.0,0.995
2026-03-06,2,26,Rice,48.32,1.0,0.994
2026-03-06,2,27,Bangus,81.16,0.5,0.497
2026-03-06,2,27,Carrots,111.45,1.0,0.995
2026-03-06,2,28,Potatoes,192.9,1.5,1.498
2026-03-06,2,28,Beef,181.94,0.5,0.497
2026-03-06,2,29,Potatoes,128.6,1.0,0.995
2026-03-06,2,29,Cabbage,56.08,0.5,0.499
2026-03-06,2,30,Tomatoes,142.2,1.5,1.494
2026-03-06,2,30,Carrots,167.18,1.5,1.502
2026-03-06,2,31,Tomatoes,47.4,0.5,0.501
2026-03-06,2,31,Bangus,81.16,0.5,0.497
2026-03-06,2,32,Beef,727.74,2.0,1.994
2026-03-06,2,32,Tomatoes,189.6,2.0,2.001
2026-03-06,2,33,Chicken,388.24,2.0,2.0
2026-03-06,2,33,Tomatoes,47.4,0.5,0.498
2026-03-06,2,34,Tomatoes,47.4,0.5,0.498
2026-03-06,2,34,Potatoes,192.9,1.5,1.49
2026-03-06,2,35,Tomatoes,94.8,1.0,1.002
2026-03-06,2,35,Bangus,324.64,2.0,1.996
2026-03-06,2,36,Potatoes,128.6,1.0,1.001
2026-03-06,2,36,Potatoes,64.3,0.5,0.501
2026-03-06,2,37,Potatoes,64.3,0.5,0.497
2026-03-06,2,37,Rice,96.64,2.0,1.988
2026-03-06,2,38,Rice,24.16,0.5,0.499
2026-03-06,2,38,Rice,24.16,0.5,0.499
2026-03-06,2,39,Chicken,388.24,2.0,1.993
2026-03-06,2,39,Beef,545.81,1.5,1.489
2026-03-06,2,40,Tomatoes,47.4,0.5,0.497
2026-03-06,2,40,Tomatoes,142.2,1.5,1.489
2026-03-06,2,41,Tomatoes,94.8,1.0,1.002
2026-03-06,2,41,Carrots,55.72,0.5,0.501
2026-03-06,2,42,Rice,72.48,1.5,1.49
2026-03-06,2,42,Bangus,243.48,1.5,1.498
2026-03-09,3,1,Cabbage,174.0,2.0,1.995
2026-03-09,3,1,Beef,359.09,1.0,0.993
2026-03-09,3,2,Tomatoes,111.61,1.0,1.0
2026-03-09,3,2,Bangus,281.62,1.5,1.49
2026-03-09,3,3,Bangus,375.5,2.0,2.0
2026-03-09,3,3,Tomatoes,167.42,1.5,1.495
2026-03-09,3,4,Bangus,187.75,1.0,1.001
2026-03-09,3,4,Potatoes,68.42,0.5,0.499
2026-03-09,3,5,Rice,86.04,1.5,1.503
2026-03-09,3,5,Bangus,375.5,2.0,2.0
2026-03-09,3,6,Tomatoes,167.42,1.5,1.501
2026-03-09,3,6,Potatoes,68.42,0.5,0.5
2026-03-09,3,7,Bangus,281.62,1.5,1.498
2026-03-09,3,7,Tomatoes,111.61,1.0,1.0
2026-03-09,3,8,Bangus,375.5,2.0,1.991
2026-03-09,3,8,Carrots,91.86,1.0,1.0
2026-03-09,3,9,Rice,57.36,1.0,0.999
2026-03-09,3,9,Potatoes,273.7,2.0,2.004
2026-03-09,3,10,Potatoes,205.27,1.5,1.493
2026-03-09,3,10,Rice,86.04,1.5,1.494
2026-03-09,3,11,Beef,718.18,2.0,1.992
2026-03-09,3,11,Rice,86.04,1.5,1.497
2026-03-09,3,12,Beef,538.64,1.5,1.493
2026-03-09,3,12,Chicken,101.26,0.5,0.499
2026-03-09,3,13,Rice,28.68,0.5,0.496
2026-03-09,3,13,Carrots,91.86,1.0,1.0
2026-03-09,3,14,Potatoes,205.27,1.5,1.491
2026-03-09,3,14,Carrots,91.86,1.0,0.995
2026-03-09,3,15,Cabbage,87.0,1.0,0.999
2026-03-09,3,15,Carrots,45.93,0.5,0.496
2026-03-09,3,16,Bangus,375.5,2.0,1.987
2026-03-09,3,16,Tomatoes,223.22,2.0,2.002
2026-03-09,3,17,Cabbage,130.5,1.5,1.495
2026-03-09,3,17,Cabbage,87.0,1.0,0.994
2026-03-09,3,18,Potatoes,68.42,0.5,0.499
2026-03-09,3,18,Carrots,137.79,1.5,1.492
2026-03-09,3,19,Cabbage,87.0,1.0,0.995
2026-03-09,3,19,Cabbage,174.0,2.0,1.987
2026-03-09,3,20,Potatoes,136.85,1.0,1.002
2026-03-09,3,20,Rice,114.72,2.0,2.005
2026-03-09,3,21,Cabbage,174.0,2.0,1.995
2026-03-09,3,21,Chicken,303.76,1.5,1.49
2026-03-09,3,22,Chicken,303.76,1.5,1.489
2026-03-09,3,22,Carrots,45.93,0.5,0.497
2026-03-09,3,23,Carrots,91.86,1.0,0.993
2026-03-09,3,23,Beef,179.54,0.5,0.5
2026-03-09,3,24,Carrots,183.72,2.0,2.004
2026-03-09,3,24,Chicken,202.51,1.0,0.999
2026-03-09,3,25,Carrots,183.72,2.0,1.987
2026-03-09,3,25,Rice,114.72,2.0,1.993
2026-03-09,3,26,Tomatoes,167.42,1.5,1.493
2026-03-09,3,26,Cabbage,174.0,2.0,2.002
2026-03-09,3,27,Potatoes,136.85,1.0,0.997
2026-03-09,3,27,Chicken,303.76,1.5,1.491
2026-03-09,3,28,Tomatoes,55.8,0.5,0.499
2026-03-09,3,28,Bangus,281.62,1.5,1.501
2026-03-09,3,29,Cabbage,174.0,2.0,1.995
2026-03-09,3,29,Chicken,101.26,0.5,0.499
2026-03-09,3,30,Bangus,93.88,0.5,0.499
2026-03-09,3,30,Chicken,303.76,1.5,1.5
2026-03-09,3,31,Tomatoes,167.42,1.5,1.5
2026-03-09,3,31,Chicken,303.76,1.5,1.503
2026-03-09,3,32,Cabbage,43.5,0.5,0.498
2026-03-09,3,32,Potatoes,205.27,1.5,1.495
2026-03-09,3,33,Beef,718.18,2.0,2.004
2026-03-09,3,33,Beef,359.09,1.0,0.995
2026-03-09,3,34,Tomatoes,55.8,0.5,0.5
2026-03-09,3,34,Rice,28.68,0.5,0.499
2026-03-09,3,35,Bangus,375.5,2.0,1.994
2026-03-09,3,35,Carrots,91.86,1.0,0.994
2026-03-09,3,36,Cabbage,87.0,1.0,1.0
2026-03-09,3,36,Cabbage,130.5,1.5,1.495
2026-03-09,3,37,Cabbage,174.0,2.0,1.993
2026-03-09,3,37,Potatoes,68.42,0.5,0.498
2026-03-10,4,1,Carrots,54.24,0.5,0.497
2026-03-10,4,1,Potatoes,185.44,1.5,1.489
2026-03-10,4,2,Beef,533.16,1.5,1.497
2026-03-10,4,2,Beef,710.88,2.0,1.993
2026-03-10,4,3,Beef,177.72,0.5,0.499
2026-03-10,4,3,Cabbage,162.08,2.0,2.003
2026-03-10,4,4,Rice,88.44,1.5,1.49
2026-03-10,4,4,Cabbage,81.04,1.0,0.997
2026-03-10,4,5,Tomatoes,49.02,0.5,0.497
2026-03-10,4,5,Bangus,355.26,2.0,1.987
2026-03-10,4,6,Bangus,88.82,0.5,0.497
2026-03-10,4,6,Beef,355.44,1.0,1.0
2026-03-10,4,7,Tomatoes,196.06,2.0,2.0
2026-03-10,4,7,Bangus,177.63,1.0,0.993
2026-03-10,4,8,Bangus,88.82,0.5,0.501
2026-03-10,4,8,Potatoes,123.63,1.0,1.001
2026-03-10,4,9,Potatoes,247.26,2.0,1.987
2026-03-10,4,9,Potatoes,185.44,1.5,1.498
2026-03-10,4,10,Potatoes,61.82,0.5,0.5
2026-03-10,4,10,Cabbage,162.08,2.0,2.003
2026-03-10,4,11,Rice,58.96,1.0,0.996
2026-03-10,4,11,Potatoes,185.44,1.5,1.494
2026-03-10,4,12,Cabbage,40.52,0.5,0.5
2026-03-10,4,12,Chicken,386.78,2.0,1.993
2026-03-10,4,13,Carrots,108.48,1.0,0.995
2026-03-10,4,13,Chicken,193.39,1.0,0.996
2026-03-10,4,14,Cabbage,40.52,0.5,0.496
2026-03-10,4,14,Chicken,96.7,0.5,0.498
2026-03-10,4,15,Tomatoes,98.03,1.0,0.997
2026-03-10,4,15,Rice,117.92,2.0,1.987
2026-03-10,4,16,Tomatoes,196.06,2.0,1.996
2026-03-10,4,16,Cabbage,40.52,0.5,0.5
2026-03-10,4,17,Bangus,88.82,0.5,0.496
2026-03-10,4,17,Beef,177.72,0.5,0.497
2026-03-10,4,18,Beef,355.44,1.0,0.993
2026-03-10,4,18,Rice,29.48,0.5,0.497
2026-03-10,4,19,Rice,29.48,0.5,0.499
2026-03-10,4,19,Potatoes,247.26,2.0,1.99
2026-03-10,4,20,Potatoes,61.82,0.5,0.5
2026-03-10,4,20,Bangus,266.44,1.5,1.497
2026-03-10,4,21,Potatoes,123.63,1.0,1.0
2026-03-10,4,21,Beef,710.88,2.0,1.999
2026-03-10,4,22,Bangus,266.44,1.5,1.499
2026-03-10,4,22,Bangus,88.82,0.5,0.498
2026-03-10,4,23,Rice,58.96,1.0,0.999
2026-03-10,4,23,Cabbage,40.52,0.5,0.497
2026-03-10,4,24,Tomatoes,49.02,0.5,0.501
2026-03-10,4,24,Tomatoes,196.06,2.0,1.995
2026-03-10,4,25,Cabbage,121.56,1.5,1.502
2026-03-10,4,25,Chicken,96.7,0.5,0.497
2026-03-10,4,26,Potatoes,185.44,1.5,1.499
2026-03-10,4,26,Bangus,177.63,1.0,0.997
2026-03-10,4,27,Rice,29.48,0.5,0.496
2026-03-10,4,27,Chicken,386.78,2.0,1.988
2026-03-10,4,28,Rice,88.44,1.5,1.494
2026-03-10,4,28,Chicken,386.78,2.0,1.986
2026-03-10,4,29,Beef,355.44,1.0,0.997
2026-03-10,4,29,Chicken,386.78,2.0,1.999
2026-03-10,4,30,Carrots,108.48,1.0,0.995
2026-03-10,4,30,Rice,29.48,0.5,0.496
2026-03-10,4,31,Chicken,193.39,1.0,0.995
2026-03-10,4,31,Rice,58.96,1.0,0.999
2026-03-10,4,32,Chicken,96.7,0.5,0.499
2026-03-10,4,32,Carrots,162.72,1.5,1.5
2026-03-10,4,33,Potatoes,247.26,2.0,1.996
2026-03-10,4,33,Rice,88.44,1.5,1.492
2026-03-10,4,34,Rice,29.48,0.5,0.501
2026-03-10,4,34,Potatoes,247.26,2.0,1.985
2026-03-10,4,35,Cabbage,81.04,1.0,0.996
2026-03-10,4,35,Potatoes,247.26,2.0,2.001
2026-03-10,4,36,Potatoes,247.26,2.0,2.003
2026-03-10,4,36,Rice,88.44,1.5,1.496
2026-03-10,4,37,Chicken,193.39,1.0,0.999
2026-03-10,4,37,Chicken,96.7,0.5,0.498
2026-03-10,4,38,Beef,355.44,1.0,0.995
2026-03-10,4,38,Chicken,386.78,2.0,1.999
2026-03-10,4,39,Beef,533.16,1.5,1.502
2026-03-10,4,39,Chicken,290.08,1.5,1.493
2026-03-10,4,40,Beef,177.72,0.5,0.498
2026-03-10,4,40,Chicken,193.39,1.0,0.998
2026-03-11,5,1,Cabbage,64.42,0.5,0.497
2026-03-11,5,1,Beef,557.62,1.5,1.498
2026-03-11,5,2,Bangus,219.21,1.0,0.993
2026-03-11,5,2,Beef,557.62,1.5,1.491
2026-03-11,5,3,Tomatoes,208.36,2.0,2.004
2026-03-11,5,3,Rice,48.56,1.0,0.993
2026-03-11,5,4,Cabbage,128.84,1.0,1.002
2026-03-11,5,4,Carrots,49.47,0.5,0.496
2026-03-11,5,5,Potatoes,136.14,1.0,1.002
2026-03-11,5,5,Carrots,98.94,1.0,1.001
2026-03-11,5,6,Beef,185.88,0.5,0.501
2026-03-11,5,6,Tomatoes,104.18,1.0,1.001
2026-03-11,5,7,Carrots,98.94,1.0,0.995
2026-03-11,5,7,Rice,72.84,1.5,1.49
2026-03-11,5,8,Cabbage,64.42,0.5,0.5
2026-03-11,5,8,Cabbage,193.26,1.5,1.495
2026-03-11,5,9,Tomatoes,104.18,1.0,1.002
2026-03-11,5,9,Beef,371.75,1.0,1.002
2026-03-11,5,10,Rice,97.12,2.0,2.003
2026-03-11,5,10,Carrots,49.47,0.5,0.498
2026-03-11,5,11,Carrots,98.94,1.0,1.001
2026-03-11,5,11,Tomatoes,104.18,1.0,1.002
2026-03-11,5,12,Carrots,98.94,1.0,1.0
2026-03-11,5,12,Cabbage,128.84,1.0,0.993
2026-03-11,5,13,Beef,743.5,2.0,1.989
2026-03-11,5,13,Bangus,328.82,1.5,1.499
2026-03-11,5,14,Rice,24.28,0.5,0.497
2026-03-11,5,14,Tomatoes,156.27,1.5,1.493
2026-03-11,5,15,Potatoes,272.28,2.0,1.993
2026-03-11,5,15,Potatoes,204.21,1.5,1.498
2026-03-11,5,16,Chicken,184.64,1.0,1.001
2026-03-11,5,16,Bangus,328.82,1.5,1.492
2026-03-11,5,17,Potatoes,204.21,1.5,1.494
2026-03-11,5,17,Cabbage,64.42,0.5,0.498
2026-03-11,5,18,Bangus,219.21,1.0,1.001
2026-03-11,5,18,Bangus,328.82,1.5,1.491
2026-03-11,5,19,Chicken,184.64,1.0,1.0
2026-03-11,5,19,Chicken,184.64,1.0,0.995
2026-03-11,5,20,Rice,97.12,2.0,1.985
2026-03-11,5,20,Bangus,219.21,1.0,0.999
2026-03-11,5,21,Cabbage,193.26,1.5,1.493
2026-03-11,5,21,Tomatoes,104.18,1.0,0.996
2026-03-11,5,22,Bangus,109.6,0.5,0.501
2026-03-11,5,22,Bangus,219.21,1.0,0.994
2026-03-11,5,23,Potatoes,68.07,0.5,0.5
2026-03-11,5,23,Cabbage,64.42,0.5,0.499
2026-03-11,5,24,Cabbage,257.68,2.0,1.996
2026-03-11,5,24,Tomatoes,156.27,1.5,1.502
2026-03-11,5,25,Potatoes,68.07,0.5,0.497
2026-03-11,5,25,Carrots,197.88,2.0,1.997
2026-03-11,5,26,Beef,185.88,0.5,0.497
2026-03-11,5,26,Chicken,276.96,1.5,1.497
2026-03-11,5,27,Beef,371.75,1.0,0.997
2026-03-11,5,27,Bangus,438.42,2.0,2.004
2026-03-11,5,28,Bangus,438.42,2.0,2.005
2026-03-11,5,28,Chicken,92.32,0.5,0.497
2026-03-11,5,29,Potatoes,136.14,1.0,0.995
2026-03-11,5,29,Cabbage,128.84,1.0,0.996
2026-03-11,5,30,Chicken,92.32,0.5,0.499
2026-03-11,5,30,Beef,557.62,1.5,1.494
2026-03-11,5,31,Rice,48.56,1.0,0.997
2026-03-11,5,31,Chicken,369.28,2.0,1.996
2026-03-11,5,32,Chicken,276.96,1.5,1.499
2026-03-11,5,32,Rice,48.56,1.0,0.995
2026-03-11,5,33,Beef,371.75,1.0,0.994
2026-03-11,5,33,Beef,185.88,0.5,0.497
2026-03-11,5,34,Potatoes,68.07,0.5,0.499
2026-03-11,5,34,Potatoes,68.07,0.5,0.497
2026-03-12,1,1,Cabbage,56.76,0.5,0.497
2026-03-12,1,1,Potatoes,153.98,1.5,1.497
2026-03-12,1,2,Tomatoes,54.3,0.5,0.499
2026-03-12,1,2,Cabbage,113.52,1.0,0.999
2026-03-12,1,3,Carrots,185.26,2.0,2.003
2026-03-12,1,3,Rice,24.4,0.5,0.5
2026-03-12,1,4,Potatoes,102.65,1.0,0.993
2026-03-12,1,4,Chicken,99.27,0.5,0.501
2026-03-12,1,5,Chicken,297.81,1.5,1.491
2026-03-12,1,5,Rice,73.2,1.5,1.5
2026-03-12,1,6,Bangus,195.07,1.0,0.994
2026-03-12,1,6,Rice,73.2,1.5,1.501
2026-03-12,1,7,Beef,876.56,2.0,1.985
2026-03-12,1,7,Bangus,97.54,0.5,0.497
2026-03-12,1,8,Bangus,292.6,1.5,1.498
2026-03-12,1,8,Potatoes,153.98,1.5,1.494
2026-03-12,1,9,Carrots,185.26,2.0,1.991
2026-03-12,1,9,Cabbage,56.76,0.5,0.499
2026-03-12,1,10,Potatoes,205.3,2.0,1.996
2026-03-12,1,10,Tomatoes,217.22,2.0,1.989
2026-03-12,1,11,Cabbage,170.28,1.5,1.494
2026-03-12,1,11,Beef,438.28,1.0,0.993
2026-03-12,1,12,Chicken,99.27,0.5,0.497
2026-03-12,1,12,Chicken,297.81,1.5,1.502
2026-03-12,1,13,Beef,657.42,1.5,1.497
2026-03-12,1,13,Cabbage,113.52,1.0,1.002
2026-03-12,1,14,Chicken,397.08,2.0,1.998
2026-03-12,1,14,Potatoes,205.3,2.0,2.005
2026-03-12,1,15,Cabbage,113.52,1.0,0.993
2026-03-12,1,15,Potatoes,51.32,0.5,0.5
2026-03-12,1,16,Tomatoes,54.3,0.5,0.499
2026-03-12,1,16,Tomatoes,54.3,0.5,0.499
2026-03-12,1,17,Tomatoes,54.3,0.5,0.497
2026-03-12,1,17,Beef,876.56,2.0,1.988
2026-03-12,1,18,Potatoes,51.32,0.5,0.501
2026-03-12,1,18,Beef,657.42,1.5,1.497
2026-03-12,1,19,Potatoes,205.3,2.0,1.996
2026-03-12,1,19,Rice,73.2,1.5,1.491
2026-03-12,1,20,Chicken,99.27,0.5,0.497
2026-03-12,1,20,Potatoes,205.3,2.0,1.998
2026-03-12,1,21,Potatoes,51.32,0.5,0.499
2026-03-12,1,21,Cabbage,227.04,2.0,1.988
2026-03-12,1,22,Cabbage,113.52,1.0,0.997
2026-03-12,1,22,Potatoes,153.98,1.5,1.5
2026-03-12,1,23,Carrots,92.63,1.0,1.0
2026-03-12,1,23,Carrots,138.94,1.5,1.495
2026-03-12,1,24,Chicken,397.08,2.0,1.994
2026-03-12,1,24,Cabbage,56.76,0.5,0.499
2026-03-12,1,25,Potatoes,153.98,1.5,1.498
2026-03-12,1,25,Carrots,46.32,0.5,0.499
2026-03-12,1,26,Bangus,292.6,1.5,1.489
2026-03-12,1,26,Potatoes,102.65,1.0,0.998
2026-03-12,1,27,Tomatoes,54.3,0.5,0.498
2026-03-12,1,27,Tomatoes,108.61,1.0,1.001
2026-03-12,1,28,Chicken,99.27,0.5,0.498
2026-03-12,1,28,Carrots,46.32,0.5,0.497
2026-03-12,1,29,Chicken,397.08,2.0,2.001
2026-03-12,1,29,Carrots,46.32,0.5,0.501
2026-03-12,1,30,Rice,97.6,2.0,1.987
2026-03-12,1,30,Chicken,397.08,2.0,1.988
2026-03-12,1,31,Potatoes,205.3,2.0,1.993
2026-03-12,1,31,Rice,24.4,0.5,0.499
2026-03-12,1,32,Carrots,185.26,2.0,2.002
2026-03-12,1,32,Beef,219.14,0.5,0.497
2026-03-12,1,33,Rice,24.4,0.5,0.497
2026-03-12,1,33,Carrots,92.63,1.0,1.001
2026-03-12,1,34,Carrots,92.63,1.0,0.997
2026-03-12,1,34,Bangus,195.07,1.0,0.994
2026-03-12,1,35,Cabbage,227.04,2.0,2.003
2026-03-12,1,35,Cabbage,227.04,2.0,2.004
2026-03-12,1,36,Beef,219.14,0.5,0.496
2026-03-12,1,36,Carrots,138.94,1.5,1.495
2026-03-12,1,37,Chicken,198.54,1.0,0.993
2026-03-12,1,37,Bangus,292.6,1.5,1.489
2026-03-12,1,38,Cabbage,170.28,1.5,1.492
2026-03-12,1,38,Bangus,292.6,1.5,1.493
2026-03-13,2,1,Rice,67.66,1.5,1.498
2026-03-13,2,1,Beef,888.78,2.0,1.996
2026-03-13,2,2,Potatoes,199.76,1.5,1.497
2026-03-13,2,2,Cabbage,115.91,1.0,1.001
2026-03-13,2,3,Potatoes,66.58,0.5,0.5
2026-03-13,2,3,Cabbage,173.86,1.5,1.497
2026-03-13,2,4,Tomatoes,33.92,0.5,0.499
2026-03-13,2,4,Bangus,435.46,2.0,1.989
2026-03-13,2,5,Potatoes,66.58,0.5,0.498
2026-03-13,2,5,Chicken,293.2,1.5,1.493
2026-03-13,2,6,Bangus,435.46,2.0,2.001
2026-03-13,2,6,Chicken,97.74,0.5,0.501
2026-03-13,2,7,Bangus,435.46,2.0,1.995
2026-03-13,2,7,Rice,67.66,1.5,1.495
2026-03-13,2,8,Cabbage,115.91,1.0,0.995
2026-03-13,2,8,Cabbage,173.86,1.5,1.495
2026-03-13,2,9,Chicken,195.47,1.0,1.0
2026-03-13,2,9,Cabbage,173.86,1.5,1.495
2026-03-13,2,10,Beef,888.78,2.0,1.999
2026-03-13,2,10,Beef,888.78,2.0,1.989
2026-03-13,2,11,Chicken,293.2,1.5,1.497
2026-03-13,2,11,Bangus,326.59,1.5,1.497
2026-03-13,2,12,Potatoes,266.34,2.0,1.987
2026-03-13,2,12,Potatoes,66.58,0.5,0.501
2026-03-13,2,13,Cabbage,173.86,1.5,1.502
2026-03-13,2,13,Carrots,158.84,1.5,1.491
2026-03-13,2,14,Chicken,390.94,2.0,1.998
2026-03-13,2,14,Chicken,195.47,1.0,0.993
2026-03-13,2,15,Potatoes,266.34,2.0,1.994
2026-03-13,2,15,Chicken,390.94,2.0,1.996
2026-03-13,2,16,Bangus,435.46,2.0,2.0
2026-03-13,2,16,Beef,888.78,2.0,2.003
2026-03-13,2,17,Beef,222.2,0.5,0.5
2026-03-13,2,17,Tomatoes,67.85,1.0,0.993
2026-03-13,2,18,Rice,90.22,2.0,1.995
2026-03-13,2,18,Potatoes,199.76,1.5,1.494
2026-03-13,2,19,Cabbage,231.82,2.0,1.992
2026-03-13,2,19,Potatoes,66.58,0.5,0.499
2026-03-13,2,20,Tomatoes,67.85,1.0,1.0
2026-03-13,2,20,Tomatoes,135.7,2.0,2.005
2026-03-13,2,21,Tomatoes,33.92,0.5,0.498
2026-03-13,2,21,Tomatoes,135.7,2.0,1.991
2026-03-13,2,22,Chicken,195.47,1.0,0.999
2026-03-13,2,22,Potatoes,199.76,1.5,1.5
2026-03-13,2,23,Rice,45.11,1.0,0.994
2026-03-13,2,23,Tomatoes,67.85,1.0,1.001
2026-03-13,2,24,Tomatoes,135.7,2.0,1.999
2026-03-13,2,24,Chicken,195.47,1.0,0.993
2026-03-13,2,25,Chicken,97.74,0.5,0.499
2026-03-13,2,25,Cabbage,173.86,1.5,1.502
2026-03-13,2,26,Rice,45.11,1.0,0.994
2026-03-13,2,26,Chicken,97.74,0.5,0.5
2026-03-13,2,27,Beef,222.2,0.5,0.498
2026-03-13,2,27,Beef,444.39,1.0,0.996
2026-03-13,2,28,Carrots,158.84,1.5,1.499
2026-03-13,2,28,Chicken,390.94,2.0,2.002
2026-03-13,2,29,Chicken,195.47,1.0,1.002
2026-03-13,2,29,Bangus,326.59,1.5,1.494
2026-03-13,2,30,Rice,22.56,0.5,0.497
2026-03-13,2,30,Beef,666.58,1.5,1.49
2026-03-13,2,31,Bangus,217.73,1.0,0.999
2026-03-13,2,31,Cabbage,231.82,2.0,1.985
2026-03-13,2,32,Carrots,105.89,1.0,0.993
2026-03-13,2,32,Tomatoes,67.85,1.0,0.999
2026-03-13,2,33,Bangus,435.46,2.0,1.992
2026-03-13,2,33,Chicken,390.94,2.0,1.987
2026-03-13,2,34,Chicken,97.74,0.5,0.497
2026-03-13,2,34,Potatoes,199.76,1.5,1.499
2026-03-13,2,35,Rice,90.22,2.0,2.004
2026-03-13,2,35,Potatoes,199.76,1.5,1.496
2026-03-13,2,36,Carrots,105.89,1.0,0.993
2026-03-13,2,36,Bangus,108.86,0.5,0.5
2026-03-13,2,37,Bangus,108.86,0.5,0.498
2026-03-13,2,37,Carrots,52.94,0.5,0.499
2026-03-13,2,38,Tomatoes,33.92,0.5,0.5
2026-03-13,2,38,Cabbage,231.82,2.0,1.989
2026-03-13,2,39,Rice,90.22,2.0,1.989
2026-03-13,2,39,Tomatoes,135.7,2.0,2.0
2026-03-16,3,1,Bangus,97.02,0.5,0.501
2026-03-16,3,1,Beef,414.56,1.0,0.994
2026-03-16,3,2,Potatoes,66.55,0.5,0.498
2026-03-16,3,2,Potatoes,199.65,1.5,1.497
2026-03-16,3,3,Bangus,97.02,0.5,0.497
2026-03-16,3,3,Potatoes,266.2,2.0,1.996
2026-03-16,3,4,Potatoes,66.55,0.5,0.498
2026-03-16,3,4,Potatoes,66.55,0.5,0.5
2026-03-16,3,5,Potatoes,199.65,1.5,1.492
2026-03-16,3,5,Potatoes,199.65,1.5,1.494
2026-03-16,3,6,Beef,829.12,2.0,1.988
2026-03-16,3,6,Chicken,180.17,1.0,0.993
2026-03-16,3,7,Carrots,239.56,2.0,1.99
2026-03-16,3,7,Potatoes,133.1,1.0,0.993
2026-03-16,3,8,Tomatoes,58.96,0.5,0.5
2026-03-16,3,8,Rice,22.74,0.5,0.498
2026-03-16,3,9,Beef,621.84,1.5,1.499
2026-03-16,3,9,Chicken,360.34,2.0,1.997
2026-03-16,3,10,Potatoes,133.1,1.0,1.001
2026-03-16,3,10,Rice,45.49,1.0,0.997
2026-03-16,3,11,Cabbage,109.5,1.0,0.998
2026-03-16,3,11,Chicken,360.34,2.0,2.005
2026-03-16,3,12,Carrots,239.56,2.0,1.992
2026-03-16,3,12,Potatoes,133.1,1.0,1.001
2026-03-16,3,13,Beef,621.84,1.5,1.499
2026-03-16,3,13,Rice,22.74,0.5,0.497
2026-03-16,3,14,Rice,90.98,2.0,1.992
2026-03-16,3,14,Tomatoes,58.96,0.5,0.498
2026-03-16,3,15,Rice,68.24,1.5,1.494
2026-03-16,3,15,Chicken,270.26,1.5,1.494
2026-03-16,3,16,Carrots,179.67,1.5,1.502
2026-03-16,3,16,Bangus,388.08,2.0,1.991
2026-03-16,3,17,Cabbage,219.0,2.0,2.003
2026-03-16,3,17,Potatoes,66.55,0.5,0.498
2026-03-16,3,18,Chicken,270.26,1.5,1.502
2026-03-16,3,18,Rice,90.98,2.0,1.996
2026-03-16,3,19,Carrots,59.89,0.5,0.497
2026-03-16,3,19,Bangus,97.02,0.5,0.499
2026-03-16,3,20,Rice,22.74,0.5,0.499
2026-03-16,3,20,Potatoes,133.1,1.0,0.993
2026-03-16,3,21,Bangus,291.06,1.5,1.489
2026-03-16,3,21,Bangus,388.08,2.0,1.99
2026-03-16,3,22,Carrots,119.78,1.0,0.997
2026-03-16,3,22,Beef,414.56,1.0,0.997
2026-03-16,3,23,Cabbage,164.25,1.5,1.492
2026-03-16,3,23,Chicken,360.34,2.0,1.994
2026-03-16,3,24,Cabbage,164.25,1.5,1.489
2026-03-16,3,24,Potatoes,133.1,1.0,0.999
2026-03-16,3,25,Chicken,90.08,0.5,0.499
2026-03-16,3,25,Carrots,179.67,1.5,1.502
2026-03-16,3,26,Tomatoes,58.96,0.5,0.497
2026-03-16,3,26,Rice,45.49,1.0,0.997
2026-03-16,3,27,Tomatoes,235.82,2.0,1.995
2026-03-16,3,27,Chicken,90.08,0.5,0.496
2026-03-16,3,28,Beef,621.84,1.5,1.501
2026-03-16,3,28,Bangus,194.04,1.0,0.996
2026-03-16,3,29,Cabbage,219.0,2.0,1.99
2026-03-16,3,29,Beef,207.28,0.5,0.498
2026-03-16,3,30,Chicken,180.17,1.0,0.993
2026-03-16,3,30,Beef,621.84,1.5,1.501
2026-03-16,3,31,Beef,829.12,2.0,1.991
2026-03-16,3,31,Rice,45.49,1.0,1.002
2026-03-17,4,1,Beef,424.7,1.0,0.999
2026-03-17,4,1,Potatoes,199.77,1.5,1.49
2026-03-17,4,2,Beef,424.7,1.0,0.995
2026-03-17,4,2,Carrots,105.2,1.0,1.001
2026-03-17,4,3,Beef,212.35,0.5,0.497
2026-03-17,4,3,Chicken,217.71,1.0,0.995
2026-03-17,4,4,Potatoes,266.36,2.0,1.993
2026-03-17,4,4,Cabbage,180.72,1.5,1.49
2026-03-17,4,5,Tomatoes,65.07,1.0,0.995
2026-03-17,4,5,Rice,29.86,0.5,0.498
2026-03-17,4,6,Bangus,328.92,2.0,1.995
2026-03-17,4,6,Cabbage,120.48,1.0,0.993
2026-03-17,4,7,Potatoes,66.59,0.5,0.498
2026-03-17,4,7,Carrots,157.8,1.5,1.496
2026-03-17,4,8,Carrots,52.6,0.5,0.497
2026-03-17,4,8,Chicken,108.86,0.5,0.5
2026-03-17,4,9,Cabbage,120.48,1.0,1.001
2026-03-17,4,9,Potatoes,266.36,2.0,2.005
2026-03-17,4,10,Tomatoes,97.6,1.5,1.503
2026-03-17,4,10,Cabbage,240.96,2.0,1.996
2026-03-17,4,11,Bangus,246.69,1.5,1.497
2026-03-17,4,11,Chicken,435.42,2.0,2.0
2026-03-17,4,12,Bangus,328.92,2.0,1.996
2026-03-17,4,12,Cabbage,240.96,2.0,1.999
2026-03-17,4,13,Beef,849.4,2.0,1.989
2026-03-17,4,13,Bangus,328.92,2.0,1.988
2026-03-17,4,14,Tomatoes,32.53,0.5,0.497
2026-03-17,4,14,Potatoes,66.59,0.5,0.501
2026-03-17,4,15,Potatoes,266.36,2.0,1.989
2026-03-17,4,15,Chicken,108.86,0.5,0.497
2026-03-17,4,16,Bangus,246.69,1.5,1.492
2026-03-17,4,16,Carrots,105.2,1.0,0.994
2026-03-17,4,17,Rice,59.73,1.0,0.995
2026-03-17,4,17,Chicken,326.56,1.5,1.49
2026-03-17,4,18,Chicken,435.42,2.0,2.0
2026-03-17,4,18,Cabbage,180.72,1.5,1.498
2026-03-17,4,19,Rice,119.46,2.0,2.0
2026-03-17,4,19,Tomatoes,65.07,1.0,0.993
2026-03-17,4,20,Bangus,82.23,0.5,0.499
2026-03-17,4,20,Bangus,328.92,2.0,1.989
2026-03-17,4,21,Carrots,210.4,2.0,1.998
2026-03-17,4,21,Rice,119.46,2.0,2.003
2026-03-17,4,22,Bangus,246.69,1.5,1.503
2026-03-17,4,22,Potatoes,266.36,2.0,1.996
2026-03-17,4,23,Beef,212.35,0.5,0.5
2026-03-17,4,23,Bangus,164.46,1.0,0.994
2026-03-17,4,24,Rice,29.86,0.5,0.5
2026-03-17,4,24,Beef,849.4,2.0,1.999
2026-03-17,4,25,Cabbage,60.24,0.5,0.498
2026-03-17,4,25,Tomatoes,65.07,1.0,0.998
2026-03-17,4,26,Rice,29.86,0.5,0.498
2026-03-17,4,26,Tomatoes,32.53,0.5,0.497
2026-03-17,4,27,Carrots,157.8,1.5,1.489
2026-03-17,4,27,Rice,89.6,1.5,1.495
2026-03-17,4,28,Rice,29.86,0.5,0.497
2026-03-17,4,28,Potatoes,199.77,1.5,1.494
2026-03-17,4,29,Rice,59.73,1.0,1.002
2026-03-17,4,29,Carrots,210.4,2.0,1.995
2026-03-17,4,30,Bangus,328.92,2.0,1.996
2026-03-17,4,30,Tomatoes,65.07,1.0,1.0
2026-03-17,4,31,Cabbage,240.96,2.0,1.99
2026-03-17,4,31,Bangus,164.46,1.0,0.994
2026-03-17,4,32,Beef,637.05,1.5,1.499
2026-03-17,4,32,Carrots,157.8,1.5,1.493
2026-03-17,4,33,Carrots,105.2,1.0,0.994
2026-03-17,4,33,Potatoes,266.36,2.0,1.998
2026-03-17,4,34,Chicken,217.71,1.0,0.994
2026-03-17,4,34,Beef,424.7,1.0,0.994
2026-03-17,4,35,Rice,89.6,1.5,1.498
2026-03-17,4,35,Beef,849.4,2.0,1.989
2026-03-17,4,36,Potatoes,266.36,2.0,1.985
2026-03-17,4,36,Carrots,52.6,0.5,0.501
2026-03-18,5,1,Rice,27.42,0.5,0.497
2026-03-18,5,1,Carrots,155.3,1.5,1.5
2026-03-18,5,2,Tomatoes,50.62,0.5,0.5
2026-03-18,5,2,Chicken,91.79,0.5,0.5
2026-03-18,5,3,Rice,109.68,2.0,1.985
2026-03-18,5,3,Bangus,321.26,1.5,1.491
2026-03-18,5,4,Carrots,207.06,2.0,1.995
2026-03-18,5,4,Cabbage,169.92,1.5,1.493
2026-03-18,5,5,Cabbage,169.92,1.5,1.491
2026-03-18,5,5,Carrots,207.06,2.0,1.998
2026-03-18,5,6,Cabbage,113.28,1.0,0.994
2026-03-18,5,6,Beef,635.72,1.5,1.492
2026-03-18,5,7,Bangus,214.17,1.0,0.994
2026-03-18,5,7,Tomatoes,50.62,0.5,0.498
2026-03-18,5,8,Rice,27.42,0.5,0.499
2026-03-18,5,8,Rice,82.26,1.5,1.496
2026-03-18,5,9,Potatoes,255.36,2.0,1.998
2026-03-18,5,9,Bangus,107.08,0.5,0.498
2026-03-18,5,10,Bangus,214.17,1.0,1.002
2026-03-18,5,10,Tomatoes,101.23,1.0,0.996
2026-03-18,5,11,Carrots,51.76,0.5,0.498
2026-03-18,5,11,Cabbage,226.56,2.0,1.994
2026-03-18,5,12,Potatoes,63.84,0.5,0.498
2026-03-18,5,12,Cabbage,226.56,2.0,1.998
2026-03-18,5,13,Carrots,51.76,0.5,0.499
2026-03-18,5,13,Potatoes,191.52,1.5,1.489
2026-03-18,5,14,Bangus,107.08,0.5,0.5
2026-03-18,5,14,Tomatoes,151.84,1.5,1.493
2026-03-18,5,15,Tomatoes,101.23,1.0,0.996
2026-03-18,5,15,Rice,54.84,1.0,0.995
2026-03-18,5,16,Tomatoes,50.62,0.5,0.497
2026-03-18,5,16,Potatoes,255.36,2.0,1.99
2026-03-18,5,17,Beef,847.62,2.0,1.988
2026-03-18,5,17,Bangus,107.08,0.5,0.5
2026-03-18,5,18,Potatoes,127.68,1.0,0.996
2026-03-18,5,18,Bangus,214.17,1.0,1.002
2026-03-18,5,19,Tomatoes,101.23,1.0,0.999
2026-03-18,5,19,Chicken,91.79,0.5,0.497
2026-03-18,5,20,Rice,27.42,0.5,0.496
2026-03-18,5,20,Potatoes,255.36,2.0,1.992
2026-03-18,5,21,Chicken,91.79,0.5,0.501
2026-03-18,5,21,Chicken,183.58,1.0,0.995
2026-03-18,5,22,Rice,54.84,1.0,1.002
2026-03-18,5,22,Cabbage,169.92,1.5,1.492
2026-03-18,5,23,Cabbage,56.64,0.5,0.498
2026-03-18,5,23,Chicken,183.58,1.0,1.002
2026-03-18,5,24,Bangus,214.17,1.0,1.0
2026-03-18,5,24,Potatoes,63.84,0.5,0.501
2026-03-18,5,25,Beef,847.62,2.0,1.999
2026-03-18,5,25,Potatoes,255.36,2.0,2.004
2026-03-18,5,26,Bangus,428.34,2.0,2.0
2026-03-18,5,26,Chicken,275.37,1.5,1.498
2026-03-18,5,27,Cabbage,113.28,1.0,0.996
2026-03-18,5,27,Carrots,51.76,0.5,0.497
2026-03-18,5,28,Beef,423.81,1.0,0.995
2026-03-18,5,28,Carrots,103.53,1.0,0.995
2026-03-18,5,29,Tomatoes,101.23,1.0,1.0
2026-03-18,5,29,Bangus,428.34,2.0,1.997
2026-03-18,5,30,Tomatoes,50.62,0.5,0.498
2026-03-18,5,30,Carrots,51.76,0.5,0.498
2026-03-18,5,31,Chicken,275.37,1.5,1.494
2026-03-18,5,31,Tomatoes,50.62,0.5,0.5
2026-03-18,5,32,Tomatoes,50.62,0.5,0.499
2026-03-18,5,32,Potatoes,127.68,1.0,0.993
2026-03-18,5,33,Rice,27.42,0.5,0.498
2026-03-18,5,33,Chicken,183.58,1.0,0.995
2026-03-18,5,34,Chicken,91.79,0.5,0.501
2026-03-18,5,34,Potatoes,255.36,2.0,1.988
2026-03-18,5,35,Bangus,107.08,0.5,0.5
2026-03-18,5,35,Potatoes,63.84,0.5,0.497
2026-03-18,5,36,Carrots,207.06,2.0,1.998
2026-03-18,5,36,Bangus,321.26,1.5,1.497
2026-03-18,5,37,Bangus,321.26,1.5,1.499
2026-03-18,5,37,Bangus,107.08,0.5,0.499
2026-03-18,5,38,Rice,82.26,1.5,1.501
2026-03-18,5,38,Cabbage,226.56,2.0,1.998
2026-03-18,5,39,Chicken,183.58,1.0,0.998
2026-03-18,5,39,Carrots,207.06,2.0,1.994
2026-03-18,5,40,Carrots,207.06,2.0,1.993
2026-03-18,5,40,Rice,27.42,0.5,0.501
2026-03-18,5,41,Bangus,321.26,1.5,1.493
2026-03-18,5,41,Cabbage,169.92,1.5,1.493
2026-03-18,5,42,Rice,82.26,1.5,1.502
2026-03-18,5,42,Cabbage,56.64,0.5,0.497
2026-03-18,5,43,Carrots,103.53,1.0,0.994
2026-03-18,5,43,Tomatoes,202.46,2.0,2.001
2026-03-18,5,44,Beef,847.62,2.0,2.0
2026-03-18,5,44,Tomatoes,151.84,1.5,1.49
2026-03-18,5,45,Rice,27.42,0.5,0.499
2026-03-18,5,45,Carrots,103.53,1.0,0.996
2026-03-18,5,46,Beef,635.72,1.5,1.491
2026-03-18,5,46,Rice,82.26,1.5,1.503
2026-03-18,5,47,Rice,82.26,1.5,1.497
2026-03-18,5,47,Beef,847.62,2.0,1.988
2026-03-18,5,48,Beef,635.72,1.5,1.49
2026-03-18,5,48,Tomatoes,101.23,1.0,0.993
2026-03-19,1,1,Potatoes,163.04,1.5,1.501
2026-03-19,1,1,Cabbage,51.46,0.5,0.496
2026-03-19,1,2,Beef,194.05,0.5,0.497
2026-03-19,1,2,Beef,388.1,1.0,0.999
2026-03-19,1,3,Potatoes,163.04,1.5,1.5
2026-03-19,1,3,Potatoes,217.38,2.0,1.988
2026-03-19,1,4,Rice,27.93,0.5,0.498
2026-03-19,1,4,Beef,776.2,2.0,1.995
2026-03-19,1,5,Chicken,417.4,2.0,1.997
2026-03-19,1,5,Carrots,115.03,1.0,0.996
2026-03-19,1,6,Cabbage,154.38,1.5,1.493
2026-03-19,1,6,Rice,83.79,1.5,1.495
2026-03-19,1,7,Tomatoes,69.59,1.0,0.995
2026-03-19,1,7,Carrots,172.54,1.5,1.493
2026-03-19,1,8,Rice,27.93,0.5,0.497
2026-03-19,1,8,Chicken,417.4,2.0,2.001
2026-03-19,1,9,Bangus,81.5,0.5,0.501
2026-03-19,1,9,Chicken,417.4,2.0,1.986
2026-03-19,1,10,Tomatoes,139.18,2.0,2.0
2026-03-19,1,10,Rice,111.72,2.0,1.988
2026-03-19,1,11,Beef,194.05,0.5,0.501
2026-03-19,1,11,Bangus,163.01,1.0,0.996
2026-03-19,1,12,Potatoes,163.04,1.5,1.49
2026-03-19,1,12,Rice,27.93,0.5,0.499
2026-03-19,1,13,Rice,55.86,1.0,0.997
2026-03-19,1,13,Carrots,57.52,0.5,0.5
2026-03-19,1,14,Tomatoes,139.18,2.0,1.988
2026-03-19,1,14,Chicken,313.05,1.5,1.495
2026-03-19,1,15,Carrots,172.54,1.5,1.498
2026-03-19,1,15,Carrots,172.54,1.5,1.502
2026-03-19,1,16,Bangus,81.5,0.5,0.5
2026-03-19,1,16,Tomatoes,69.59,1.0,1.002
2026-03-19,1,17,Potatoes,108.69,1.0,1.002
2026-03-19,1,17,Beef,388.1,1.0,0.999
2026-03-19,1,18,Cabbage,205.84,2.0,1.996
2026-03-19,1,18,Potatoes,163.04,1.5,1.503
2026-03-19,1,19,Potatoes,217.38,2.0,1.996
2026-03-19,1,19,Rice,55.86,1.0,1.002
2026-03-19,1,20,Beef,194.05,0.5,0.5
2026-03-19,1,20,Rice,83.79,1.5,1.504
2026-03-19,1,21,Bangus,244.52,1.5,1.492
2026-03-19,1,21,Rice,111.72,2.0,1.99
2026-03-19,1,22,Rice,111.72,2.0,1.987
2026-03-19,1,22,Rice,83.79,1.5,1.503
2026-03-19,1,23,Potatoes,108.69,1.0,1.0
2026-03-19,1,23,Beef,776.2,2.0,1.995
2026-03-19,1,24,Tomatoes,69.59,1.0,0.999
2026-03-19,1,24,Rice,55.86,1.0,0.993
2026-03-19,1,25,Rice,55.86,1.0,1.001
2026-03-19,1,25,Tomatoes,139.18,2.0,1.993
2026-03-19,1,26,Rice,55.86,1.0,0.996
2026-03-19,1,26,Cabbage,205.84,2.0,1.997
2026-03-19,1,27,Potatoes,54.34,0.5,0.496
2026-03-19,1,27,Bangus,326.02,2.0,1.997
2026-03-19,1,28,Chicken,104.35,0.5,0.499
2026-03-19,1,28,Beef,194.05,0.5,0.497
2026-03-19,1,29,Carrots,57.52,0.5,0.5
2026-03-19,1,29,Potatoes,217.38,2.0,1.993
2026-03-19,1,30,Carrots,57.52,0.5,0.5
2026-03-19,1,30,Cabbage,205.84,2.0,1.987
2026-03-19,1,31,Chicken,417.4,2.0,1.986
2026-03-19,1,31,Beef,776.2,2.0,2.005
2026-03-19,1,32,Chicken,208.7,1.0,1.002
2026-03-19,1,32,Carrots,115.03,1.0,0.997
2026-03-19,1,33,Tomatoes,104.38,1.5,1.502
2026-03-19,1,33,Tomatoes,34.8,0.5,0.499
2026-03-20,2,1,Cabbage,116.78,1.0,0.994
2026-03-20,2,1,Cabbage,116.78,1.0,0.999
2026-03-20,2,2,Tomatoes,63.77,1.0,0.993
2026-03-20,2,2,Chicken,407.62,2.0,1.99
2026-03-20,2,3,Bangus,286.58,1.5,1.493
2026-03-20,2,3,Chicken,203.81,1.0,1.002
2026-03-20,2,4,Tomatoes,63.77,1.0,0.997
2026-03-20,2,4,Potatoes,149.08,1.5,1.499
2026-03-20,2,5,Tomatoes,31.88,0.5,0.5
2026-03-20,2,5,Chicken,203.81,1.0,0.995
2026-03-20,2,6,Bangus,95.52,0.5,0.5
2026-03-20,2,6,Carrots,73.23,0.5,0.5
2026-03-20,2,7,Cabbage,58.39,0.5,0.501
2026-03-20,2,7,Cabbage,116.78,1.0,1.0
2026-03-20,2,8,Beef,386.2,1.0,0.996
2026-03-20,2,8,Bangus,286.58,1.5,1.49
2026-03-20,2,9,Bangus,191.05,1.0,0.996
2026-03-20,2,9,Cabbage,233.56,2.0,2.003
2026-03-20,2,10,Bangus,95.52,0.5,0.5
2026-03-20,2,10,Beef,579.3,1.5,1.491
2026-03-20,2,11,Tomatoes,127.54,2.0,1.998
2026-03-20,2,11,Bangus,382.1,2.0,1.986
2026-03-20,2,12,Beef,772.4,2.0,1.989
2026-03-20,2,12,Cabbage,233.56,2.0,1.988
2026-03-20,2,13,Potatoes,198.78,2.0,1.988
2026-03-20,2,13,Rice,84.52,1.5,1.49
2026-03-20,2,14,Tomatoes,31.88,0.5,0.499
2026-03-20,2,14,Rice,28.18,0.5,0.496
2026-03-20,2,15,Tomatoes,31.88,0.5,0.5
2026-03-20,2,15,Tomatoes,95.66,1.5,1.489
2026-03-20,2,16,Rice,56.35,1.0,0.997
2026-03-20,2,16,Bangus,191.05,1.0,0.997
2026-03-20,2,17,Bangus,191.05,1.0,0.995
2026-03-20,2,17,Rice,28.18,0.5,0.498
2026-03-20,2,18,Tomatoes,31.88,0.5,0.499
2026-03-20,2,18,Bangus,95.52,0.5,0.497
2026-03-20,2,19,Potatoes,99.39,1.0,0.994
2026-03-20,2,19,Carrots,292.92,2.0,1.995
2026-03-20,2,20,Cabbage,58.39,0.5,0.499
2026-03-20,2,20,Carrots,219.69,1.5,1.5
2026-03-20,2,21,Cabbage,175.17,1.5,1.496
2026-03-20,2,21,Rice,56.35,1.0,1.002
2026-03-20,2,22,Beef,579.3,1.5,1.503
2026-03-20,2,22,Chicken,305.72,1.5,1.501
2026-03-20,2,23,Beef,772.4,2.0,1.987
2026-03-20,2,23,Cabbage,116.78,1.0,0.996
2026-03-20,2,24,Cabbage,175.17,1.5,1.496
2026-03-20,2,24,Cabbage,175.17,1.5,1.492
2026-03-20,2,25,Potatoes,198.78,2.0,1.99
2026-03-20,2,25,Tomatoes,95.66,1.5,1.501
2026-03-20,2,26,Potatoes,99.39,1.0,1.002
2026-03-20,2,26,Bangus,382.1,2.0,1.997
2026-03-20,2,27,Bangus,191.05,1.0,0.999
2026-03-20,2,27,Bangus,95.52,0.5,0.498
2026-03-20,2,28,Carrots,292.92,2.0,1.986
2026-03-20,2,28,Potatoes,99.39,1.0,1.001
2026-03-20,2,29,Cabbage,233.56,2.0,1.988
2026-03-20,2,29,Beef,772.4,2.0,1.989
2026-03-20,2,30,Rice,84.52,1.5,1.503
2026-03-20,2,30,Cabbage,58.39,0.5,0.499
2026-03-20,2,31,Beef,772.4,2.0,2.003
2026-03-20,2,31,Tomatoes,95.66,1.5,1.5
2026-03-20,2,32,Bangus,191.05,1.0,0.995
2026-03-20,2,32,Bangus,382.1,2.0,1.998
2026-03-20,2,33,Beef,579.3,1.5,1.492
2026-03-20,2,33,Chicken,305.72,1.5,1.499
2026-03-23,3,1,Carrots,65.96,0.5,0.497
2026-03-23,3,1,Tomatoes,143.91,1.5,1.5
2026-03-23,3,2,Bangus,324.99,1.5,1.495
2026-03-23,3,2,Chicken,426.14,2.0,1.992
2026-03-23,3,3,Bangus,216.66,1.0,1.002
2026-03-23,3,3,Chicken,319.6,1.5,1.499
2026-03-23,3,4,Cabbage,160.57,1.5,1.496
2026-03-23,3,4,Potatoes,245.84,2.0,1.998
2026-03-23,3,5,Bangus,108.33,0.5,0.498
2026-03-23,3,5,Chicken,213.07,1.0,0.999
2026-03-23,3,6,Tomatoes,143.91,1.5,1.493
2026-03-23,3,6,Rice,53.4,1.0,1.002
2026-03-23,3,7,Carrots,263.86,2.0,1.994
2026-03-23,3,7,Beef,363.2,1.0,0.999
2026-03-23,3,8,Beef,363.2,1.0,1.001
2026-03-23,3,8,Cabbage,214.1,2.0,1.991
2026-03-23,3,9,Beef,544.8,1.5,1.497
2026-03-23,3,9,Rice,53.4,1.0,1.001
2026-03-23,3,10,Rice,26.7,0.5,0.5
2026-03-23,3,10,Bangus,216.66,1.0,0.993
2026-03-23,3,11,Beef,726.4,2.0,2.001
2026-03-23,3,11,Beef,544.8,1.5,1.497
2026-03-23,3,12,Beef,181.6,0.5,0.499
2026-03-23,3,12,Chicken,213.07,1.0,0.995
2026-03-23,3,13,Carrots,131.93,1.0,0.994
2026-03-23,3,13,Cabbage,107.05,1.0,1.002
2026-03-23,3,14,Chicken,319.6,1.5,1.493
2026-03-23,3,14,Potatoes,122.92,1.0,0.996
2026-03-23,3,15,Beef,363.2,1.0,0.996
2026-03-23,3,15,Beef,726.4,2.0,1.992
2026-03-23,3,16,Carrots,131.93,1.0,1.001
2026-03-23,3,16,Carrots,263.86,2.0,1.995
2026-03-23,3,17,Tomatoes,47.97,0.5,0.5
2026-03-23,3,17,Chicken,213.07,1.0,1.001
2026-03-23,3,18,Cabbage,214.1,2.0,1.994
2026-03-23,3,18,Tomatoes,95.94,1.0,0.995
2026-03-23,3,19,Beef,181.6,0.5,0.501
2026-03-23,3,19,Carrots,197.9,1.5,1.495
2026-03-23,3,20,Carrots,263.86,2.0,1.996
2026-03-23,3,20,Bangus,108.33,0.5,0.498
2026-03-23,3,21,Beef,726.4,2.0,1.993
2026-03-23,3,21,Potatoes,61.46,0.5,0.497
2026-03-23,3,22,Bangus,433.32,2.0,1.986
2026-03-23,3,22,Beef,544.8,1.5,1.503
2026-03-23,3,23,Rice,106.8,2.0,1.999
2026-03-23,3,23,Chicken,106.54,0.5,0.5
2026-03-23,3,24,Bangus,324.99,1.5,1.503
2026-03-23,3,24,Rice,80.1,1.5,1.503
2026-03-23,3,25,Beef,726.4,2.0,1.986
2026-03-23,3,25,Tomatoes,143.91,1.5,1.493
2026-03-23,3,26,Bangus,324.99,1.5,1.501
2026-03-23,3,26,Carrots,131.93,1.0,1.0
2026-03-23,3,27,Potatoes,122.92,1.0,0.995
2026-03-23,3,27,Cabbage,107.05,1.0,0.996
2026-03-23,3,28,Cabbage,214.1,2.0,1.994
2026-03-23,3,28,Potatoes,184.38,1.5,1.501
2026-03-23,3,29,Beef,544.8,1.5,1.496
2026-03-23,3,29,Rice,80.1,1.5,1.5
2026-03-23,3,30,Tomatoes,47.97,0.5,0.497
2026-03-23,3,30,Potatoes,122.92,1.0,1.002
2026-03-23,3,31,Chicken,426.14,2.0,1.99
2026-03-23,3,31,Tomatoes,95.94,1.0,0.994
2026-03-23,3,32,Rice,106.8,2.0,1.987
2026-03-23,3,32,Cabbage,53.52,0.5,0.5
2026-03-23,3,33,Chicken,106.54,0.5,0.498
2026-03-23,3,33,Tomatoes,191.88,2.0,1.988
2026-03-23,3,34,Beef,181.6,0.5,0.498
2026-03-23,3,34,Chicken,319.6,1.5,1.49
2026-03-23,3,35,Bangus,433.32,2.0,1.994
2026-03-23,3,35,Beef,726.4,2.0,2.0
2026-03-23,3,36,Cabbage,214.1,2.0,2.001
2026-03-23,3,36,Carrots,263.86,2.0,2.001
2026-03-23,3,37,Cabbage,53.52,0.5,0.501
2026-03-23,3,37,Cabbage,214.1,2.0,1.992
2026-03-23,3,38,Rice,26.7,0.5,0.499
2026-03-23,3,38,Chicken,426.14,2.0,2.0
2026-03-23,3,39,Carrots,65.96,0.5,0.5
2026-03-23,3,39,Chicken,426.14,2.0,1.993
2026-03-23,3,40,Cabbage,214.1,2.0,1.996
2026-03-23,3,40,Rice,106.8,2.0,1.992
2026-03-23,3,41,Potatoes,245.84,2.0,1.987
2026-03-23,3,41,Chicken,426.14,2.0,1.988
2026-03-23,3,42,Tomatoes,95.94,1.0,0.997
2026-03-23,3,42,Carrots,65.96,0.5,0.498
2026-03-24,4,1,Carrots,135.24,1.5,1.501
2026-03-24,4,1,Bangus,328.46,2.0,1.997
2026-03-24,4,2,Rice,92.44,2.0,1.999
2026-03-24,4,2,Rice,69.33,1.5,1.502
2026-03-24,4,3,Chicken,100.14,0.5,0.499
2026-03-24,4,3,Cabbage,41.7,0.5,0.497
2026-03-24,4,4,Bangus,246.34,1.5,1.496
2026-03-24,4,4,Tomatoes,55.02,0.5,0.497
2026-03-24,4,5,Bangus,328.46,2.0,1.985
2026-03-24,4,5,Beef,622.81,1.5,1.501
2026-03-24,4,6,Potatoes,50.28,0.5,0.501
2026-03-24,4,6,Carrots,90.16,1.0,0.998
2026-03-24,4,7,Cabbage,125.12,1.5,1.494
2026-03-24,4,7,Cabbage,166.82,2.0,1.996
2026-03-24,4,8,Carrots,135.24,1.5,1.494
2026-03-24,4,8,Carrots,45.08,0.5,0.5
2026-03-24,4,9,Chicken,100.14,0.5,0.501
2026-03-24,4,9,Bangus,82.12,0.5,0.501
2026-03-24,4,10,Bangus,328.46,2.0,2.002
2026-03-24,4,10,Rice,23.11,0.5,0.497
2026-03-24,4,11,Beef,830.42,2.0,1.99
2026-03-24,4,11,Potatoes,100.55,1.0,0.999
2026-03-24,4,12,Tomatoes,55.02,0.5,0.5
2026-03-24,4,12,Potatoes,201.1,2.0,1.988
2026-03-24,4,13,Cabbage,166.82,2.0,1.996
2026-03-24,4,13,Bangus,246.34,1.5,1.493
2026-03-24,4,14,Bangus,246.34,1.5,1.491
2026-03-24,4,14,Chicken,400.54,2.0,2.005
2026-03-24,4,15,Carrots,45.08,0.5,0.496
2026-03-24,4,15,Chicken,200.27,1.0,0.994
2026-03-24,4,16,Bangus,246.34,1.5,1.503
2026-03-24,4,16,Potatoes,150.82,1.5,1.503
2026-03-24,4,17,Cabbage,83.41,1.0,1.0
2026-03-24,4,17,Rice,23.11,0.5,0.5
2026-03-24,4,18,Rice,69.33,1.5,1.497
2026-03-24,4,18,Carrots,180.32,2.0,2.003
2026-03-24,4,19,Carrots,180.32,2.0,1.995
2026-03-24,4,19,Beef,830.42,2.0,1.994
2026-03-24,4,20,Chicken,200.27,1.0,0.999
2026-03-24,4,20,Chicken,100.14,0.5,0.497
2026-03-24,4,21,Chicken,300.41,1.5,1.497
2026-03-24,4,21,Bangus,82.12,0.5,0.5
2026-03-24,4,22,Carrots,135.24,1.5,1.503
2026-03-24,4,22,Rice,92.44,2.0,1.997
2026-03-24,4,23,Bangus,246.34,1.5,1.491
2026-03-24,4,23,Chicken,100.14,0.5,0.498
2026-03-24,4,24,Cabbage,166.82,2.0,2.003
2026-03-24,4,24,Chicken,400.54,2.0,1.988
2026-03-24,4,25,Chicken,400.54,2.0,1.99
2026-03-24,4,25,Cabbage,166.82,2.0,1.996
2026-03-24,4,26,Tomatoes,220.1,2.0,2.002
2026-03-24,4,26,Rice,46.22,1.0,0.999
2026-03-24,4,27,Potatoes,100.55,1.0,1.001
2026-03-24,4,27,Carrots,90.16,1.0,0.993
2026-03-24,4,28,Chicken,100.14,0.5,0.498
2026-03-24,4,28,Chicken,100.14,0.5,0.5
2026-03-24,4,29,Chicken,300.41,1.5,1.497
2026-03-24,4,29,Cabbage,83.41,1.0,0.994
2026-03-24,4,30,Tomatoes,165.08,1.5,1.497
2026-03-24,4,30,Bangus,82.12,0.5,0.501
2026-03-24,4,31,Tomatoes,220.1,2.0,1.991
2026-03-24,4,31,Potatoes,50.28,0.5,0.501
2026-03-24,4,32,Beef,207.6,0.5,0.501
2026-03-24,4,32,Beef,207.6,0.5,0.5
2026-03-24,4,33,Carrots,90.16,1.0,1.0
2026-03-24,4,33,Bangus,82.12,0.5,0.497
2026-03-24,4,34,Cabbage,83.41,1.0,0.997
2026-03-24,4,34,Rice,69.33,1.5,1.502
2026-03-25,5,1,Chicken,314.44,1.5,1.502
2026-03-25,5,1,Chicken,104.82,0.5,0.498
2026-03-25,5,2,Potatoes,275.48,2.0,2.0
2026-03-25,5,2,Tomatoes,153.06,2.0,1.996
2026-03-25,5,3,Carrots,257.72,2.0,1.998
2026-03-25,5,3,Potatoes,275.48,2.0,1.99
2026-03-25,5,4,Bangus,86.11,0.5,0.498
2026-03-25,5,4,Beef,715.62,2.0,1.999
2026-03-25,5,5,Tomatoes,153.06,2.0,2.001
2026-03-25,5,5,Carrots,257.72,2.0,1.99
2026-03-25,5,6,Chicken,314.44,1.5,1.492
2026-03-25,5,6,Bangus,86.11,0.5,0.496
2026-03-25,5,7,Carrots,193.29,1.5,1.49
2026-03-25,5,7,Rice,118.62,2.0,1.998
2026-03-25,5,8,Beef,715.62,2.0,1.988
2026-03-25,5,8,Carrots,193.29,1.5,1.493
2026-03-25,5,9,Cabbage,189.62,2.0,2.004
2026-03-25,5,9,Tomatoes,114.8,1.5,1.502
2026-03-25,5,10,Bangus,344.44,2.0,2.002
2026-03-25,5,10,Tomatoes,153.06,2.0,2.0
2026-03-25,5,11,Chicken,419.26,2.0,1.996
2026-03-25,5,11,Cabbage,47.4,0.5,0.501
2026-03-25,5,12,Tomatoes,76.53,1.0,0.994
2026-03-25,5,12,Chicken,104.82,0.5,0.498
2026-03-25,5,13,Cabbage,94.81,1.0,0.996
2026-03-25,5,13,Bangus,86.11,0.5,0.499
2026-03-25,5,14,Chicken,209.63,1.0,0.993
2026-03-25,5,14,Bangus,344.44,2.0,1.996
2026-03-25,5,15,Tomatoes,76.53,1.0,1.0
2026-03-25,5,15,Beef,536.72,1.5,1.489
2026-03-25,5,16,Cabbage,189.62,2.0,1.988
2026-03-25,5,16,Beef,536.72,1.5,1.502
2026-03-25,5,17,Chicken,104.82,0.5,0.498
2026-03-25,5,17,Potatoes,68.87,0.5,0.501
2026-03-25,5,18,Tomatoes,153.06,2.0,1.985
2026-03-25,5,18,Rice,88.96,1.5,1.493
2026-03-25,5,19,Bangus,344.44,2.0,1.992
2026-03-25,5,19,Rice,118.62,2.0,1.988
2026-03-25,5,20,Bangus,344.44,2.0,1.997
2026-03-25,5,20,Tomatoes,153.06,2.0,1.987
2026-03-25,5,21,Beef,178.9,0.5,0.497
2026-03-25,5,21,Rice,59.31,1.0,1.0
2026-03-25,5,22,Carrots,64.43,0.5,0.498
2026-03-25,5,22,Potatoes,137.74,1.0,1.001
2026-03-25,5,23,Potatoes,206.61,1.5,1.498
2026-03-25,5,23,Rice,59.31,1.0,1.0
2026-03-25,5,24,Rice,59.31,1.0,0.994
2026-03-25,5,24,Cabbage,142.22,1.5,1.497
2026-03-25,5,25,Carrots,193.29,1.5,1.491
2026-03-25,5,25,Beef,715.62,2.0,1.994
2026-03-25,5,26,Tomatoes,153.06,2.0,1.989
2026-03-25,5,26,Tomatoes,38.26,0.5,0.498
2026-03-25,5,27,Bangus,258.33,1.5,1.503
2026-03-25,5,27,Beef,536.72,1.5,1.495
2026-03-25,5,28,Chicken,419.26,2.0,2.002
2026-03-25,5,28,Bangus,172.22,1.0,0.994
2026-03-25,5,29,Tomatoes,76.53,1.0,0.994
2026-03-25,5,29,Tomatoes,76.53,1.0,0.999
2026-03-25,5,30,Rice,59.31,1.0,1.0
2026-03-25,5,30,Potatoes,275.48,2.0,1.998
2026-03-25,5,31,Bangus,344.44,2.0,2.004
2026-03-25,5,31,Cabbage,94.81,1.0,0.998
2026-03-25,5,32,Tomatoes,76.53,1.0,0.998
2026-03-25,5,32,Carrots,64.43,0.5,0.497
2026-03-25,5,33,Chicken,104.82,0.5,0.497
2026-03-25,5,33,Chicken,104.82,0.5,0.499
2026-03-26,1,1,Beef,667.48,1.5,1.495
2026-03-26,1,1,Bangus,198.85,1.0,0.999
2026-03-26,1,2,Cabbage,66.86,0.5,0.497
2026-03-26,1,2,Bangus,99.42,0.5,0.497
2026-03-26,1,3,Cabbage,267.46,2.0,1.996
2026-03-26,1,3,Cabbage,200.59,1.5,1.499
2026-03-26,1,4,Chicken,211.89,1.0,0.996
2026-03-26,1,4,Cabbage,200.59,1.5,1.504
2026-03-26,1,5,Beef,444.99,1.0,0.999
2026-03-26,1,5,Tomatoes,55.96,0.5,0.5
2026-03-26,1,6,Beef,222.5,0.5,0.497
2026-03-26,1,6,Beef,222.5,0.5,0.5
2026-03-26,1,7,Cabbage,66.86,0.5,0.498
2026-03-26,1,7,Tomatoes,111.91,1.0,0.997
2026-03-26,1,8,Potatoes,196.6,2.0,1.988
2026-03-26,1,8,Bangus,198.85,1.0,1.0
2026-03-26,1,9,Chicken,105.94,0.5,0.499
2026-03-26,1,9,Potatoes,147.45,1.5,1.496
2026-03-26,1,10,Bangus,298.27,1.5,1.491
2026-03-26,1,10,Beef,667.48,1.5,1.493
2026-03-26,1,11,Carrots,190.2,1.5,1.493
2026-03-26,1,11,Bangus,198.85,1.0,0.993
2026-03-26,1,12,Tomatoes,111.91,1.0,0.998
2026-03-26,1,12,Potatoes,196.6,2.0,1.996
2026-03-26,1,13,Rice,54.21,1.0,0.996
2026-03-26,1,13,Tomatoes,167.86,1.5,1.498
2026-03-26,1,14,Beef,444.99,1.0,0.999
2026-03-26,1,14,Potatoes,147.45,1.5,1.502
2026-03-26,1,15,Potatoes,196.6,2.0,1.995
2026-03-26,1,15,Rice,108.42,2.0,1.998
2026-03-26,1,16,Tomatoes,111.91,1.0,0.997
2026-03-26,1,16,Chicken,105.94,0.5,0.498
2026-03-26,1,17,Chicken,317.83,1.5,1.492
2026-03-26,1,17,Chicken,423.78,2.0,2.0
2026-03-26,1,18,Bangus,397.7,2.0,1.995
2026-03-26,1,18,Beef,444.99,1.0,0.999
2026-03-26,1,19,Rice,27.1,0.5,0.497
2026-03-26,1,19,Rice,108.42,2.0,1.989
2026-03-26,1,20,Bangus,99.42,0.5,0.496
2026-03-26,1,20,Rice,54.21,1.0,0.995
2026-03-26,1,21,Tomatoes,167.86,1.5,1.501
2026-03-26,1,21,Rice,81.32,1.5,1.499
2026-03-26,1,22,Carrots,126.8,1.0,0.994
2026-03-26,1,22,Beef,889.98,2.0,1.989
2026-03-26,1,23,Cabbage,66.86,0.5,0.5
2026-03-26,1,23,Carrots,63.4,0.5,0.497
2026-03-26,1,24,Tomatoes,167.86,1.5,1.495
2026-03-26,1,24,Rice,27.1,0.5,0.501
2026-03-26,1,25,Potatoes,49.15,0.5,0.5
2026-03-26,1,25,Tomatoes,223.82,2.0,1.993
2026-03-26,1,26,Tomatoes,111.91,1.0,0.994
2026-03-26,1,26,Cabbage,66.86,0.5,0.499
2026-03-26,1,27,Potatoes,49.15,0.5,0.497
2026-03-26,1,27,Rice,27.1,0.5,0.5
2026-03-26,1,28,Rice,81.32,1.5,1.502
2026-03-26,1,28,Beef,444.99,1.0,1.0
2026-03-26,1,29,Carrots,190.2,1.5,1.502
2026-03-26,1,29,Chicken,423.78,2.0,1.998
2026-03-26,1,30,Cabbage,133.73,1.0,0.994
2026-03-26,1,30,Beef,889.98,2.0,1.996
2026-03-26,1,31,Carrots,126.8,1.0,0.999
2026-03-26,1,31,Bangus,298.27,1.5,1.49
2026-03-26,1,32,Rice,54.21,1.0,0.999
2026-03-26,1,32,Tomatoes,167.86,1.5,1.503
2026-03-26,1,33,Chicken,211.89,1.0,0.998
2026-03-26,1,33,Carrots,253.6,2.0,2.005
2026-03-26,1,34,Carrots,126.8,1.0,0.997
2026-03-26,1,34,Rice,108.42,2.0,2.0
2026-03-26,1,35,Bangus,198.85,1.0,1.0
2026-03-26,1,35,Cabbage,267.46,2.0,1.988
2026-03-26,1,36,Carrots,253.6,2.0,1.997
2026-03-26,1,36,Tomatoes,223.82,2.0,2.001
2026-03-26,1,37,Tomatoes,111.91,1.0,0.996
2026-03-26,1,37,Tomatoes,223.82,2.0,1.985
2026-03-26,1,38,Carrots,190.2,1.5,1.496
2026-03-26,1,38,Cabbage,267.46,2.0,1.989
2026-03-26,1,39,Beef,889.98,2.0,1.986
2026-03-26,1,39,Chicken,317.83,1.5,1.503
2026-03-26,1,40,Potatoes,196.6,2.0,1.993
2026-03-26,1,40,Tomatoes,111.91,1.0,0.997
2026-03-26,1,41,Beef,667.48,1.5,1.491
2026-03-26,1,41,Carrots,190.2,1.5,1.49
2026-03-26,1,42,Chicken,423.78,2.0,1.989
2026-03-26,1,42,Tomatoes,223.82,2.0,2.004
2026-03-26,1,43,Potatoes,147.45,1.5,1.493
2026-03-26,1,43,Tomatoes,167.86,1.5,1.498
2026-03-26,1,44,Bangus,298.27,1.5,1.49
2026-03-26,1,44,Chicken,105.94,0.5,0.497
2026-03-26,1,45,Tomatoes,55.96,0.5,0.5
2026-03-26,1,45,Chicken,317.83,1.5,1.504
2026-03-27,2,1,Rice,54.82,1.0,0.997
2026-03-27,2,1,Beef,643.58,1.5,1.49
2026-03-27,2,2,Carrots,56.31,0.5,0.497
2026-03-27,2,2,Chicken,278.77,1.5,1.489
2026-03-27,2,3,Potatoes,190.6,1.5,1.494
2026-03-27,2,3,Rice,82.23,1.5,1.497
2026-03-27,2,4,Chicken,371.7,2.0,1.988
2026-03-27,2,4,Tomatoes,179.92,1.5,1.492
2026-03-27,2,5,Rice,109.64,2.0,1.99
2026-03-27,2,5,Tomatoes,59.98,0.5,0.5
2026-03-27,2,6,Bangus,420.8,2.0,2.005
2026-03-27,2,6,Chicken,371.7,2.0,1.987
2026-03-27,2,7,Cabbage,62.12,0.5,0.497
2026-03-27,2,7,Chicken,278.77,1.5,1.503
2026-03-27,2,8,Cabbage,248.46,2.0,1.993
2026-03-27,2,8,Cabbage,248.46,2.0,1.993
2026-03-27,2,9,Chicken,278.77,1.5,1.499
2026-03-27,2,9,Bangus,105.2,0.5,0.497
2026-03-27,2,10,Cabbage,124.23,1.0,0.996
2026-03-27,2,10,Chicken,278.77,1.5,1.496
2026-03-27,2,11,Tomatoes,119.95,1.0,0.994
2026-03-27,2,11,Potatoes,190.6,1.5,1.49
2026-03-27,2,12,Chicken,278.77,1.5,1.497
2026-03-27,2,12,Carrots,168.93,1.5,1.499
2026-03-27,2,13,Cabbage,186.34,1.5,1.492
2026-03-27,2,13,Bangus,210.4,1.0,0.996
2026-03-27,2,14,Chicken,185.85,1.0,1.001
2026-03-27,2,14,Tomatoes,119.95,1.0,0.998
2026-03-27,2,15,Bangus,420.8,2.0,1.987
2026-03-27,2,15,Chicken,92.92,0.5,0.501
2026-03-27,2,16,Tomatoes,239.9,2.0,1.999
2026-03-27,2,16,Tomatoes,59.98,0.5,0.498
2026-03-27,2,17,Beef,858.1,2.0,1.997
2026-03-27,2,17,Tomatoes,179.92,1.5,1.501
2026-03-27,2,18,Cabbage,62.12,0.5,0.5
2026-03-27,2,18,Tomatoes,59.98,0.5,0.501
2026-03-27,2,19,Beef,429.05,1.0,0.996
2026-03-27,2,19,Rice,54.82,1.0,1.002
2026-03-27,2,20,Beef,214.52,0.5,0.499
2026-03-27,2,20,Cabbage,186.34,1.5,1.499
2026-03-27,2,21,Potatoes,254.14,2.0,1.993
2026-03-27,2,21,Beef,214.52,0.5,0.497
2026-03-27,2,22,Beef,214.52,0.5,0.499
2026-03-27,2,22,Chicken,278.77,1.5,1.491
2026-03-27,2,23,Tomatoes,179.92,1.5,1.501
2026-03-27,2,23,Potatoes,127.07,1.0,0.999
2026-03-27,2,24,Beef,214.52,0.5,0.498
2026-03-27,2,24,Rice,82.23,1.5,1.495
2026-03-27,2,25,Potatoes,254.14,2.0,1.991
2026-03-27,2,25,Cabbage,62.12,0.5,0.497
2026-03-27,2,26,Beef,643.58,1.5,1.496
2026-03-27,2,26,Carrots,168.93,1.5,1.496
2026-03-27,2,27,Rice,54.82,1.0,0.993
2026-03-27,2,27,Tomatoes,119.95,1.0,0.996
2026-03-27,2,28,Carrots,168.93,1.5,1.499
2026-03-27,2,28,Rice,82.23,1.5,1.501
2026-03-27,2,29,Carrots,168.93,1.5,1.502
2026-03-27,2,29,Bangus,315.6,1.5,1.502
2026-03-27,2,30,Rice,82.23,1.5,1.5
2026-03-27,2,30,Carrots,225.24,2.0,1.988
2026-03-27,2,31,Cabbage,124.23,1.0,0.996
2026-03-27,2,31,Beef,858.1,2.0,1.989
2026-03-27,2,32,Bangus,315.6,1.5,1.497
2026-03-27,2,32,Cabbage,186.34,1.5,1.494
2026-03-27,2,33,Tomatoes,59.98,0.5,0.497
2026-03-27,2,33,Rice,54.82,1.0,1.001
2026-03-27,2,34,Carrots,112.62,1.0,1.001
2026-03-27,2,34,Bangus,315.6,1.5,1.494
2026-03-27,2,35,Beef,858.1,2.0,2.001
2026-03-27,2,35,Carrots,56.31,0.5,0.498
2026-03-27,2,36,Beef,643.58,1.5,1.494
2026-03-27,2,36,Cabbage,124.23,1.0,0.996
2026-03-27,2,37,Potatoes,254.14,2.0,1.991
2026-03-27,2,37,Tomatoes,59.98,0.5,0.501
2026-03-27,2,38,Cabbage,62.12,0.5,0.5
2026-03-27,2,38,Carrots,225.24,2.0,1.99
2026-03-27,2,39,Beef,214.52,0.5,0.5
2026-03-27,2,39,Tomatoes,119.95,1.0,0.994
2026-03-27,2,40,Potatoes,190.6,1.5,1.493
2026-03-27,2,40,Carrots,112.62,1.0,0.997
2026-03-27,2,41,Tomatoes,239.9,2.0,1.993
2026-03-27,2,41,Cabbage,62.12,0.5,0.499
2026-03-27,2,42,Beef,429.05,1.0,0.996
2026-03-27,2,42,Cabbage,124.23,1.0,0.998
2026-03-30,3,1,Potatoes,166.47,1.5,1.5
2026-03-30,3,1,Bangus,329.74,2.0,1.989
2026-03-30,3,2,Potatoes,110.98,1.0,0.995
2026-03-30,3,2,Tomatoes,38.98,0.5,0.499
2026-03-30,3,3,Potatoes,166.47,1.5,1.496
2026-03-30,3,3,Rice,115.1,2.0,1.998
2026-03-30,3,4,Chicken,376.7,2.0,1.998
2026-03-30,3,4,Cabbage,202.26,1.5,1.502
2026-03-30,3,5,Potatoes,166.47,1.5,1.492
2026-03-30,3,5,Bangus,247.3,1.5,1.492
2026-03-30,3,6,Beef,364.63,1.0,0.993
2026-03-30,3,6,Tomatoes,116.96,1.5,1.501
2026-03-30,3,7,Chicken,376.7,2.0,1.991
2026-03-30,3,7,Cabbage,134.84,1.0,0.999
2026-03-30,3,8,Bangus,329.74,2.0,2.003
2026-03-30,3,8,Rice,115.1,2.0,1.986
2026-03-30,3,9,Tomatoes,155.94,2.0,1.998
2026-03-30,3,9,Carrots,188.94,1.5,1.49
2026-03-30,3,10,Bangus,247.3,1.5,1.49
2026-03-30,3,10,Carrots,251.92,2.0,2.003
2026-03-30,3,11,Chicken,282.52,1.5,1.497
2026-03-30,3,11,Tomatoes,116.96,1.5,1.492
2026-03-30,3,12,Potatoes,110.98,1.0,0.994
2026-03-30,3,12,Bangus,164.87,1.0,0.999
2026-03-30,3,13,Chicken,282.52,1.5,1.49
2026-03-30,3,13,Rice,86.32,1.5,1.499
2026-03-30,3,14,Tomatoes,77.97,1.0,0.995
2026-03-30,3,14,Rice,57.55,1.0,0.997
2026-03-30,3,15,Tomatoes,38.98,0.5,0.497
2026-03-30,3,15,Cabbage,269.68,2.0,2.001
2026-03-30,3,16,Cabbage,134.84,1.0,0.996
2026-03-30,3,16,Potatoes,110.98,1.0,0.999
2026-03-30,3,17,Beef,546.94,1.5,1.499
2026-03-30,3,17,Bangus,329.74,2.0,2.004
2026-03-30,3,18,Potatoes,55.49,0.5,0.497
2026-03-30,3,18,Carrots,188.94,1.5,1.503
2026-03-30,3,19,Bangus,329.74,2.0,2.002
2026-03-30,3,19,Carrots,251.92,2.0,2.004
2026-03-30,3,20,Tomatoes,77.97,1.0,1.0
2026-03-30,3,20,Carrots,251.92,2.0,2.005
2026-03-30,3,21,Beef,182.32,0.5,0.5
2026-03-30,3,21,Beef,546.94,1.5,1.49
2026-03-30,3,22,Cabbage,202.26,1.5,1.502
2026-03-30,3,22,Bangus,82.44,0.5,0.5
2026-03-30,3,23,Potatoes,55.49,0.5,0.501
2026-03-30,3,23,Cabbage,67.42,0.5,0.498
2026-03-30,3,24,Cabbage,269.68,2.0,1.99
2026-03-30,3,24,Rice,28.78,0.5,0.498
2026-03-30,3,25,Beef,364.63,1.0,0.995
2026-03-30,3,25,Carrots,62.98,0.5,0.5
2026-03-30,3,26,Carrots,188.94,1.5,1.498
2026-03-30,3,26,Rice,86.32,1.5,1.502
2026-03-30,3,27,Potatoes,221.96,2.0,1.987
2026-03-30,3,27,Rice,86.32,1.5,1.494
2026-03-30,3,28,Cabbage,202.26,1.5,1.501
2026-03-30,3,28,Rice,86.32,1.5,1.503
2026-03-30,3,29,Carrots,188.94,1.5,1.501
2026-03-30,3,29,Chicken,188.35,1.0,1.0
2026-03-30,3,30,Potatoes,166.47,1.5,1.491
2026-03-30,3,30,Bangus,82.44,0.5,0.5
2026-03-30,3,31,Bangus,164.87,1.0,1.002
2026-03-30,3,31,Beef,182.32,0.5,0.499
2026-03-30,3,32,Cabbage,269.68,2.0,1.988
2026-03-30,3,32,Potatoes,166.47,1.5,1.491
2026-03-30,3,33,Rice,28.78,0.5,0.501
2026-03-30,3,33,Bangus,329.74,2.0,1.986
2026-03-30,3,34,Chicken,376.7,2.0,1.99
2026-03-30,3,34,Beef,546.94,1.5,1.499
2026-03-30,3,35,Carrots,188.94,1.5,1.503
2026-03-30,3,35,Carrots,188.94,1.5,1.495
2026-03-30,3,36,Carrots,188.94,1.5,1.489
2026-03-30,3,36,Beef,182.32,0.5,0.497
2026-03-30,3,37,Rice,115.1,2.0,1.987
2026-03-30,3,37,Beef,182.32,0.5,0.497
2026-03-30,3,38,Carrots,62.98,0.5,0.501
2026-03-30,3,38,Beef,546.94,1.5,1.5
2026-03-30,3,39,Potatoes,221.96,2.0,1.998
2026-03-30,3,39,Tomatoes,155.94,2.0,2.002
2026-03-31,4,1,Potatoes,272.74,2.0,1.996
2026-03-31,4,1,Tomatoes,181.78,2.0,1.991
2026-03-31,4,2,Chicken,217.57,1.0,0.994
2026-03-31,4,2,Beef,759.88,2.0,1.996
2026-03-31,4,3,Tomatoes,90.89,1.0,1.002
2026-03-31,4,3,Potatoes,204.56,1.5,1.492
2026-03-31,4,4,Potatoes,136.37,1.0,0.996
2026-03-31,4,4,Cabbage,178.12,1.5,1.495
2026-03-31,4,5,Bangus,81.46,0.5,0.501
2026-03-31,4,5,Potatoes,272.74,2.0,2.0
2026-03-31,4,6,Potatoes,136.37,1.0,1.0
2026-03-31,4,6,Potatoes,272.74,2.0,1.992
2026-03-31,4,7,Carrots,135.27,1.0,0.995
2026-03-31,4,7,Tomatoes,181.78,2.0,1.985
2026-03-31,4,8,Rice,117.58,2.0,2.004
2026-03-31,4,8,Tomatoes,90.89,1.0,0.993
2026-03-31,4,9,Potatoes,68.18,0.5,0.5
2026-03-31,4,9,Rice,29.4,0.5,0.497
2026-03-31,4,10,Tomatoes,45.44,0.5,0.499
2026-03-31,4,10,Carrots,202.91,1.5,1.494
2026-03-31,4,11,Rice,29.4,0.5,0.499
2026-03-31,4,11,Rice,58.79,1.0,0.994
2026-03-31,4,12,Cabbage,59.38,0.5,0.498
2026-03-31,4,12,Rice,58.79,1.0,0.998
2026-03-31,4,13,Bangus,81.46,0.5,0.497
2026-03-31,4,13,Potatoes,272.74,2.0,2.003
2026-03-31,4,14,Chicken,217.57,1.0,0.995
2026-03-31,4,14,Rice,29.4,0.5,0.498
2026-03-31,4,15,Carrots,270.54,2.0,1.992
2026-03-31,4,15,Rice,117.58,2.0,2.004
2026-03-31,4,16,Carrots,202.91,1.5,1.497
2026-03-31,4,16,Carrots,67.64,0.5,0.499
2026-03-31,4,17,Rice,88.18,1.5,1.495
2026-03-31,4,17,Tomatoes,181.78,2.0,2.003
2026-03-31,4,18,Rice,58.79,1.0,1.001
2026-03-31,4,18,Rice,117.58,2.0,1.994
2026-03-31,4,19,Potatoes,68.18,0.5,0.5
2026-03-31,4,19,Beef,189.97,0.5,0.496
2026-03-31,4,20,Potatoes,136.37,1.0,0.996
2026-03-31,4,20,Beef,189.97,0.5,0.499
2026-03-31,4,21,Tomatoes,45.44,0.5,0.5
2026-03-31,4,21,Potatoes,136.37,1.0,1.001
2026-03-31,4,22,Rice,58.79,1.0,0.999
2026-03-31,4,22,Beef,759.88,2.0,1.985
2026-03-31,4,23,Chicken,326.36,1.5,1.493
2026-03-31,4,23,Bangus,325.86,2.0,2.0
2026-03-31,4,24,Beef,569.91,1.5,1.495
2026-03-31,4,24,Rice,29.4,0.5,0.5
2026-03-31,4,25,Tomatoes,181.78,2.0,1.995
2026-03-31,4,25,Bangus,325.86,2.0,2.001
2026-03-31,4,26,Tomatoes,136.34,1.5,1.496
2026-03-31,4,26,Rice,29.4,0.5,0.498
2026-03-31,4,27,Bangus,244.4,1.5,1.493
2026-03-31,4,27,Chicken,326.36,1.5,1.498
2026-03-31,4,28,Carrots,270.54,2.0,1.989
2026-03-31,4,28,Potatoes,68.18,0.5,0.498
2026-03-31,4,29,Rice,29.4,0.5,0.5
2026-03-31,4,29,Tomatoes,45.44,0.5,0.501
2026-03-31,4,30,Rice,29.4,0.5,0.497
2026-03-31,4,30,Tomatoes,136.34,1.5,1.49
2026-03-31,4,31,Rice,58.79,1.0,0.996
2026-03-31,4,31,Beef,189.97,0.5,0.5
2026-03-31,4,32,Tomatoes,45.44,0.5,0.5
2026-03-31,4,32,Rice,58.79,1.0,0.995
2026-03-31,4,33,Bangus,162.93,1.0,0.997
2026-03-31,4,33,Carrots,202.91,1.5,1.493
2026-03-31,4,34,Bangus,325.86,2.0,1.99
2026-03-31,4,34,Bangus,244.4,1.5,1.503
2026-03-31,4,35,Carrots,270.54,2.0,2.0
2026-03-31,4,35,Tomatoes,90.89,1.0,0.996
2026-03-31,4,36,Carrots,270.54,2.0,1.998
2026-03-31,4,36,Bangus,162.93,1.0,0.995
2026-03-31,4,37,Cabbage,178.12,1.5,1.501
2026-03-31,4,37,Carrots,270.54,2.0,1.995
2026-03-31,4,38,Rice,58.79,1.0,1.002
2026-03-31,4,38,Potatoes,272.74,2.0,2.002
2026-03-31,4,39,Bangus,244.4,1.5,1.5
2026-03-31,4,39,Rice,29.4,0.5,0.497
2026-03-31,4,40,Beef,189.97,0.5,0.499
2026-03-31,4,40,Rice,58.79,1.0,0.994
2026-03-31,4,41,Chicken,435.14,2.0,1.995
2026-03-31,4,41,Chicken,108.78,0.5,0.501
2026-03-31,4,42,Chicken,108.78,0.5,0.5
2026-03-31,4,42,Carrots,135.27,1.0,1.0
2026-03-31,4,43,Rice,58.79,1.0,0.993
2026-03-31,4,43,Chicken,435.14,2.0,1.992
2026-03-31,4,44,Rice,88.18,1.5,1.504
2026-03-31,4,44,Tomatoes,181.78,2.0,1.996
2026-04-01,5,1,Tomatoes,209.34,2.0,1.996
2026-04-01,5,1,Rice,29.14,0.5,0.5
2026-04-01,5,2,Bangus,100.29,0.5,0.499
2026-04-01,5,2,Rice,58.27,1.0,0.997
2026-04-01,5,3,Bangus,100.29,0.5,0.498
2026-04-01,5,3,Beef,186.9,0.5,0.501
2026-04-01,5,4,Chicken,370.0,2.0,2.002
2026-04-01,5,4,Bangus,100.29,0.5,0.499
2026-04-01,5,5,Chicken,370.0,2.0,1.991
2026-04-01,5,5,Rice,58.27,1.0,1.001
2026-04-01,5,6,Carrots,146.1,1.0,1.002
2026-04-01,5,6,Tomatoes,157.0,1.5,1.499
2026-04-01,5,7,Potatoes,162.32,1.5,1.491
2026-04-01,5,7,Rice,58.27,1.0,0.997
2026-04-01,5,8,Carrots,292.2,2.0,1.997
2026-04-01,5,8,Cabbage,225.98,2.0,2.001
2026-04-01,5,9,Beef,560.69,1.5,1.497
2026-04-01,5,9,Potatoes,162.32,1.5,1.501
2026-04-01,5,10,Carrots,219.15,1.5,1.502
2026-04-01,5,10,Cabbage,225.98,2.0,1.993
2026-04-01,5,11,Carrots,146.1,1.0,1.001
2026-04-01,5,11,Potatoes,54.1,0.5,0.497
2026-04-01,5,12,Chicken,92.5,0.5,0.497
2026-04-01,5,12,Carrots,146.1,1.0,0.998
2026-04-01,5,13,Chicken,277.5,1.5,1.493
2026-04-01,5,13,Carrots,219.15,1.5,1.492
2026-04-01,5,14,Carrots,73.05,0.5,0.497
2026-04-01,5,14,Bangus,300.87,1.5,1.503
2026-04-01,5,15,Carrots,146.1,1.0,0.997
2026-04-01,5,15,Bangus,200.58,1.0,0.997
2026-04-01,5,16,Cabbage,56.5,0.5,0.501
2026-04-01,5,16,Rice,87.4,1.5,1.5
2026-04-01,5,17,Tomatoes,209.34,2.0,1.996
2026-04-01,5,17,Potatoes,108.21,1.0,1.0
2026-04-01,5,18,Carrots,219.15,1.5,1.504
2026-04-01,5,18,Bangus,300.87,1.5,1.497
2026-04-01,5,19,Chicken,370.0,2.0,2.003
2026-04-01,5,19,Chicken,370.0,2.0,1.987
2026-04-01,5,20,Rice,58.27,1.0,1.002
2026-04-01,5,20,Tomatoes,209.34,2.0,1.986
2026-04-01,5,21,Bangus,401.16,2.0,1.986
2026-04-01,5,21,Potatoes,216.42,2.0,1.992
2026-04-01,5,22,Chicken,277.5,1.5,1.495
2026-04-01,5,22,Bangus,100.29,0.5,0.5
2026-04-01,5,23,Rice,116.54,2.0,1.991
2026-04-01,5,23,Chicken,92.5,0.5,0.499
2026-04-01,5,24,Potatoes,108.21,1.0,1.001
2026-04-01,5,24,Chicken,92.5,0.5,0.497
2026-04-01,5,25,Rice,116.54,2.0,1.994
2026-04-01,5,25,Beef,560.69,1.5,1.497
2026-04-01,5,26,Carrots,146.1,1.0,0.993
2026-04-01,5,26,Potatoes,216.42,2.0,2.001
2026-04-01,5,27,Tomatoes,52.34,0.5,0.497
2026-04-01,5,27,Chicken,370.0,2.0,2.003
2026-04-01,5,28,Bangus,100.29,0.5,0.497
2026-04-01,5,28,Carrots,219.15,1.5,1.492
2026-04-01,5,29,Bangus,300.87,1.5,1.493
2026-04-01,5,29,Rice,87.4,1.5,1.493
2026-04-01,5,30,Beef,560.69,1.5,1.503
2026-04-01,5,30,Tomatoes,209.34,2.0,1.992
2026-04-01,5,31,Potatoes,162.32,1.5,1.49
2026-04-01,5,31,Bangus,401.16,2.0,2.004
2026-04-01,5,32,Potatoes,108.21,1.0,1.0
2026-04-01,5,32,Bangus,300.87,1.5,1.494
2026-04-01,5,33,Chicken,185.0,1.0,1.002
2026-04-01,5,33,Rice,87.4,1.5,1.5
2026-04-02,1,1,Potatoes,111.75,1.0,0.999
2026-04-02,1,1,Rice,50.75,1.0,1.0
2026-04-02,1,2,Carrots,130.96,1.0,1.002
2026-04-02,1,2,Potatoes,167.62,1.5,1.5
2026-04-02,1,3,Chicken,300.94,1.5,1.498
2026-04-02,1,3,Beef,531.9,1.5,1.503
2026-04-02,1,4,Chicken,100.32,0.5,0.5
2026-04-02,1,4,Tomatoes,73.13,1.0,1.0
2026-04-02,1,5,Cabbage,57.9,0.5,0.5
2026-04-02,1,5,Potatoes,223.5,2.0,1.999
2026-04-02,1,6,Bangus,80.56,0.5,0.499
2026-04-02,1,6,Potatoes,111.75,1.0,0.997
2026-04-02,1,7,Potatoes,167.62,1.5,1.493
2026-04-02,1,7,Bangus,161.11,1.0,0.996
2026-04-02,1,8,Chicken,200.63,1.0,0.997
2026-04-02,1,8,Cabbage,231.6,2.0,2.004
2026-04-02,1,9,Rice,101.5,2.0,1.99
2026-04-02,1,9,Tomatoes,146.26,2.0,1.992
2026-04-02,1,10,Chicken,401.26,2.0,1.991
2026-04-02,1,10,Potatoes,111.75,1.0,1.001
2026-04-02,1,11,Chicken,300.94,1.5,1.494
2026-04-02,1,11,Beef,354.6,1.0,1.001
2026-04-02,1,12,Beef,709.2,2.0,1.998
2026-04-02,1,12,Cabbage,57.9,0.5,0.501
2026-04-02,1,13,Potatoes,111.75,1.0,0.993
2026-04-02,1,13,Rice,76.12,1.5,1.502
2026-04-02,1,14,Bangus,241.67,1.5,1.497
2026-04-02,1,14,Chicken,100.32,0.5,0.497
2026-04-02,1,15,Rice,76.12,1.5,1.503
2026-04-02,1,15,Tomatoes,109.7,1.5,1.493
2026-04-02,1,16,Carrots,130.96,1.0,0.998
2026-04-02,1,16,Carrots,130.96,1.0,0.999
2026-04-02,1,17,Tomatoes,36.56,0.5,0.5
2026-04-02,1,17,Carrots,130.96,1.0,0.998
2026-04-02,1,18,Potatoes,55.88,0.5,0.498
2026-04-02,1,18,Tomatoes,109.7,1.5,1.491
2026-04-02,1,19,Beef,531.9,1.5,1.495
2026-04-02,1,19,Rice,50.75,1.0,0.999
2026-04-02,1,20,Cabbage,115.8,1.0,0.993
2026-04-02,1,20,Bangus,161.11,1.0,0.996
2026-04-02,1,21,Bangus,161.11,1.0,0.996
2026-04-02,1,21,Carrots,196.44,1.5,1.494
2026-04-02,1,22,Rice,25.38,0.5,0.497
2026-04-02,1,22,Chicken,100.32,0.5,0.5
2026-04-02,1,23,Chicken,200.63,1.0,0.998
2026-04-02,1,23,Beef,531.9,1.5,1.497
2026-04-02,1,24,Chicken,401.26,2.0,1.997
2026-04-02,1,24,Carrots,261.92,2.0,1.989
2026-04-02,1,25,Rice,50.75,1.0,0.998
2026-04-02,1,25,Chicken,300.94,1.5,1.503
2026-04-02,1,26,Bangus,241.67,1.5,1.502
2026-04-02,1,26,Beef,177.3,0.5,0.496
2026-04-02,1,27,Potatoes,167.62,1.5,1.492
2026-04-02,1,27,Bangus,80.56,0.5,0.497
2026-04-02,1,28,Chicken,300.94,1.5,1.504
2026-04-02,1,28,Rice,101.5,2.0,1.987
2026-04-02,1,29,Potatoes,167.62,1.5,1.498
2026-04-02,1,29,Bangus,161.11,1.0,0.995
2026-04-02,1,30,Rice,25.38,0.5,0.5
2026-04-02,1,30,Tomatoes,146.26,2.0,1.986
2026-04-02,1,31,Rice,25.38,0.5,0.499
2026-04-02,1,31,Tomatoes,109.7,1.5,1.494
2026-04-02,1,32,Beef,177.3,0.5,0.5
2026-04-02,1,32,Beef,354.6,1.0,0.996
2026-04-02,1,33,Bangus,80.56,0.5,0.501
2026-04-02,1,33,Carrots,65.48,0.5,0.5
2026-04-03,2,1,Cabbage,66.38,0.5,0.498
2026-04-03,2,1,Potatoes,242.58,2.0,1.997
2026-04-03,2,2,Cabbage,265.52,2.0,2.004
2026-04-03,2,2,Cabbage,199.14,1.5,1.494
2026-04-03,2,3,Carrots,59.3,0.5,0.498
2026-04-03,2,3,Beef,194.34,0.5,0.501
2026-04-03,2,4,Beef,388.69,1.0,0.999
2026-04-03,2,4,Chicken,397.36,2.0,2.005
2026-04-03,2,5,Beef,583.04,1.5,1.491
2026-04-03,2,5,Beef,777.38,2.0,1.994
2026-04-03,2,6,Cabbage,199.14,1.5,1.495
2026-04-03,2,6,Cabbage,265.52,2.0,2.002
2026-04-03,2,7,Cabbage,66.38,0.5,0.501
2026-04-03,2,7,Carrots,237.2,2.0,1.991
2026-04-03,2,8,Carrots,59.3,0.5,0.5
2026-04-03,2,8,Bangus,193.67,1.0,0.998
2026-04-03,2,9,Carrots,59.3,0.5,0.498
2026-04-03,2,9,Bangus,193.67,1.0,0.994
2026-04-03,2,10,Chicken,198.68,1.0,1.001
2026-04-03,2,10,Bangus,290.5,1.5,1.504
2026-04-03,2,11,Potatoes,181.94,1.5,1.49
2026-04-03,2,11,Bangus,193.67,1.0,0.994
2026-04-03,2,12,Carrots,59.3,0.5,0.5
2026-04-03,2,12,Cabbage,132.76,1.0,0.993
2026-04-03,2,13,Carrots,177.9,1.5,1.494
2026-04-03,2,13,Chicken,198.68,1.0,0.995
2026-04-03,2,14,Potatoes,121.29,1.0,1.001
2026-04-03,2,14,Carrots,59.3,0.5,0.501
2026-04-03,2,15,Beef,777.38,2.0,1.986
2026-04-03,2,15,Rice,24.34,0.5,0.498
2026-04-03,2,16,Rice,48.68,1.0,0.999
2026-04-03,2,16,Bangus,193.67,1.0,0.994
2026-04-03,2,17,Beef,777.38,2.0,2.005
2026-04-03,2,17,Bangus,290.5,1.5,1.491
2026-04-03,2,18,Tomatoes,86.24,1.0,1.001
2026-04-03,2,18,Chicken,99.34,0.5,0.501
2026-04-03,2,19,Beef,777.38,2.0,1.995
2026-04-03,2,19,Carrots,118.6,1.0,0.993
2026-04-03,2,20,Beef,388.69,1.0,0.995
2026-04-03,2,20,Chicken,397.36,2.0,2.003
2026-04-03,2,21,Bangus,290.5,1.5,1.495
2026-04-03,2,21,Bangus,387.34,2.0,1.985
2026-04-03,2,22,Chicken,99.34,0.5,0.496
2026-04-03,2,22,Bangus,387.34,2.0,2.003
2026-04-03,2,23,Beef,388.69,1.0,0.996
2026-04-03,2,23,Rice,24.34,0.5,0.501
2026-04-03,2,24,Tomatoes,129.36,1.5,1.502
2026-04-03,2,24,Rice,97.36,2.0,2.0
2026-04-03,2,25,Chicken,99.34,0.5,0.499
2026-04-03,2,25,Potatoes,242.58,2.0,1.999
2026-04-03,2,26,Bangus,290.5,1.5,1.496
2026-04-03,2,26,Carrots,177.9,1.5,1.503
2026-04-03,2,27,Tomatoes,86.24,1.0,0.997
2026-04-03,2,27,Beef,583.04,1.5,1.492
2026-04-03,2,28,Rice,48.68,1.0,0.998
2026-04-03,2,28,Carrots,177.9,1.5,1.503
2026-04-03,2,29,Chicken,397.36,2.0,1.988
2026-04-03,2,29,Carrots,59.3,0.5,0.498
2026-04-03,2,30,Chicken,397.36,2.0,1.999
2026-04-03,2,30,Beef,194.34,0.5,0.499
2026-04-03,2,31,Potatoes,121.29,1.0,1.0
2026-04-03,2,31,Bangus,290.5,1.5,1.501
2026-04-03,2,32,Potatoes,242.58,2.0,1.986
2026-04-03,2,32,Cabbage,265.52,2.0,2.005
2026-04-03,2,33,Rice,97.36,2.0,1.986
2026-04-03,2,33,Rice,97.36,2.0,1.997
2026-04-03,2,34,Carrots,237.2,2.0,2.002
2026-04-03,2,34,Rice,73.02,1.5,1.492
2026-04-03,2,35,Cabbage,265.52,2.0,1.998
2026-04-03,2,35,Bangus,387.34,2.0,2.001
2026-04-03,2,36,Cabbage,132.76,1.0,1.002
2026-04-03,2,36,Beef,194.34,0.5,0.499
2026-04-03,2,37,Carrots,237.2,2.0,1.992
2026-04-03,2,37,Chicken,198.68,1.0,1.001
2026-04-03,2,38,Beef,583.04,1.5,1.499
2026-04-03,2,38,Rice,73.02,1.5,1.495
2026-04-03,2,39,Cabbage,66.38,0.5,0.5
2026-04-03,2,39,Beef,777.38,2.0,1.995
2026-04-06,3,1,Bangus,336.8,2.0,1.991
2026-04-06,3,1,Tomatoes,217.66,2.0,1.993
2026-04-06,3,2,Rice,102.28,2.0,2.001
2026-04-06,3,2,Cabbage,240.18,2.0,1.992
2026-04-06,3,3,Carrots,69.89,0.5,0.497
2026-04-06,3,3,Rice,102.28,2.0,1.995
2026-04-06,3,4,Bangus,84.2,0.5,0.498
2026-04-06,3,4,Bangus,84.2,0.5,0.498
2026-04-06,3,5,Potatoes,91.65,1.0,0.998
2026-04-06,3,5,Rice,25.57,0.5,0.499
2026-04-06,3,6,Rice,102.28,2.0,1.991
2026-04-06,3,6,Tomatoes,163.24,1.5,1.489
2026-04-06,3,7,Carrots,279.56,2.0,1.99
2026-04-06,3,7,Tomatoes,108.83,1.0,1.0
2026-04-06,3,8,Bangus,168.4,1.0,1.002
2026-04-06,3,8,Potatoes,137.48,1.5,1.5
2026-04-06,3,9,Cabbage,120.09,1.0,0.996
2026-04-06,3,9,Potatoes,183.3,2.0,2.004
2026-04-06,3,10,Cabbage,180.14,1.5,1.502
2026-04-06,3,10,Cabbage,240.18,2.0,2.005
2026-04-06,3,11,Tomatoes,108.83,1.0,1.002
2026-04-06,3,11,Cabbage,180.14,1.5,1.499
2026-04-06,3,12,Rice,51.14,1.0,1.002
2026-04-06,3,12,Tomatoes,163.24,1.5,1.495
2026-04-06,3,13,Tomatoes,217.66,2.0,1.996
2026-04-06,3,13,Bangus,168.4,1.0,0.999
2026-04-06,3,14,Carrots,69.89,0.5,0.5
2026-04-06,3,14,Cabbage,180.14,1.5,1.502
2026-04-06,3,15,Rice,102.28,2.0,1.992
2026-04-06,3,15,Carrots,279.56,2.0,1.991
2026-04-06,3,16,Cabbage,240.18,2.0,2.005
2026-04-06,3,16,Rice,102.28,2.0,1.99
2026-04-06,3,17,Rice,25.57,0.5,0.5
2026-04-06,3,17,Beef,219.42,0.5,0.497
2026-04-06,3,18,Rice,102.28,2.0,1.991
2026-04-06,3,18,Chicken,420.44,2.0,2.001
2026-04-06,3,19,Potatoes,91.65,1.0,1.001
2026-04-06,3,19,Tomatoes,163.24,1.5,1.491
2026-04-06,3,20,Bangus,84.2,0.5,0.497
2026-04-06,3,20,Bangus,168.4,1.0,0.999
2026-04-06,3,21,Beef,658.26,1.5,1.501
2026-04-06,3,21,Potatoes,91.65,1.0,1.001
2026-04-06,3,22,Beef,658.26,1.5,1.5
2026-04-06,3,22,Tomatoes,163.24,1.5,1.498
2026-04-06,3,23,Chicken,210.22,1.0,0.994
2026-04-06,3,23,Carrots,209.67,1.5,1.493
2026-04-06,3,24,Chicken,105.11,0.5,0.501
2026-04-06,3,24,Rice,25.57,0.5,0.5
2026-04-06,3,25,Carrots,69.89,0.5,0.501
2026-04-06,3,25,Chicken,210.22,1.0,0.995
2026-04-06,3,26,Rice,25.57,0.5,0.498
2026-04-06,3,26,Chicken,105.11,0.5,0.5
2026-04-06,3,27,Beef,877.68,2.0,2.001
2026-04-06,3,27,Chicken,420.44,2.0,1.989
2026-04-06,3,28,Tomatoes,108.83,1.0,0.995
2026-04-06,3,28,Beef,438.84,1.0,1.001
2026-04-06,3,29,Chicken,420.44,2.0,1.999
2026-04-06,3,29,Potatoes,91.65,1.0,0.997
2026-04-06,3,30,Potatoes,91.65,1.0,0.998
2026-04-06,3,30,Bangus,168.4,1.0,0.996
2026-04-06,3,31,Beef,438.84,1.0,0.998
2026-04-06,3,31,Potatoes,137.48,1.5,1.493
2026-04-06,3,32,Carrots,279.56,2.0,1.992
2026-04-06,3,32,Bangus,84.2,0.5,0.498
2026-04-06,3,33,Chicken,315.33,1.5,1.496
2026-04-06,3,33,Beef,658.26,1.5,1.492
2026-04-06,3,34,Carrots,69.89,0.5,0.497
2026-04-06,3,34,Chicken,210.22,1.0,0.994
2026-04-06,3,35,Bangus,168.4,1.0,0.995
2026-04-06,3,35,Carrots,209.67,1.5,1.498
2026-04-06,3,36,Cabbage,120.09,1.0,0.996
2026-04-06,3,36,Carrots,69.89,0.5,0.5
2026-04-06,3,37,Rice,25.57,0.5,0.5
2026-04-06,3,37,Bangus,336.8,2.0,1.992
2026-04-06,3,38,Chicken,420.44,2.0,2.003
2026-04-06,3,38,Beef,877.68,2.0,1.988
2026-04-06,3,39,Potatoes,137.48,1.5,1.495
2026-04-06,3,39,Bangus,336.8,2.0,1.993
2026-04-06,3,40,Tomatoes,108.83,1.0,1.002
2026-04-06,3,40,Rice,51.14,1.0,0.997
2026-04-06,3,41,Tomatoes,163.24,1.5,1.503
2026-04-06,3,41,Chicken,315.33,1.5,1.5
2026-04-06,3,42,Cabbage,240.18,2.0,1.991
2026-04-06,3,42,Rice,25.57,0.5,0.5
2026-04-07,4,1,Carrots,64.48,0.5,0.497
2026-04-07,4,1,Carrots,257.94,2.0,2.003
2026-04-07,4,2,Chicken,432.24,2.0,1.996
2026-04-07,4,2,Carrots,193.46,1.5,1.502
2026-04-07,4,3,Carrots,257.94,2.0,1.986
2026-04-07,4,3,Beef,197.05,0.5,0.498
2026-04-07,4,4,Chicken,108.06,0.5,0.5
2026-04-07,4,4,Rice,25.78,0.5,0.499
2026-04-07,4,5,Potatoes,246.54,2.0,1.995
2026-04-07,4,5,Potatoes,61.64,0.5,0.499
2026-04-07,4,6,Beef,788.2,2.0,2.001
2026-04-07,4,6,Tomatoes,70.26,1.0,0.994
2026-04-07,4,7,Tomatoes,105.39,1.5,1.5
2026-04-07,4,7,Beef,591.15,1.5,1.491
2026-04-07,4,8,Beef,788.2,2.0,1.996
2026-04-07,4,8,Beef,591.15,1.5,1.489
2026-04-07,4,9,Chicken,324.18,1.5,1.501
2026-04-07,4,9,Beef,591.15,1.5,1.494
2026-04-07,4,10,Tomatoes,105.39,1.5,1.497
2026-04-07,4,10,Carrots,193.46,1.5,1.501
2026-04-07,4,11,Potatoes,246.54,2.0,1.986
2026-04-07,4,11,Rice,51.55,1.0,0.996
2026-04-07,4,12,Cabbage,67.74,0.5,0.499
2026-04-07,4,12,Beef,591.15,1.5,1.495
2026-04-07,4,13,Rice,77.32,1.5,1.492
2026-04-07,4,13,Tomatoes,70.26,1.0,1.001
2026-04-07,4,14,Cabbage,135.49,1.0,1.001
2026-04-07,4,14,Cabbage,67.74,0.5,0.501
2026-04-07,4,15,Potatoes,184.9,1.5,1.503
2026-04-07,4,15,Beef,394.1,1.0,0.998
2026-04-07,4,16,Rice,103.1,2.0,1.993
2026-04-07,4,16,Rice,51.55,1.0,0.998
2026-04-07,4,17,Tomatoes,105.39,1.5,1.495
2026-04-07,4,17,Beef,788.2,2.0,1.997
2026-04-07,4,18,Tomatoes,70.26,1.0,0.996
2026-04-07,4,18,Beef,394.1,1.0,0.998
2026-04-07,4,19,Potatoes,184.9,1.5,1.489
2026-04-07,4,19,Bangus,360.28,2.0,1.986
2026-04-07,4,20,Cabbage,135.49,1.0,0.993
2026-04-07,4,20,Tomatoes,105.39,1.5,1.489
2026-04-07,4,21,Potatoes,184.9,1.5,1.496
2026-04-07,4,21,Potatoes,123.27,1.0,0.994
2026-04-07,4,22,Beef,197.05,0.5,0.501
2026-04-07,4,22,Tomatoes,105.39,1.5,1.501
2026-04-07,4,23,Carrots,64.48,0.5,0.5
2026-04-07,4,23,Cabbage,135.49,1.0,0.993
2026-04-07,4,24,Carrots,257.94,2.0,1.989
2026-04-07,4,24,Beef,591.15,1.5,1.493
2026-04-07,4,25,Carrots,193.46,1.5,1.489
2026-04-07,4,25,Carrots,193.46,1.5,1.498
2026-04-07,4,26,Tomatoes,105.39,1.5,1.493
2026-04-07,4,26,Rice,25.78,0.5,0.497
2026-04-07,4,27,Potatoes,123.27,1.0,0.996
2026-04-07,4,27,Cabbage,270.98,2.0,1.995
2026-04-07,4,28,Carrots,193.46,1.5,1.49
2026-04-07,4,28,Carrots,193.46,1.5,1.498
2026-04-07,4,29,Carrots,128.97,1.0,0.997
2026-04-07,4,29,Chicken,216.12,1.0,0.993
2026-04-07,4,30,Cabbage,135.49,1.0,1.001
2026-04-07,4,30,Carrots,193.46,1.5,1.497
2026-04-07,4,31,Carrots,257.94,2.0,1.989
2026-04-07,4,31,Bangus,90.07,0.5,0.501
2026-04-07,4,32,Rice,51.55,1.0,0.998
2026-04-07,4,32,Carrots,128.97,1.0,1.001
2026-04-07,4,33,Rice,51.55,1.0,0.997
2026-04-07,4,33,Carrots,128.97,1.0,0.997
2026-04-07,4,34,Cabbage,135.49,1.0,1.002
2026-04-07,4,34,Carrots,257.94,2.0,1.986
2026-04-07,4,35,Tomatoes,35.13,0.5,0.501
2026-04-07,4,35,Rice,77.32,1.5,1.498
2026-04-07,4,36,Carrots,128.97,1.0,1.002
2026-04-07,4,36,Rice,103.1,2.0,1.99
2026-04-07,4,37,Potatoes,123.27,1.0,0.997
2026-04-07,4,37,Cabbage,270.98,2.0,1.989
2026-04-07,4,38,Carrots,64.48,0.5,0.498
2026-04-07,4,38,Bangus,90.07,0.5,0.497
2026-04-07,4,39,Potatoes,61.64,0.5,0.5
2026-04-07,4,39,Carrots,128.97,1.0,0.999
2026-04-07,4,40,Beef,197.05,0.5,0.498
2026-04-07,4,40,Bangus,180.14,1.0,1.001
2026-04-07,4,41,Carrots,257.94,2.0,1.986
2026-04-07,4,41,Cabbage,203.24,1.5,1.499
2026-04-07,4,42,Potatoes,246.54,2.0,1.998
2026-04-07,4,42,Carrots,193.46,1.5,1.503
2026-04-07,4,43,Bangus,180.14,1.0,0.999
2026-04-07,4,43,Chicken,432.24,2.0,1.993
2026-04-07,4,44,Beef,788.2,2.0,1.997
2026-04-07,4,44,Rice,77.32,1.5,1.503
2026-04-07,4,45,Potatoes,123.27,1.0,0.997
2026-04-07,4,45,Carrots,193.46,1.5,1.49
2026-04-07,4,46,Potatoes,184.9,1.5,1.493
2026-04-07,4,46,Rice,103.1,2.0,1.995
2026-04-07,4,47,Potatoes,246.54,2.0,1.997
2026-04-07,4,47,Potatoes,61.64,0.5,0.497
2026-04-07,4,48,Potatoes,184.9,1.5,1.498
2026-04-07,4,48,Beef,197.05,0.5,0.501
2026-04-07,4,49,Beef,788.2,2.0,1.994
2026-04-07,4,49,Beef,394.1,1.0,0.995
2026-04-07,4,50,Beef,394.1,1.0,0.993
2026-04-07,4,50,Beef,394.1,1.0,0.994
2026-04-08,5,1,Cabbage,56.94,0.5,0.496
2026-04-08,5,1,Carrots,112.03,1.0,0.995
2026-04-08,5,2,Tomatoes,119.54,1.0,1.001
2026-04-08,5,2,Carrots,112.03,1.0,1.001
2026-04-08,5,3,Tomatoes,179.31,1.5,1.489
2026-04-08,5,3,Bangus,296.1,1.5,1.492
2026-04-08,5,4,Beef,219.92,0.5,0.498
2026-04-08,5,4,Chicken,316.95,1.5,1.502
2026-04-08,5,5,Cabbage,56.94,0.5,0.497
2026-04-08,5,5,Beef,659.78,1.5,1.491
2026-04-08,5,6,Potatoes,132.93,1.0,0.999
2026-04-08,5,6,Rice,94.26,2.0,1.987
2026-04-08,5,7,Beef,879.7,2.0,1.993
2026-04-08,5,7,Beef,439.85,1.0,0.997
2026-04-08,5,8,Chicken,105.65,0.5,0.5
2026-04-08,5,8,Cabbage,227.74,2.0,1.987
2026-04-08,5,9,Beef,659.78,1.5,1.5
2026-04-08,5,9,Cabbage,170.8,1.5,1.493
2026-04-08,5,10,Beef,879.7,2.0,1.988
2026-04-08,5,10,Carrots,56.02,0.5,0.501
2026-04-08,5,11,Potatoes,199.4,1.5,1.502
2026-04-08,5,11,Bangus,197.4,1.0,0.993
2026-04-08,5,12,Bangus,394.8,2.0,1.987
2026-04-08,5,12,Chicken,316.95,1.5,1.501
2026-04-08,5,13,Chicken,422.6,2.0,1.985
2026-04-08,5,13,Bangus,394.8,2.0,1.992
2026-04-08,5,14,Carrots,112.03,1.0,0.999
2026-04-08,5,14,Cabbage,56.94,0.5,0.501
2026-04-08,5,15,Carrots,112.03,1.0,1.0
2026-04-08,5,15,Carrots,56.02,0.5,0.498
2026-04-08,5,16,Bangus,296.1,1.5,1.491
2026-04-08,5,16,Bangus,394.8,2.0,1.995
2026-04-08,5,17,Bangus,197.4,1.0,0.994
2026-04-08,5,17,Cabbage,227.74,2.0,1.986
2026-04-08,5,18,Chicken,211.3,1.0,1.001
2026-04-08,5,18,Carrots,224.06,2.0,2.004
2026-04-08,5,19,Tomatoes,239.08,2.0,2.005
2026-04-08,5,19,Bangus,394.8,2.0,2.001
2026-04-08,5,20,Chicken,422.6,2.0,1.994
2026-04-08,5,20,Rice,47.13,1.0,0.994
2026-04-08,5,21,Beef,219.92,0.5,0.5
2026-04-08,5,21,Bangus,394.8,2.0,1.996
2026-04-08,5,22,Rice,23.56,0.5,0.498
2026-04-08,5,22,Cabbage,56.94,0.5,0.499
2026-04-08,5,23,Rice,23.56,0.5,0.5
2026-04-08,5,23,Cabbage,227.74,2.0,2.0
2026-04-08,5,24,Carrots,168.04,1.5,1.498
2026-04-08,5,24,Bangus,296.1,1.5,1.502
2026-04-08,5,25,Beef,219.92,0.5,0.498
2026-04-08,5,25,Chicken,316.95,1.5,1.49
2026-04-08,5,26,Tomatoes,179.31,1.5,1.49
2026-04-08,5,26,Chicken,105.65,0.5,0.5
2026-04-08,5,27,Potatoes,132.93,1.0,0.996
2026-04-08,5,27,Carrots,168.04,1.5,1.493
2026-04-08,5,28,Carrots,112.03,1.0,0.995
2026-04-08,5,28,Carrots,56.02,0.5,0.5
2026-04-08,5,29,Rice,23.56,0.5,0.5
2026-04-08,5,29,Bangus,296.1,1.5,1.489
2026-04-08,5,30,Bangus,197.4,1.0,1.0
2026-04-08,5,30,Bangus,296.1,1.5,1.497
2026-04-08,5,31,Cabbage,227.74,2.0,2.003
2026-04-08,5,31,Carrots,168.04,1.5,1.493
2026-04-08,5,32,Chicken,422.6,2.0,1.999
2026-04-08,5,32,Cabbage,113.87,1.0,0.995
2026-04-08,5,33,Chicken,105.65,0.5,0.498
2026-04-08,5,33,Cabbage,170.8,1.5,1.501
2026-04-08,5,34,Chicken,211.3,1.0,0.993
2026-04-08,5,34,Tomatoes,239.08,2.0,1.986
2026-04-08,5,35,Beef,219.92,0.5,0.5
2026-04-08,5,35,Potatoes,265.86,2.0,2.003
2026-04-08,5,36,Potatoes,132.93,1.0,0.996
2026-04-08,5,36,Beef,439.85,1.0,0.997
2026-04-08,5,37,Beef,219.92,0.5,0.501
2026-04-08,5,37,Potatoes,66.46,0.5,0.499
2026-04-09,1,1,Cabbage,177.3,2.0,1.99
2026-04-09,1,1,Bangus,103.44,0.5,0.499
2026-04-09,1,2,Chicken,183.86,1.0,0.996
2026-04-09,1,2,Tomatoes,81.3,1.0,0.996
2026-04-09,1,3,Beef,418.97,1.0,0.994
2026-04-09,1,3,Potatoes,245.12,2.0,1.996
2026-04-09,1,4,Tomatoes,81.3,1.0,0.993
2026-04-09,1,4,Rice,22.62,0.5,0.497
2026-04-09,1,5,Rice,22.62,0.5,0.499
2026-04-09,1,5,Potatoes,122.56,1.0,0.993
2026-04-09,1,6,Tomatoes,81.3,1.0,0.996
2026-04-09,1,6,Beef,837.94,2.0,1.99
2026-04-09,1,7,Rice,45.24,1.0,0.994
2026-04-09,1,7,Tomatoes,40.65,0.5,0.501
2026-04-09,1,8,Carrots,269.94,2.0,1.999
2026-04-09,1,8,Rice,22.62,0.5,0.5
2026-04-09,1,9,Cabbage,88.65,1.0,0.999
2026-04-09,1,9,Cabbage,132.98,1.5,1.494
2026-04-09,1,10,Carrots,134.97,1.0,0.997
2026-04-09,1,10,Beef,628.46,1.5,1.494
2026-04-09,1,11,Potatoes,245.12,2.0,2.001
2026-04-09,1,11,Rice,45.24,1.0,0.998
2026-04-09,1,12,Cabbage,44.32,0.5,0.497
2026-04-09,1,12,Cabbage,44.32,0.5,0.498
2026-04-09,1,13,Potatoes,245.12,2.0,1.99
2026-04-09,1,13,Rice,67.86,1.5,1.493
2026-04-09,1,14,Bangus,310.3,1.5,1.503
2026-04-09,1,14,Bangus,206.87,1.0,1.002
2026-04-09,1,15,Beef,628.46,1.5,1.501
2026-04-09,1,15,Cabbage,132.98,1.5,1.492
2026-04-09,1,16,Carrots,134.97,1.0,0.998
2026-04-09,1,16,Bangus,310.3,1.5,1.501
2026-04-09,1,17,Tomatoes,40.65,0.5,0.5
2026-04-09,1,17,Tomatoes,81.3,1.0,1.0
2026-04-09,1,18,Bangus,310.3,1.5,1.503
2026-04-09,1,18,Potatoes,183.84,1.5,1.502
2026-04-09,1,19,Tomatoes,121.95,1.5,1.498
2026-04-09,1,19,Tomatoes,162.6,2.0,1.987
2026-04-09,1,20,Bangus,413.74,2.0,1.988
2026-04-09,1,20,Beef,628.46,1.5,1.496
2026-04-09,1,21,Cabbage,132.98,1.5,1.49
2026-04-09,1,21,Bangus,413.74,2.0,2.003
2026-04-09,1,22,Tomatoes,121.95,1.5,1.493
2026-04-09,1,22,Chicken,91.93,0.5,0.497
2026-04-09,1,23,Tomatoes,40.65,0.5,0.501
2026-04-09,1,23,Rice,90.48,2.0,2.005
2026-04-09,1,24,Carrots,269.94,2.0,1.995
2026-04-09,1,24,Rice,67.86,1.5,1.49
2026-04-09,1,25,Beef,837.94,2.0,1.997
2026-04-09,1,25,Potatoes,122.56,1.0,0.996
2026-04-09,1,26,Beef,209.48,0.5,0.497
2026-04-09,1,26,Chicken,91.93,0.5,0.498
2026-04-09,1,27,Tomatoes,40.65,0.5,0.501
2026-04-09,1,27,Carrots,67.48,0.5,0.501
2026-04-09,1,28,Chicken,183.86,1.0,0.994
2026-04-09,1,28,Beef,209.48,0.5,0.498
2026-04-09,1,29,Tomatoes,81.3,1.0,0.997
2026-04-09,1,29,Cabbage,44.32,0.5,0.499
2026-04-09,1,30,Carrots,202.46,1.5,1.5
2026-04-09,1,30,Potatoes,183.84,1.5,1.489
2026-04-09,1,31,Chicken,275.79,1.5,1.502
2026-04-09,1,31,Beef,628.46,1.5,1.5
2026-04-09,1,32,Cabbage,88.65,1.0,1.002
2026-04-09,1,32,Potatoes,183.84,1.5,1.5
2026-04-09,1,33,Cabbage,44.32,0.5,0.496
2026-04-09,1,33,Beef,837.94,2.0,2.001
2026-04-09,1,34,Beef,628.46,1.5,1.5
2026-04-09,1,34,Chicken,367.72,2.0,1.988
2026-04-09,1,35,Beef,837.94,2.0,2.002
2026-04-09,1,35,Cabbage,88.65,1.0,0.996
2026-04-10,2,1,Tomatoes,61.77,1.0,0.998
2026-04-10,2,1,Beef,203.76,0.5,0.501
2026-04-10,2,2,Beef,815.04,2.0,1.995
2026-04-10,2,2,Cabbage,142.32,1.5,1.5
2026-04-10,2,3,Tomatoes,92.66,1.5,1.495
2026-04-10,2,3,Carrots,226.2,2.0,1.992
2026-04-10,2,4,Chicken,408.92,2.0,1.992
2026-04-10,2,4,Cabbage,47.44,0.5,0.497
2026-04-10,2,5,Tomatoes,30.88,0.5,0.5
2026-04-10,2,5,Tomatoes,30.88,0.5,0.498
2026-04-10,2,6,Beef,203.76,0.5,0.497
2026-04-10,2,6,Beef,611.28,1.5,1.49
2026-04-10,2,7,Beef,407.52,1.0,0.993
2026-04-10,2,7,Carrots,226.2,2.0,1.99
2026-04-10,2,8,Potatoes,47.77,0.5,0.5
2026-04-10,2,8,Bangus,166.3,1.0,1.0
2026-04-10,2,9,Bangus,249.45,1.5,1.503
2026-04-10,2,9,Tomatoes,30.88,0.5,0.499
2026-04-10,2,10,Tomatoes,92.66,1.5,1.501
2026-04-10,2,10,Carrots,113.1,1.0,0.998
2026-04-10,2,11,Carrots,113.1,1.0,0.998
2026-04-10,2,11,Cabbage,142.32,1.5,1.501
2026-04-10,2,12,Cabbage,142.32,1.5,1.495
2026-04-10,2,12,Tomatoes,61.77,1.0,0.997
2026-04-10,2,13,Carrots,113.1,1.0,0.993
2026-04-10,2,13,Beef,815.04,2.0,1.988
2026-04-10,2,14,Beef,203.76,0.5,0.497
2026-04-10,2,14,Rice,80.31,1.5,1.499
2026-04-10,2,15,Cabbage,47.44,0.5,0.499
2026-04-10,2,15,Potatoes,191.08,2.0,1.998
2026-04-10,2,16,Bangus,83.15,0.5,0.497
2026-04-10,2,16,Cabbage,94.88,1.0,1.001
2026-04-10,2,17,Carrots,226.2,2.0,2.002
2026-04-10,2,17,Carrots,113.1,1.0,1.001
2026-04-10,2,18,Tomatoes,92.66,1.5,1.493
2026-04-10,2,18,Cabbage,142.32,1.5,1.5
2026-04-10,2,19,Rice,26.77,0.5,0.5
2026-04-10,2,19,Carrots,226.2,2.0,1.994
2026-04-10,2,20,Potatoes,47.77,0.5,0.501
2026-04-10,2,20,Bangus,166.3,1.0,1.0
2026-04-10,2,21,Tomatoes,30.88,0.5,0.497
2026-04-10,2,21,Carrots,56.55,0.5,0.5
2026-04-10,2,22,Potatoes,191.08,2.0,2.0
2026-04-10,2,22,Tomatoes,92.66,1.5,1.504
2026-04-10,2,23,Potatoes,95.54,1.0,0.995
2026-04-10,2,23,Tomatoes,92.66,1.5,1.496
2026-04-10,2,24,Rice,80.31,1.5,1.491
2026-04-10,2,24,Beef,203.76,0.5,0.498
2026-04-10,2,25,Chicken,306.69,1.5,1.499
2026-04-10,2,25,Potatoes,47.77,0.5,0.499
2026-04-10,2,26,Carrots,56.55,0.5,0.498
2026-04-10,2,26,Tomatoes,30.88,0.5,0.501
2026-04-10,2,27,Beef,611.28,1.5,1.494
2026-04-10,2,27,Chicken,102.23,0.5,0.497
2026-04-10,2,28,Chicken,306.69,1.5,1.495
2026-04-10,2,28,Rice,107.08,2.0,2.002
2026-04-10,2,29,Tomatoes,30.88,0.5,0.498
2026-04-10,2,29,Potatoes,47.77,0.5,0.5
2026-04-10,2,30,Tomatoes,30.88,0.5,0.5
2026-04-10,2,30,Tomatoes,92.66,1.5,1.503
2026-04-10,2,31,Rice,107.08,2.0,1.986
2026-04-10,2,31,Beef,815.04,2.0,1.998
2026-04-10,2,32,Cabbage,47.44,0.5,0.497
2026-04-10,2,32,Cabbage,94.88,1.0,1.002
2026-04-10,2,33,Chicken,102.23,0.5,0.5
2026-04-10,2,33,Tomatoes,123.54,2.0,1.995
2026-04-10,2,34,Tomatoes,92.66,1.5,1.493
2026-04-10,2,34,Rice,26.77,0.5,0.497
2026-04-10,2,35,Chicken,204.46,1.0,0.998
2026-04-10,2,35,Tomatoes,30.88,0.5,0.497
2026-04-10,2,36,Tomatoes,123.54,2.0,2.0
2026-04-10,2,36,Rice,80.31,1.5,1.502
2026-04-10,2,37,Bangus,332.6,2.0,1.995
2026-04-10,2,37,Carrots,56.55,0.5,0.499
2026-04-10,2,38,Chicken,204.46,1.0,0.993
2026-04-10,2,38,Beef,815.04,2.0,2.005
2026-04-10,2,39,Beef,407.52,1.0,0.998
2026-04-10,2,39,Carrots,56.55,0.5,0.501
2026-04-10,2,40,Chicken,102.23,0.5,0.498
2026-04-10,2,40,Beef,203.76,0.5,0.497
2026-04-10,2,41,Bangus,83.15,0.5,0.497
2026-04-10,2,41,Rice,80.31,1.5,1.493
2026-04-13,3,1,Carrots,191.14,2.0,2.001
2026-04-13,3,1,Tomatoes,129.42,2.0,1.997
2026-04-13,3,2,Bangus,191.46,1.0,0.994
2026-04-13,3,2,Bangus,95.73,0.5,0.499
2026-04-13,3,3,Potatoes,275.82,2.0,2.004
2026-04-13,3,3,Chicken,301.82,1.5,1.5
2026-04-13,3,4,Cabbage,124.45,1.0,0.998
2026-04-13,3,4,Cabbage,186.68,1.5,1.503
2026-04-13,3,5,Rice,72.02,1.5,1.493
2026-04-13,3,5,Bangus,287.19,1.5,1.5
2026-04-13,3,6,Tomatoes,97.06,1.5,1.49
2026-04-13,3,6,Beef,634.44,1.5,1.491
2026-04-13,3,7,Cabbage,124.45,1.0,0.999
2026-04-13,3,7,Chicken,402.42,2.0,1.987
2026-04-13,3,8,Rice,96.02,2.0,1.99
2026-04-13,3,8,Beef,422.96,1.0,1.0
2026-04-13,3,9,Chicken,402.42,2.0,1.995
2026-04-13,3,9,Potatoes,137.91,1.0,0.999
2026-04-13,3,10,Cabbage,186.68,1.5,1.493
2026-04-13,3,10,Chicken,402.42,2.0,1.986
2026-04-13,3,11,Cabbage,62.22,0.5,0.501
2026-04-13,3,11,Potatoes,275.82,2.0,1.998
2026-04-13,3,12,Potatoes,206.86,1.5,1.496
2026-04-13,3,12,Tomatoes,97.06,1.5,1.493
2026-04-13,3,13,Chicken,100.6,0.5,0.5
2026-04-13,3,13,Tomatoes,97.06,1.5,1.496
2026-04-13,3,14,Rice,72.02,1.5,1.5
2026-04-13,3,14,Beef,422.96,1.0,0.995
2026-04-13,3,15,Bangus,191.46,1.0,0.995
2026-04-13,3,15,Chicken,301.82,1.5,1.503
2026-04-13,3,16,Bangus,95.73,0.5,0.5
2026-04-13,3,16,Potatoes,137.91,1.0,0.993
2026-04-13,3,17,Tomatoes,32.35,0.5,0.501
2026-04-13,3,17,Beef,211.48,0.5,0.499
2026-04-13,3,18,Rice,24.0,0.5,0.497
2026-04-13,3,18,Carrots,143.35,1.5,1.496
2026-04-13,3,19,Cabbage,62.22,0.5,0.5
2026-04-13,3,19,Cabbage,248.9,2.0,2.0
2026-04-13,3,20,Tomatoes,64.71,1.0,1.001
2026-04-13,3,20,Beef,211.48,0.5,0.499
2026-04-13,3,21,Potatoes,206.86,1.5,1.495
2026-04-13,3,21,Chicken,402.42,2.0,1.999
2026-04-13,3,22,Tomatoes,32.35,0.5,0.499
2026-04-13,3,22,Cabbage,186.68,1.5,1.498
2026-04-13,3,23,Cabbage,186.68,1.5,1.503
2026-04-13,3,23,Rice,72.02,1.5,1.495
2026-04-13,3,24,Chicken,100.6,0.5,0.501
2026-04-13,3,24,Tomatoes,64.71,1.0,0.995
2026-04-13,3,25,Potatoes,206.86,1.5,1.498
2026-04-13,3,25,Tomatoes,32.35,0.5,0.499
2026-04-13,3,26,Chicken,100.6,0.5,0.498
2026-04-13,3,26,Bangus,95.73,0.5,0.501
2026-04-13,3,27,Beef,211.48,0.5,0.498
2026-04-13,3,27,Chicken,201.21,1.0,1.0
2026-04-13,3,28,Potatoes,68.96,0.5,0.5
2026-04-13,3,28,Potatoes,68.96,0.5,0.497
2026-04-13,3,29,Bangus,95.73,0.5,0.498
2026-04-13,3,29,Potatoes,137.91,1.0,0.995
2026-04-13,3,30,Tomatoes,129.42,2.0,1.992
2026-04-13,3,30,Chicken,201.21,1.0,0.995
2026-04-13,3,31,Cabbage,186.68,1.5,1.498
2026-04-13,3,31,Carrots,47.78,0.5,0.499
2026-04-14,4,1,Carrots,70.42,0.5,0.498
2026-04-14,4,1,Cabbage,105.33,1.0,1.002
2026-04-14,4,2,Bangus,208.07,1.0,1.0
2026-04-14,4,2,Bangus,416.14,2.0,1.992
2026-04-14,4,3,Cabbage,105.33,1.0,0.994
2026-04-14,4,3,Carrots,281.7,2.0,1.991
2026-04-14,4,4,Cabbage,52.66,0.5,0.497
2026-04-14,4,4,Bangus,312.1,1.5,1.502
2026-04-14,4,5,Rice,103.58,2.0,1.988
2026-04-14,4,5,Beef,527.33,1.5,1.492
2026-04-14,4,6,Beef,527.33,1.5,1.493
2026-04-14,4,6,Rice,25.9,0.5,0.499
2026-04-14,4,7,Potatoes,45.12,0.5,0.499
2026-04-14,4,7,Tomatoes,127.64,2.0,1.993
2026-04-14,4,8,Bangus,208.07,1.0,0.997
2026-04-14,4,8,Rice,77.68,1.5,1.496
2026-04-14,4,9,Beef,703.1,2.0,1.996
2026-04-14,4,9,Rice,103.58,2.0,2.001
2026-04-14,4,10,Chicken,199.22,1.0,0.997
2026-04-14,4,10,Beef,527.33,1.5,1.503
2026-04-14,4,11,Tomatoes,31.91,0.5,0.498
2026-04-14,4,11,Potatoes,180.5,2.0,1.998
2026-04-14,4,12,Bangus,416.14,2.0,1.999
2026-04-14,4,12,Beef,175.78,0.5,0.498
2026-04-14,4,13,Bangus,208.07,1.0,0.996
2026-04-14,4,13,Cabbage,52.66,0.5,0.501
2026-04-14,4,14,Beef,175.78,0.5,0.5
2026-04-14,4,14,Rice,77.68,1.5,1.498
2026-04-14,4,15,Cabbage,52.66,0.5,0.501
2026-04-14,4,15,Rice,103.58,2.0,1.989
2026-04-14,4,16,Chicken,398.44,2.0,1.993
2026-04-14,4,16,Carrots,281.7,2.0,1.991
2026-04-14,4,17,Chicken,99.61,0.5,0.498
2026-04-14,4,17,Potatoes,90.25,1.0,1.002
2026-04-14,4,18,Tomatoes,31.91,0.5,0.5
2026-04-14,4,18,Rice,51.79,1.0,0.993
2026-04-14,4,19,Rice,103.58,2.0,2.003
2026-04-14,4,19,Carrots,70.42,0.5,0.497
2026-04-14,4,20,Rice,103.58,2.0,2.001
2026-04-14,4,20,Rice,103.58,2.0,1.997
2026-04-14,4,21,Bangus,416.14,2.0,1.99
2026-04-14,4,21,Potatoes,135.38,1.5,1.49
2026-04-14,4,22,Rice,103.58,2.0,2.005
2026-04-14,4,22,Bangus,104.04,0.5,0.498
2026-04-14,4,23,Beef,703.1,2.0,1.988
2026-04-14,4,23,Carrots,281.7,2.0,2.004
2026-04-14,4,24,Tomatoes,95.73,1.5,1.496
2026-04-14,4,24,Beef,703.1,2.0,1.995
2026-04-14,4,25,Chicken,99.61,0.5,0.5
2026-04-14,4,25,Cabbage,210.66,2.0,1.995
2026-04-14,4,26,Tomatoes,95.73,1.5,1.493
2026-04-14,4,26,Carrots,211.27,1.5,1.491
2026-04-14,4,27,Cabbage,210.66,2.0,2.0
2026-04-14,4,27,Tomatoes,63.82,1.0,0.999
2026-04-14,4,28,Chicken,99.61,0.5,0.498
2026-04-14,4,28,Carrots,211.27,1.5,1.491
2026-04-14,4,29,Tomatoes,63.82,1.0,0.994
2026-04-14,4,29,Chicken,199.22,1.0,1.0
2026-04-14,4,30,Bangus,416.14,2.0,1.995
2026-04-14,4,30,Potatoes,135.38,1.5,1.491
2026-04-14,4,31,Cabbage,158.0,1.5,1.493
2026-04-14,4,31,Rice,51.79,1.0,0.999
2026-04-14,4,32,Rice,51.79,1.0,0.996
2026-04-14,4,32,Potatoes,180.5,2.0,1.989
2026-04-14,4,33,Rice,51.79,1.0,0.996
2026-04-14,4,33,Beef,175.78,0.5,0.497
2026-04-14,4,34,Bangus,416.14,2.0,1.995
2026-04-14,4,34,Carrots,211.27,1.5,1.501
2026-04-14,4,35,Potatoes,135.38,1.5,1.5
2026-04-14,4,35,Potatoes,180.5,2.0,1.992
2026-04-14,4,36,Beef,703.1,2.0,1.998
2026-04-14,4,36,Chicken,398.44,2.0,1.998
2026-04-14,4,37,Beef,175.78,0.5,0.498
2026-04-14,4,37,Beef,527.33,1.5,1.49
2026-04-14,4,38,Tomatoes,95.73,1.5,1.491
2026-04-14,4,38,Bangus,416.14,2.0,1.992
2026-04-14,4,39,Potatoes,135.38,1.5,1.49
2026-04-14,4,39,Carrots,211.27,1.5,1.498
2026-04-14,4,40,Chicken,298.83,1.5,1.501
2026-04-14,4,40,Beef,703.1,2.0,1.995
2026-04-14,4,41,Beef,703.1,2.0,2.002
2026-04-14,4,41,Rice,103.58,2.0,1.991
2026-04-14,4,42,Rice,51.79,1.0,1.0
2026-04-14,4,42,Tomatoes,95.73,1.5,1.5
2026-04-14,4,43,Potatoes,90.25,1.0,0.999
2026-04-14,4,43,Beef,527.33,1.5,1.5
2026-04-14,4,44,Rice,25.9,0.5,0.498
2026-04-14,4,44,Cabbage,105.33,1.0,1.0
2026-04-14,4,45,Carrots,140.85,1.0,1.001
2026-04-14,4,45,Bangus,208.07,1.0,0.998
2026-04-14,4,46,Carrots,70.42,0.5,0.5
2026-04-14,4,46,Cabbage,210.66,2.0,2.003
2026-04-15,5,1,Cabbage,60.52,0.5,0.5
2026-04-15,5,1,Carrots,249.28,2.0,1.999
2026-04-15,5,2,Chicken,370.02,2.0,1.986
2026-04-15,5,2,Beef,563.7,1.5,1.495
2026-04-15,5,3,Potatoes,91.86,1.0,0.993
2026-04-15,5,3,Potatoes,91.86,1.0,1.002
2026-04-15,5,4,Beef,375.8,1.0,0.995
2026-04-15,5,4,Bangus,104.02,0.5,0.5
2026-04-15,5,5,Tomatoes,46.3,0.5,0.501
2026-04-15,5,5,Bangus,208.03,1.0,0.999
2026-04-15,5,6,Bangus,208.03,1.0,0.996
2026-04-15,5,6,Rice,72.61,1.5,1.499
2026-04-15,5,7,Potatoes,45.93,0.5,0.499
2026-04-15,5,7,Rice,96.82,2.0,2.0
2026-04-15,5,8,Potatoes,45.93,0.5,0.5
2026-04-15,5,8,Chicken,370.02,2.0,1.988
2026-04-15,5,9,Beef,187.9,0.5,0.5
2026-04-15,5,9,Tomatoes,138.88,1.5,1.489
2026-04-15,5,10,Cabbage,181.58,1.5,1.494
2026-04-15,5,10,Chicken,92.5,0.5,0.499
2026-04-15,5,11,Rice,72.61,1.5,1.496
2026-04-15,5,11,Cabbage,242.1,2.0,2.001
2026-04-15,5,12,Bangus,104.02,0.5,0.498
2026-04-15,5,12,Tomatoes,138.88,1.5,1.498
2026-04-15,5,13,Chicken,185.01,1.0,0.994
2026-04-15,5,13,Cabbage,60.52,0.5,0.497
2026-04-15,5,14,Chicken,370.02,2.0,1.989
2026-04-15,5,14,Beef,563.7,1.5,1.503
2026-04-15,5,15,Carrots,62.32,0.5,0.501
2026-04-15,5,15,Bangus,104.02,0.5,0.501
2026-04-15,5,16,Chicken,370.02,2.0,1.988
2026-04-15,5,16,Bangus,104.02,0.5,0.499
2026-04-15,5,17,Carrots,124.64,1.0,1.001
2026-04-15,5,17,Rice,24.2,0.5,0.5
2026-04-15,5,18,Potatoes,183.72,2.0,2.003
2026-04-15,5,18,Beef,751.6,2.0,2.005
2026-04-15,5,19,Potatoes,91.86,1.0,0.996
2026-04-15,5,19,Rice,48.41,1.0,0.999
2026-04-15,5,20,Carrots,249.28,2.0,1.989
2026-04-15,5,20,Carrots,249.28,2.0,1.995
2026-04-15,5,21,Rice,72.61,1.5,1.492
2026-04-15,5,21,Carrots,62.32,0.5,0.496
2026-04-15,5,22,Bangus,416.06,2.0,1.995
2026-04-15,5,22,Tomatoes,46.3,0.5,0.499
2026-04-15,5,23,Cabbage,60.52,0.5,0.5
2026-04-15,5,23,Tomatoes,138.88,1.5,1.489
2026-04-15,5,24,Cabbage,242.1,2.0,1.993
2026-04-15,5,24,Bangus,416.06,2.0,1.994
2026-04-15,5,25,Chicken,277.52,1.5,1.502
2026-04-15,5,25,Beef,187.9,0.5,0.5
2026-04-15,5,26,Beef,375.8,1.0,1.002
2026-04-15,5,26,Rice,48.41,1.0,0.999
2026-04-15,5,27,Tomatoes,92.59,1.0,0.993
2026-04-15,5,27,Bangus,208.03,1.0,1.001
2026-04-15,5,28,Carrots,124.64,1.0,0.993
2026-04-15,5,28,Bangus,416.06,2.0,2.001
2026-04-15,5,29,Bangus,104.02,0.5,0.499
2026-04-15,5,29,Tomatoes,92.59,1.0,0.993
2026-04-15,5,30,Rice,24.2,0.5,0.498
2026-04-15,5,30,Cabbage,181.58,1.5,1.494
2026-04-15,5,31,Bangus,104.02,0.5,0.498
2026-04-15,5,31,Tomatoes,138.88,1.5,1.499
2026-04-15,5,32,Rice,96.82,2.0,2.001
2026-04-15,5,32,Cabbage,181.58,1.5,1.492
2026-04-15,5,33,Beef,187.9,0.5,0.5
2026-04-15,5,33,Chicken,185.01,1.0,0.996
2026-04-15,5,34,Cabbage,60.52,0.5,0.5
2026-04-15,5,34,Beef,751.6,2.0,1.988
2026-04-15,5,35,Rice,48.41,1.0,1.0
2026-04-15,5,35,Carrots,186.96,1.5,1.502
2026-04-15,5,36,Bangus,312.04,1.5,1.494
2026-04-15,5,36,Bangus,312.04,1.5,1.49
2026-04-16,1,1,Tomatoes,73.85,1.0,0.994
2026-04-16,1,1,Cabbage,96.18,1.0,1.002
2026-04-16,1,2,Rice,105.72,2.0,2.001
2026-04-16,1,2,Cabbage,144.27,1.5,1.492
2026-04-16,1,3,Beef,433.91,1.0,0.997
2026-04-16,1,3,Beef,433.91,1.0,1.0
2026-04-16,1,4,Tomatoes,147.7,2.0,1.995
2026-04-16,1,4,Carrots,116.47,1.0,0.993
2026-04-16,1,5,Bangus,255.06,1.5,1.499
2026-04-16,1,5,Cabbage,96.18,1.0,0.993
2026-04-16,1,6,Bangus,85.02,0.5,0.499
2026-04-16,1,6,Potatoes,224.14,2.0,1.987
2026-04-16,1,7,Potatoes,112.07,1.0,0.995
2026-04-16,1,7,Chicken,298.7,1.5,1.502
2026-04-16,1,8,Carrots,58.24,0.5,0.5
2026-04-16,1,8,Chicken,298.7,1.5,1.494
2026-04-16,1,9,Tomatoes,36.92,0.5,0.496
2026-04-16,1,9,Potatoes,56.04,0.5,0.498
2026-04-16,1,10,Tomatoes,110.78,1.5,1.494
2026-04-16,1,10,Chicken,199.13,1.0,0.996
2026-04-16,1,11,Bangus,170.04,1.0,0.999
2026-04-16,1,11,Potatoes,224.14,2.0,2.002
2026-04-16,1,12,Potatoes,224.14,2.0,1.994
2026-04-16,1,12,Rice,26.43,0.5,0.5
2026-04-16,1,13,Chicken,298.7,1.5,1.49
2026-04-16,1,13,Bangus,340.08,2.0,1.993
2026-04-16,1,14,Rice,26.43,0.5,0.499
2026-04-16,1,14,Tomatoes,110.78,1.5,1.499
2026-04-16,1,15,Rice,105.72,2.0,2.001
2026-04-16,1,15,Rice,52.86,1.0,0.998
2026-04-16,1,16,Tomatoes,110.78,1.5,1.502
2026-04-16,1,16,Tomatoes,36.92,0.5,0.5
2026-04-16,1,17,Bangus,255.06,1.5,1.494
2026-04-16,1,17,Tomatoes,147.7,2.0,1.993
2026-04-16,1,18,Tomatoes,147.7,2.0,1.995
2026-04-16,1,18,Bangus,340.08,2.0,1.999
2026-04-16,1,19,Tomatoes,36.92,0.5,0.498
2026-04-16,1,19,Chicken,199.13,1.0,1.001
2026-04-16,1,20,Tomatoes,110.78,1.5,1.503
2026-04-16,1,20,Beef,650.86,1.5,1.49
2026-04-16,1,21,Tomatoes,147.7,2.0,2.004
2026-04-16,1,21,Cabbage,144.27,1.5,1.497
2026-04-16,1,22,Cabbage,192.36,2.0,1.995
2026-04-16,1,22,Tomatoes,36.92,0.5,0.5
2026-04-16,1,23,Chicken,199.13,1.0,0.993
2026-04-16,1,23,Tomatoes,147.7,2.0,1.998
2026-04-16,1,24,Potatoes,168.1,1.5,1.503
2026-04-16,1,24,Potatoes,112.07,1.0,0.997
2026-04-16,1,25,Beef,867.82,2.0,1.997
2026-04-16,1,25,Tomatoes,73.85,1.0,1.002
2026-04-16,1,26,Potatoes,112.07,1.0,0.996
2026-04-16,1,26,Cabbage,96.18,1.0,0.998
2026-04-16,1,27,Bangus,255.06,1.5,1.497
2026-04-16,1,27,Chicken,99.56,0.5,0.5
2026-04-16,1,28,Potatoes,224.14,2.0,1.986
2026-04-16,1,28,Beef,216.96,0.5,0.498
2026-04-16,1,29,Cabbage,144.27,1.5,1.499
2026-04-16,1,29,Cabbage,192.36,2.0,2.004
2026-04-16,1,30,Beef,650.86,1.5,1.504
2026-04-16,1,30,Bangus,340.08,2.0,1.991
2026-04-16,1,31,Cabbage,144.27,1.5,1.489
2026-04-16,1,31,Cabbage,144.27,1.5,1.497
2026-04-16,1,32,Potatoes,168.1,1.5,1.495
2026-04-16,1,32,Rice,79.29,1.5,1.494
2026-04-16,1,33,Beef,216.96,0.5,0.498
2026-04-16,1,33,Beef,867.82,2.0,1.992
2026-04-16,1,34,Chicken,199.13,1.0,0.995
2026-04-16,1,34,Tomatoes,110.78,1.5,1.501
2026-04-16,1,35,Carrots,58.24,0.5,0.501
2026-04-16,1,35,Beef,650.86,1.5,1.496
2026-04-16,1,36,Potatoes,224.14,2.0,1.997
2026-04-16,1,36,Rice,79.29,1.5,1.502
2026-04-16,1,37,Bangus,340.08,2.0,1.987
2026-04-16,1,37,Potatoes,56.04,0.5,0.498
2026-04-17,2,1,Tomatoes,177.54,1.5,1.493
2026-04-17,2,1,Cabbage,230.66,2.0,1.985
2026-04-17,2,2,Bangus,86.88,0.5,0.496
2026-04-17,2,2,Chicken,297.99,1.5,1.492
2026-04-17,2,3,Rice,45.97,1.0,1.002
2026-04-17,2,3,Rice,91.94,2.0,1.994
2026-04-17,2,4,Beef,723.16,2.0,1.988
2026-04-17,2,4,Cabbage,173.0,1.5,1.498
2026-04-17,2,5,Potatoes,183.34,2.0,2.002
2026-04-17,2,5,Potatoes,183.34,2.0,1.994
2026-04-17,2,6,Rice,45.97,1.0,1.0
2026-04-17,2,6,Tomatoes,177.54,1.5,1.491
2026-04-17,2,7,Beef,361.58,1.0,0.994
2026-04-17,2,7,Rice,45.97,1.0,0.993
2026-04-17,2,8,Cabbage,230.66,2.0,1.995
2026-04-17,2,8,Cabbage,57.66,0.5,0.498
2026-04-17,2,9,Cabbage,173.0,1.5,1.498
2026-04-17,2,9,Chicken,99.33,0.5,0.501
2026-04-17,2,10,Carrots,221.12,2.0,2.003
2026-04-17,2,10,Carrots,55.28,0.5,0.501
2026-04-17,2,11,Chicken,198.66,1.0,0.996
2026-04-17,2,11,Cabbage,115.33,1.0,0.993
2026-04-17,2,12,Tomatoes,59.18,0.5,0.501
2026-04-17,2,12,Cabbage,230.66,2.0,1.988
2026-04-17,2,13,Chicken,297.99,1.5,1.492
2026-04-17,2,13,Chicken,198.66,1.0,1.0
2026-04-17,2,14,Carrots,55.28,0.5,0.496
2026-04-17,2,14,Rice,68.96,1.5,1.501
2026-04-17,2,15,Beef,723.16,2.0,1.996
2026-04-17,2,15,Carrots,110.56,1.0,0.994
2026-04-17,2,16,Beef,723.16,2.0,1.99
2026-04-17,2,16,Chicken,397.32,2.0,1.997
2026-04-17,2,17,Chicken,99.33,0.5,0.497
2026-04-17,2,17,Potatoes,45.84,0.5,0.499
2026-04-17,2,18,Potatoes,91.67,1.0,0.993
2026-04-17,2,18,Carrots,221.12,2.0,1.999
2026-04-17,2,19,Chicken,99.33,0.5,0.501
2026-04-17,2,19,Chicken,397.32,2.0,2.004
2026-04-17,2,20,Cabbage,173.0,1.5,1.497
2026-04-17,2,20,Carrots,55.28,0.5,0.499
2026-04-17,2,21,Chicken,99.33,0.5,0.5
2026-04-17,2,21,Tomatoes,118.36,1.0,0.997
2026-04-17,2,22,Tomatoes,118.36,1.0,1.0
2026-04-17,2,22,Cabbage,173.0,1.5,1.5
2026-04-17,2,23,Chicken,397.32,2.0,1.996
2026-04-17,2,23,Potatoes,183.34,2.0,1.99
2026-04-17,2,24,Tomatoes,177.54,1.5,1.495
2026-04-17,2,24,Cabbage,57.66,0.5,0.501
2026-04-17,2,25,Cabbage,230.66,2.0,2.002
2026-04-17,2,25,Cabbage,57.66,0.5,0.497
2026-04-17,2,26,Cabbage,173.0,1.5,1.495
2026-04-17,2,26,Beef,180.79,0.5,0.498
2026-04-17,2,27,Beef,361.58,1.0,1.0
2026-04-17,2,27,Tomatoes,177.54,1.5,1.495
2026-04-17,2,28,Cabbage,57.66,0.5,0.497
2026-04-17,2,28,Rice,91.94,2.0,1.987
2026-04-17,2,29,Chicken,297.99,1.5,1.489
2026-04-17,2,29,Tomatoes,118.36,1.0,0.993
2026-04-17,2,30,Bangus,347.52,2.0,1.994
2026-04-17,2,30,Beef,723.16,2.0,1.993
2026-04-17,2,31,Beef,542.37,1.5,1.503
2026-04-17,2,31,Beef,361.58,1.0,0.999
2026-04-17,2,32,Potatoes,91.67,1.0,0.999
2026-04-17,2,32,Rice,68.96,1.5,1.492
2026-04-17,2,33,Potatoes,137.5,1.5,1.5
2026-04-17,2,33,Potatoes,183.34,2.0,1.995
2026-04-17,2,34,Bangus,347.52,2.0,2.004
2026-04-17,2,34,Beef,361.58,1.0,0.999
2026-04-17,2,35,Rice,45.97,1.0,0.997
2026-04-17,2,35,Bangus,86.88,0.5,0.5
2026-04-17,2,36,Potatoes,91.67,1.0,1.002
2026-04-17,2,36,Potatoes,183.34,2.0,1.987
2026-04-17,2,37,Cabbage,173.0,1.5,1.497
2026-04-17,2,37,Potatoes,91.67,1.0,0.994
2026-04-17,2,38,Beef,723.16,2.0,1.992
2026-04-17,2,38,Beef,542.37,1.5,1.499
2026-04-17,2,39,Bangus,86.88,0.5,0.497
2026-04-17,2,39,Tomatoes,177.54,1.5,1.499
2026-04-17,2,40,Bangus,86.88,0.5,0.498
2026-04-17,2,40,Beef,542.37,1.5,1.498
2026-04-17,2,41,Cabbage,173.0,1.5,1.493
2026-04-17,2,41,Bangus,347.52,2.0,1.986
2026-04-17,2,42,Beef,180.79,0.5,0.499
2026-04-17,2,42,Cabbage,173.0,1.5,1.494
2026-04-17,2,43,Chicken,198.66,1.0,1.002
2026-04-17,2,43,Beef,542.37,1.5,1.492
2026-04-17,2,44,Cabbage,173.0,1.5,1.5
2026-04-17,2,44,Potatoes,45.84,0.5,0.501
2026-04-17,2,45,Bangus,86.88,0.5,0.499
2026-04-17,2,45,Rice,45.97,1.0,0.996
2026-04-17,2,46,Carrots,55.28,0.5,0.498
2026-04-17,2,46,Rice,45.97,1.0,0.994
2026-04-17,2,47,Rice,68.96,1.5,1.494
2026-04-17,2,47,Rice,22.98,0.5,0.498
2026-04-17,2,48,Rice,91.94,2.0,1.996
2026-04-17,2,48,Potatoes,137.5,1.5,1.49
2026-04-20,3,1,Cabbage,131.61,1.5,1.492
2026-04-20,3,1,Tomatoes,140.68,2.0,1.999
2026-04-20,3,2,Beef,203.36,0.5,0.5
2026-04-20,3,2,Carrots,47.64,0.5,0.5
2026-04-20,3,3,Potatoes,100.79,1.0,0.994
2026-04-20,3,3,Cabbage,87.74,1.0,1.002
2026-04-20,3,4,Rice,98.98,2.0,1.992
2026-04-20,3,4,Bangus,171.29,1.0,0.996
2026-04-20,3,5,Beef,406.73,1.0,0.996
2026-04-20,3,5,Chicken,391.7,2.0,1.992
2026-04-20,3,6,Carrots,95.27,1.0,0.995
2026-04-20,3,6,Beef,610.1,1.5,1.491
2026-04-20,3,7,Tomatoes,70.34,1.0,0.993
2026-04-20,3,7,Bangus,256.94,1.5,1.494
2026-04-20,3,8,Chicken,293.77,1.5,1.496
2026-04-20,3,8,Tomatoes,70.34,1.0,0.993
2026-04-20,3,9,Potatoes,201.58,2.0,1.987
2026-04-20,3,9,Cabbage,131.61,1.5,1.498
2026-04-20,3,10,Beef,610.1,1.5,1.491
2026-04-20,3,10,Beef,203.36,0.5,0.496
2026-04-20,3,11,Cabbage,131.61,1.5,1.5
2026-04-20,3,11,Rice,98.98,2.0,1.994
2026-04-20,3,12,Cabbage,131.61,1.5,1.499
2026-04-20,3,12,Cabbage,87.74,1.0,1.0
2026-04-20,3,13,Chicken,293.77,1.5,1.502
2026-04-20,3,13,Cabbage,131.61,1.5,1.496
2026-04-20,3,14,Potatoes,201.58,2.0,1.988
2026-04-20,3,14,Bangus,256.94,1.5,1.498
2026-04-20,3,15,Potatoes,201.58,2.0,1.99
2026-04-20,3,15,Tomatoes,105.51,1.5,1.498
2026-04-20,3,16,Chicken,97.92,0.5,0.499
2026-04-20,3,16,Bangus,256.94,1.5,1.493
2026-04-20,3,17,Carrots,47.64,0.5,0.499
2026-04-20,3,17,Carrots,190.54,2.0,1.992
2026-04-20,3,18,Bangus,256.94,1.5,1.496
2026-04-20,3,18,Potatoes,201.58,2.0,2.003
2026-04-20,3,19,Chicken,391.7,2.0,1.993
2026-04-20,3,19,Chicken,293.77,1.5,1.492
2026-04-20,3,20,Rice,49.49,1.0,0.999
2026-04-20,3,20,Tomatoes,140.68,2.0,2.003
2026-04-20,3,21,Bangus,171.29,1.0,0.999
2026-04-20,3,21,Beef,406.73,1.0,0.994
2026-04-20,3,22,Potatoes,151.18,1.5,1.498
2026-04-20,3,22,Carrots,142.9,1.5,1.489
2026-04-20,3,23,Potatoes,50.4,0.5,0.497
2026-04-20,3,23,Rice,74.24,1.5,1.49
2026-04-20,3,24,Chicken,293.77,1.5,1.49
2026-04-20,3,24,Chicken,293.77,1.5,1.501
2026-04-20,3,25,Rice,98.98,2.0,1.989
2026-04-20,3,25,Cabbage,175.48,2.0,2.002
2026-04-20,3,26,Bangus,171.29,1.0,0.997
2026-04-20,3,26,Tomatoes,35.17,0.5,0.499
2026-04-20,3,27,Rice,74.24,1.5,1.495
2026-04-20,3,27,Tomatoes,35.17,0.5,0.499
2026-04-20,3,28,Carrots,190.54,2.0,1.989
2026-04-20,3,28,Potatoes,50.4,0.5,0.5
2026-04-20,3,29,Beef,406.73,1.0,0.998
2026-04-20,3,29,Beef,406.73,1.0,0.999
2026-04-20,3,30,Carrots,95.27,1.0,1.001
2026-04-20,3,30,Tomatoes,105.51,1.5,1.495
2026-04-20,3,31,Tomatoes,140.68,2.0,1.988
2026-04-20,3,31,Bangus,342.58,2.0,1.994
2026-04-20,3,32,Cabbage,175.48,2.0,2.001
2026-04-20,3,32,Tomatoes,105.51,1.5,1.489
2026-04-20,3,33,Potatoes,201.58,2.0,1.992
2026-04-20,3,33,Tomatoes,105.51,1.5,1.491
2026-04-20,3,34,Bangus,171.29,1.0,0.995
2026-04-20,3,34,Cabbage,43.87,0.5,0.499
2026-04-20,3,35,Carrots,142.9,1.5,1.499
2026-04-20,3,35,Rice,49.49,1.0,0.995
2026-04-20,3,36,Chicken,391.7,2.0,1.986
2026-04-20,3,36,Beef,610.1,1.5,1.494
2026-04-20,3,37,Bangus,171.29,1.0,1.001
2026-04-20,3,37,Rice,74.24,1.5,1.496
2026-04-20,3,38,Rice,49.49,1.0,1.0
2026-04-20,3,38,Cabbage,131.61,1.5,1.496
2026-04-20,3,39,Potatoes,50.4,0.5,0.497
2026-04-20,3,39,Beef,813.46,2.0,2.002
2026-04-20,3,40,Beef,203.36,0.5,0.501
2026-04-20,3,40,Tomatoes,70.34,1.0,1.0
2026-04-20,3,41,Potatoes,201.58,2.0,2.0
2026-04-20,3,41,Potatoes,151.18,1.5,1.49
2026-04-20,3,42,Tomatoes,140.68,2.0,1.994
2026-04-20,3,42,Rice,74.24,1.5,1.493
2026-04-20,3,43,Carrots,190.54,2.0,1.994
2026-04-20,3,43,Chicken,195.85,1.0,0.999
2026-04-21,4,1,Rice,50.36,1.0,1.002
2026-04-21,4,1,Bangus,101.73,0.5,0.499
2026-04-21,4,2,Cabbage,188.12,1.5,1.494
2026-04-21,4,2,Cabbage,62.7,0.5,0.5
2026-04-21,4,3,Tomatoes,201.36,2.0,2.003
2026-04-21,4,3,Rice,25.18,0.5,0.501
2026-04-21,4,4,Beef,186.78,0.5,0.497
2026-04-21,4,4,Bangus,101.73,0.5,0.499
2026-04-21,4,5,Bangus,203.46,1.0,1.002
2026-04-21,4,5,Potatoes,105.55,1.0,0.999
2026-04-21,4,6,Beef,560.36,1.5,1.489
2026-04-21,4,6,Chicken,201.02,1.0,0.999
2026-04-21,4,7,Carrots,181.04,1.5,1.502
2026-04-21,4,7,Rice,75.54,1.5,1.5
2026-04-21,4,8,Beef,747.14,2.0,2.002
2026-04-21,4,8,Rice,100.72,2.0,2.004
2026-04-21,4,9,Beef,373.57,1.0,0.993
2026-04-21,4,9,Carrots,60.34,0.5,0.497
2026-04-21,4,10,Beef,373.57,1.0,0.996
2026-04-21,4,10,Rice,100.72,2.0,2.004
2026-04-21,4,11,Tomatoes,201.36,2.0,1.995
2026-04-21,4,11,Bangus,406.92,2.0,2.001
2026-04-21,4,12,Beef,373.57,1.0,0.997
2026-04-21,4,12,Rice,25.18,0.5,0.5
2026-04-21,4,13,Bangus,203.46,1.0,1.002
2026-04-21,4,13,Carrots,60.34,0.5,0.497
2026-04-21,4,14,Cabbage,250.82,2.0,1.998
2026-04-21,4,14,Beef,747.14,2.0,2.0
2026-04-21,4,15,Beef,747.14,2.0,1.988
2026-04-21,4,15,Potatoes,52.78,0.5,0.5
2026-04-21,4,16,Cabbage,250.82,2.0,1.999
2026-04-21,4,16,Potatoes,211.1,2.0,2.0
2026-04-21,4,17,Cabbage,62.7,0.5,0.5
2026-04-21,4,17,Cabbage,125.41,1.0,0.998
2026-04-21,4,18,Carrots,60.34,0.5,0.497
2026-04-21,4,18,Cabbage,62.7,0.5,0.498
2026-04-21,4,19,Potatoes,52.78,0.5,0.497
2026-04-21,4,19,Beef,186.78,0.5,0.499
2026-04-21,4,20,Tomatoes,201.36,2.0,2.003
2026-04-21,4,20,Cabbage,188.12,1.5,1.494
2026-04-21,4,21,Potatoes,211.1,2.0,1.996
2026-04-21,4,21,Bangus,101.73,0.5,0.498
2026-04-21,4,22,Tomatoes,100.68,1.0,1.0
2026-04-21,4,22,Bangus,305.19,1.5,1.498
2026-04-21,4,23,Cabbage,250.82,2.0,1.988
2026-04-21,4,23,Carrots,60.34,0.5,0.5
2026-04-21,4,24,Potatoes,52.78,0.5,0.5
2026-04-21,4,24,Tomatoes,201.36,2.0,1.997
2026-04-21,4,25,Bangus,305.19,1.5,1.501
2026-04-21,4,25,Tomatoes,201.36,2.0,1.999
2026-04-21,4,26,Tomatoes,100.68,1.0,0.999
2026-04-21,4,26,Potatoes,211.1,2.0,1.997
2026-04-21,4,27,Beef,560.36,1.5,1.498
2026-04-21,4,27,Cabbage,125.41,1.0,0.996
2026-04-21,4,28,Beef,560.36,1.5,1.503
2026-04-21,4,28,Bangus,101.73,0.5,0.498
2026-04-21,4,29,Chicken,402.04,2.0,1.992
2026-04-21,4,29,Chicken,301.53,1.5,1.494
2026-04-21,4,30,Tomatoes,50.34,0.5,0.496
2026-04-21,4,30,Potatoes,211.1,2.0,1.995
2026-04-21,4,31,Rice,100.72,2.0,1.999
2026-04-21,4,31,Carrots,120.69,1.0,0.996
2026-04-21,4,32,Carrots,120.69,1.0,1.001
2026-04-21,4,32,Bangus,101.73,0.5,0.496
2026-04-21,4,33,Cabbage,62.7,0.5,0.496
2026-04-21,4,33,Tomatoes,100.68,1.0,0.998
2026-04-21,4,34,Potatoes,211.1,2.0,1.993
2026-04-21,4,34,Beef,373.57,1.0,0.994
2026-04-21,4,35,Potatoes,52.78,0.5,0.5
2026-04-21,4,35,Rice,25.18,0.5,0.5
2026-04-21,4,36,Chicken,201.02,1.0,0.995
2026-04-21,4,36,Potatoes,105.55,1.0,0.993
2026-04-21,4,37,Potatoes,211.1,2.0,1.987
2026-04-21,4,37,Tomatoes,201.36,2.0,1.995
2026-04-21,4,38,Cabbage,125.41,1.0,0.997
2026-04-21,4,38,Tomatoes,151.02,1.5,1.499
2026-04-21,4,39,Cabbage,62.7,0.5,0.497
2026-04-21,4,39,Rice,75.54,1.5,1.493
2026-04-21,4,40,Chicken,402.04,2.0,1.995
2026-04-21,4,40,Beef,747.14,2.0,1.997
2026-04-21,4,41,Carrots,181.04,1.5,1.501
2026-04-21,4,41,Potatoes,105.55,1.0,0.993
2026-04-21,4,42,Carrots,120.69,1.0,1.002
2026-04-21,4,42,Chicken,301.53,1.5,1.501
2026-04-21,4,43,Chicken,402.04,2.0,1.99
2026-04-21,4,43,Chicken,301.53,1.5,1.492
2026-04-21,4,44,Tomatoes,151.02,1.5,1.49
2026-04-21,4,44,Rice,100.72,2.0,1.987
2026-04-21,4,45,Bangus,305.19,1.5,1.491
2026-04-21,4,45,Potatoes,158.32,1.5,1.498
2026-04-22,5,1,Beef,657.81,1.5,1.497
2026-04-22,5,1,Cabbage,227.76,2.0,1.995
2026-04-22,5,2,Chicken,293.79,1.5,1.492
2026-04-22,5,2,Tomatoes,158.04,2.0,1.997
2026-04-22,5,3,Carrots,144.97,1.0,1.002
2026-04-22,5,3,Beef,657.81,1.5,1.497
2026-04-22,5,4,Beef,438.54,1.0,1.002
2026-04-22,5,4,Rice,45.51,1.0,0.999
2026-04-22,5,5,Cabbage,227.76,2.0,1.992
2026-04-22,5,5,Carrots,289.94,2.0,1.99
2026-04-22,5,6,Beef,877.08,2.0,1.987
2026-04-22,5,6,Tomatoes,79.02,1.0,0.999
2026-04-22,5,7,Beef,877.08,2.0,2.004
2026-04-22,5,7,Bangus,166.26,1.0,0.996
2026-04-22,5,8,Beef,438.54,1.0,0.993
2026-04-22,5,8,Rice,22.76,0.5,0.496
2026-04-22,5,9,Tomatoes,158.04,2.0,1.995
2026-04-22,5,9,Beef,438.54,1.0,1.001
2026-04-22,5,10,Carrots,144.97,1.0,0.996
2026-04-22,5,10,Rice,45.51,1.0,1.001
2026-04-22,5,11,Tomatoes,39.51,0.5,0.499
2026-04-22,5,11,Beef,219.27,0.5,0.501
2026-04-22,5,12,Bangus,249.39,1.5,1.499
2026-04-22,5,12,Carrots,289.94,2.0,1.999
2026-04-22,5,13,Tomatoes,158.04,2.0,1.99
2026-04-22,5,13,Chicken,195.86,1.0,0.999
2026-04-22,5,14,Beef,657.81,1.5,1.491
2026-04-22,5,14,Beef,219.27,0.5,0.498
2026-04-22,5,15,Chicken,391.72,2.0,2.002
2026-04-22,5,15,Bangus,249.39,1.5,1.497
2026-04-22,5,16,Beef,438.54,1.0,0.995
2026-04-22,5,16,Tomatoes,118.53,1.5,1.489
2026-04-22,5,17,Cabbage,56.94,0.5,0.499
2026-04-22,5,17,Tomatoes,158.04,2.0,1.989
2026-04-22,5,18,Beef,877.08,2.0,1.992
2026-04-22,5,18,Tomatoes,118.53,1.5,1.489
2026-04-22,5,19,Rice,45.51,1.0,1.0
2026-04-22,5,19,Bangus,83.13,0.5,0.498
2026-04-22,5,20,Carrots,217.46,1.5,1.503
2026-04-22,5,20,Bangus,166.26,1.0,1.002
2026-04-22,5,21,Chicken,293.79,1.5,1.498
2026-04-22,5,21,Cabbage,113.88,1.0,0.998
2026-04-22,5,22,Beef,657.81,1.5,1.499
2026-04-22,5,22,Tomatoes,118.53,1.5,1.498
2026-04-22,5,23,Rice,68.26,1.5,1.493
2026-04-22,5,23,Bangus,332.52,2.0,1.986
2026-04-22,5,24,Potatoes,152.13,1.5,1.497
2026-04-22,5,24,Cabbage,113.88,1.0,1.002
2026-04-22,5,25,Tomatoes,158.04,2.0,1.991
2026-04-22,5,25,Rice,22.76,0.5,0.497
2026-04-22,5,26,Tomatoes,158.04,2.0,1.995
2026-04-22,5,26,Chicken,195.86,1.0,0.996
2026-04-22,5,27,Beef,438.54,1.0,1.002
2026-04-22,5,27,Potatoes,101.42,1.0,0.993
2026-04-22,5,28,Tomatoes,158.04,2.0,1.997
2026-04-22,5,28,Potatoes,50.71,0.5,0.498
2026-04-22,5,29,Carrots,72.48,0.5,0.5
2026-04-22,5,29,Chicken,391.72,2.0,2.001
2026-04-22,5,30,Chicken,391.72,2.0,2.0
2026-04-22,5,30,Cabbage,56.94,0.5,0.499
2026-04-22,5,31,Beef,877.08,2.0,1.988
2026-04-22,5,31,Bangus,332.52,2.0,1.999
2026-04-22,5,32,Chicken,97.93,0.5,0.5
2026-04-22,5,32,Cabbage,227.76,2.0,2.002
2026-04-22,5,33,Chicken,97.93,0.5,0.5
2026-04-22,5,33,Potatoes,50.71,0.5,0.498
2026-04-22,5,34,Rice,91.02,2.0,2.002
2026-04-22,5,34,Chicken,293.79,1.5,1.49
2026-04-22,5,35,Tomatoes,79.02,1.0,0.995
2026-04-22,5,35,Cabbage,170.82,1.5,1.492
2026-04-22,5,36,Carrots,72.48,0.5,0.5
2026-04-22,5,36,Potatoes,50.71,0.5,0.497
2026-04-22,5,37,Carrots,144.97,1.0,0.999
2026-04-22,5,37,Tomatoes,118.53,1.5,1.493
2026-04-22,5,38,Tomatoes,79.02,1.0,1.001
2026-04-22,5,38,Rice,22.76,0.5,0.5
2026-04-22,5,39,Bangus,249.39,1.5,1.497
2026-04-22,5,39,Cabbage,56.94,0.5,0.497
2026-04-22,5,40,Cabbage,227.76,2.0,2.004
2026-04-22,5,40,Chicken,293.79,1.5,1.502
2026-04-22,5,41,Bangus,249.39,1.5,1.5
2026-04-22,5,41,Beef,877.08,2.0,1.99
2026-04-22,5,42,Potatoes,50.71,0.5,0.498
2026-04-22,5,42,Rice,45.51,1.0,1.002
2026-04-22,5,43,Potatoes,101.42,1.0,0.996
2026-04-22,5,43,Chicken,391.72,2.0,1.988
2026-04-22,5,44,Tomatoes,79.02,1.0,1.0
2026-04-22,5,44,Carrots,72.48,0.5,0.499
2026-04-23,1,1,Cabbage,55.5,0.5,0.501
2026-04-23,1,1,Cabbage,111.01,1.0,0.997
2026-04-23,1,2,Bangus,265.71,1.5,1.499
2026-04-23,1,2,Bangus,88.57,0.5,0.497
2026-04-23,1,3,Potatoes,226.14,2.0,1.985
2026-04-23,1,3,Potatoes,56.54,0.5,0.497
2026-04-23,1,4,Carrots,60.97,0.5,0.5
2026-04-23,1,4,Cabbage,111.01,1.0,0.998
2026-04-23,1,5,Carrots,243.88,2.0,1.997
2026-04-23,1,5,Carrots,243.88,2.0,1.993
2026-04-23,1,6,Tomatoes,99.85,1.5,1.498
2026-04-23,1,6,Bangus,354.28,2.0,2.003
2026-04-23,1,7,Carrots,182.91,1.5,1.503
2026-04-23,1,7,Rice,59.78,1.0,0.994
2026-04-23,1,8,Tomatoes,99.85,1.5,1.49
2026-04-23,1,8,Carrots,182.91,1.5,1.503
2026-04-23,1,9,Chicken,191.43,1.0,0.997
2026-04-23,1,9,Cabbage,222.02,2.0,1.993
2026-04-23,1,10,Cabbage,55.5,0.5,0.499
2026-04-23,1,10,Cabbage,166.52,1.5,1.5
2026-04-23,1,11,Potatoes,56.54,0.5,0.497
2026-04-23,1,11,Potatoes,226.14,2.0,1.986
2026-04-23,1,12,Tomatoes,99.85,1.5,1.491
2026-04-23,1,12,Carrots,121.94,1.0,0.996
2026-04-23,1,13,Tomatoes,133.14,2.0,1.996
2026-04-23,1,13,Potatoes,169.6,1.5,1.492
2026-04-23,1,14,Beef,572.06,1.5,1.494
2026-04-23,1,14,Chicken,95.72,0.5,0.499
2026-04-23,1,15,Beef,572.06,1.5,1.503
2026-04-23,1,15,Chicken,287.14,1.5,1.502
2026-04-23,1,16,Rice,89.67,1.5,1.489
2026-04-23,1,16,Cabbage,166.52,1.5,1.496
2026-04-23,1,17,Tomatoes,133.14,2.0,1.992
2026-04-23,1,17,Tomatoes,66.57,1.0,0.993
2026-04-23,1,18,Tomatoes,33.28,0.5,0.5
2026-04-23,1,18,Carrots,243.88,2.0,2.005
2026-04-23,1,19,Chicken,382.86,2.0,2.004
2026-04-23,1,19,Bangus,88.57,0.5,0.497
2026-04-23,1,20,Beef,190.68,0.5,0.496
2026-04-23,1,20,Beef,572.06,1.5,1.491
2026-04-23,1,21,Potatoes,169.6,1.5,1.489
2026-04-23,1,21,Tomatoes,133.14,2.0,1.997
2026-04-23,1,22,Carrots,121.94,1.0,0.999
2026-04-23,1,22,Beef,381.37,1.0,0.995
2026-04-23,1,23,Carrots,182.91,1.5,1.493
2026-04-23,1,23,Cabbage,222.02,2.0,1.997
2026-04-23,1,24,Bangus,88.57,0.5,0.5
2026-04-23,1,24,Bangus,354.28,2.0,1.987
2026-04-23,1,25,Potatoes,113.07,1.0,0.993
2026-04-23,1,25,Potatoes,169.6,1.5,1.495
2026-04-23,1,26,Rice,59.78,1.0,0.994
2026-04-23,1,26,Carrots,243.88,2.0,1.995
2026-04-23,1,27,Carrots,243.88,2.0,2.0
2026-04-23,1,27,Bangus,88.57,0.5,0.498
2026-04-23,1,28,Rice,89.67,1.5,1.504
2026-04-23,1,28,Beef,381.37,1.0,0.996
2026-04-23,1,29,Cabbage,166.52,1.5,1.497
2026-04-23,1,29,Chicken,382.86,2.0,1.993
2026-04-23,1,30,Chicken,95.72,0.5,0.501
2026-04-23,1,30,Tomatoes,99.85,1.5,1.492
2026-04-23,1,31,Carrots,60.97,0.5,0.5
2026-04-23,1,31,Bangus,177.14,1.0,0.995
2026-04-23,1,32,Tomatoes,33.28,0.5,0.498
2026-04-23,1,32,Bangus,177.14,1.0,0.995
2026-04-23,1,33,Rice,59.78,1.0,0.994
2026-04-23,1,33,Bangus,177.14,1.0,0.993
2026-04-23,1,34,Potatoes,56.54,0.5,0.497
2026-04-23,1,34,Tomatoes,66.57,1.0,0.997
2026-04-23,1,35,Tomatoes,33.28,0.5,0.499
2026-04-23,1,35,Chicken,382.86,2.0,1.994
2026-04-23,1,36,Chicken,287.14,1.5,1.503
2026-04-23,1,36,Rice,89.67,1.5,1.5
2026-04-23,1,37,Beef,381.37,1.0,0.997
2026-04-23,1,37,Potatoes,226.14,2.0,2.003
2026-04-23,1,38,Carrots,121.94,1.0,0.996
2026-04-23,1,38,Tomatoes,133.14,2.0,2.003
2026-04-23,1,39,Potatoes,113.07,1.0,0.993
2026-04-23,1,39,Bangus,88.57,0.5,0.501
2026-04-23,1,40,Carrots,60.97,0.5,0.499
2026-04-23,1,40,Rice,119.56,2.0,1.985
2026-04-23,1,41,Carrots,121.94,1.0,0.998
2026-04-23,1,41,Cabbage,111.01,1.0,0.993
2026-04-23,1,42,Cabbage,111.01,1.0,0.994
2026-04-23,1,42,Rice,29.89,0.5,0.5
2026-04-23,1,43,Chicken,95.72,0.5,0.5
2026-04-23,1,43,Beef,190.68,0.5,0.499
2026-04-23,1,44,Chicken,287.14,1.5,1.5
2026-04-23,1,44,Potatoes,56.54,0.5,0.5
2026-04-23,1,45,Cabbage,111.01,1.0,0.995
2026-04-23,1,45,Tomatoes,66.57,1.0,0.998
2026-04-23,1,46,Tomatoes,133.14,2.0,1.998
2026-04-23,1,46,Rice,59.78,1.0,0.997
2026-04-23,1,47,Rice,89.67,1.5,1.496
2026-04-23,1,47,Beef,572.06,1.5,1.489
2026-04-23,1,48,Tomatoes,133.14,2.0,1.987
2026-04-23,1,48,Tomatoes,33.28,0.5,0.499
2026-04-23,1,49,Chicken,382.86,2.0,2.0
2026-04-23,1,49,Tomatoes,99.85,1.5,1.492
2026-04-24,2,1,Beef,590.58,1.5,1.496
2026-04-24,2,1,Tomatoes,173.4,1.5,1.492
2026-04-24,2,2,Tomatoes,231.2,2.0,2.004
2026-04-24,2,2,Potatoes,95.17,1.0,0.999
2026-04-24,2,3,Cabbage,46.44,0.5,0.498
2026-04-24,2,3,Chicken,190.09,1.0,1.0
2026-04-24,2,4,Tomatoes,173.4,1.5,1.491
2026-04-24,2,4,Carrots,101.32,1.0,1.002
2026-04-24,2,5,Chicken,95.04,0.5,0.501
2026-04-24,2,5,Carrots,151.98,1.5,1.495
2026-04-24,2,6,Cabbage,46.44,0.5,0.5
2026-04-24,2,6,Bangus,429.9,2.0,1.996
2026-04-24,2,7,Bangus,214.95,1.0,1.001
2026-04-24,2,7,Chicken,380.18,2.0,1.99
2026-04-24,2,8,Chicken,285.14,1.5,1.503
2026-04-24,2,8,Potatoes,142.76,1.5,1.5
2026-04-24,2,9,Cabbage,92.89,1.0,0.999
2026-04-24,2,9,Potatoes,142.76,1.5,1.498
2026-04-24,2,10,Cabbage,46.44,0.5,0.5
2026-04-24,2,10,Cabbage,185.78,2.0,1.989
2026-04-24,2,11,Potatoes,142.76,1.5,1.492
2026-04-24,2,11,Chicken,95.04,0.5,0.497
2026-04-24,2,12,Cabbage,139.34,1.5,1.498
2026-04-24,2,12,Potatoes,190.34,2.0,1.988
2026-04-24,2,13,Rice,72.42,1.5,1.493
2026-04-24,2,13,Rice,96.56,2.0,1.988
2026-04-24,2,14,Beef,590.58,1.5,1.502
2026-04-24,2,14,Carrots,50.66,0.5,0.496
2026-04-24,2,15,Tomatoes,231.2,2.0,1.993
2026-04-24,2,15,Beef,196.86,0.5,0.499
2026-04-24,2,16,Potatoes,95.17,1.0,0.998
2026-04-24,2,16,Rice,48.28,1.0,1.002
2026-04-24,2,17,Potatoes,142.76,1.5,1.498
2026-04-24,2,17,Beef,196.86,0.5,0.501
2026-04-24,2,18,Chicken,285.14,1.5,1.502
2026-04-24,2,18,Potatoes,47.58,0.5,0.497
2026-04-24,2,19,Carrots,101.32,1.0,0.993
2026-04-24,2,19,Cabbage,185.78,2.0,1.987
2026-04-24,2,20,Bangus,322.42,1.5,1.494
2026-04-24,2,20,Bangus,429.9,2.0,2.004
2026-04-24,2,21,Beef,196.86,0.5,0.498
2026-04-24,2,21,Potatoes,190.34,2.0,1.997
2026-04-24,2,22,Bangus,107.48,0.5,0.501
2026-04-24,2,22,Beef,787.44,2.0,2.001
2026-04-24,2,23,Cabbage,139.34,1.5,1.489
2026-04-24,2,23,Beef,787.44,2.0,1.999
2026-04-24,2,24,Potatoes,95.17,1.0,0.993
2026-04-24,2,24,Cabbage,139.34,1.5,1.492
2026-04-24,2,25,Cabbage,46.44,0.5,0.496
2026-04-24,2,25,Cabbage,139.34,1.5,1.491
2026-04-24,2,26,Tomatoes,231.2,2.0,2.004
2026-04-24,2,26,Carrots,50.66,0.5,0.497
2026-04-24,2,27,Beef,196.86,0.5,0.5
2026-04-24,2,27,Cabbage,92.89,1.0,0.999
2026-04-24,2,28,Carrots,202.64,2.0,1.996
2026-04-24,2,28,Carrots,151.98,1.5,1.5
2026-04-24,2,29,Tomatoes,115.6,1.0,0.995
2026-04-24,2,29,Rice,24.14,0.5,0.498
2026-04-24,2,30,Potatoes,190.34,2.0,1.997
2026-04-24,2,30,Rice,48.28,1.0,1.002
2026-04-24,2,31,Chicken,380.18,2.0,1.997
2026-04-24,2,31,Cabbage,185.78,2.0,2.001
2026-04-24,2,32,Beef,787.44,2.0,1.987
2026-04-24,2,32,Tomatoes,57.8,0.5,0.497
2026-04-24,2,33,Tomatoes,115.6,1.0,1.002
2026-04-24,2,33,Potatoes,190.34,2.0,1.991
2026-04-24,2,34,Cabbage,139.34,1.5,1.504
2026-04-24,2,34,Cabbage,185.78,2.0,2.004
2026-04-24,2,35,Cabbage,46.44,0.5,0.498
2026-04-24,2,35,Cabbage,185.78,2.0,2.004
2026-04-27,3,1,Potatoes,193.65,1.5,1.499
2026-04-27,3,1,Potatoes,129.1,1.0,0.998
2026-04-27,3,2,Carrots,90.43,1.0,0.999
2026-04-27,3,2,Bangus,408.7,2.0,1.992
2026-04-27,3,3,Beef,716.58,2.0,1.993
2026-04-27,3,3,Cabbage,114.27,1.0,0.994
2026-04-27,3,4,Beef,179.14,0.5,0.496
2026-04-27,3,4,Carrots,135.65,1.5,1.492
2026-04-27,3,5,Bangus,306.52,1.5,1.492
2026-04-27,3,5,Potatoes,64.55,0.5,0.5
2026-04-27,3,6,Potatoes,129.1,1.0,0.994
2026-04-27,3,6,Carrots,45.22,0.5,0.499
2026-04-27,3,7,Bangus,102.18,0.5,0.497
2026-04-27,3,7,Carrots,135.65,1.5,1.49
2026-04-27,3,8,Chicken,281.36,1.5,1.49
2026-04-27,3,8,Chicken,187.57,1.0,1.001
2026-04-27,3,9,Beef,537.44,1.5,1.501
2026-04-27,3,9,Rice,49.34,1.0,0.993
2026-04-27,3,10,Beef,179.14,0.5,0.497
2026-04-27,3,10,Rice,74.01,1.5,1.498
2026-04-27,3,11,Beef,716.58,2.0,2.004
2026-04-27,3,11,Potatoes,193.65,1.5,1.503
2026-04-27,3,12,Bangus,408.7,2.0,2.0
2026-04-27,3,12,Tomatoes,104.93,1.0,0.993
2026-04-27,3,13,Beef,537.44,1.5,1.503
2026-04-27,3,13,Tomatoes,157.4,1.5,1.496
2026-04-27,3,14,Bangus,204.35,1.0,0.996
2026-04-27,3,14,Potatoes,129.1,1.0,1.0
2026-04-27,3,15,Beef,179.14,0.5,0.499
2026-04-27,3,15,Carrots,90.43,1.0,0.994
2026-04-27,3,16,Bangus,102.18,0.5,0.501
2026-04-27,3,16,Carrots,135.65,1.5,1.497
2026-04-27,3,17,Tomatoes,104.93,1.0,0.998
2026-04-27,3,17,Bangus,204.35,1.0,1.001
2026-04-27,3,18,Carrots,180.86,2.0,1.985
2026-04-27,3,18,Tomatoes,157.4,1.5,1.502
2026-04-27,3,19,Potatoes,258.2,2.0,1.993
2026-04-27,3,19,Beef,537.44,1.5,1.495
2026-04-27,3,20,Beef,716.58,2.0,2.001
2026-04-27,3,20,Potatoes,64.55,0.5,0.498
2026-04-27,3,21,Potatoes,193.65,1.5,1.503
2026-04-27,3,21,Beef,537.44,1.5,1.492
2026-04-27,3,22,Beef,179.14,0.5,0.497
2026-04-27,3,22,Beef,179.14,0.5,0.498
2026-04-27,3,23,Beef,716.58,2.0,2.004
2026-04-27,3,23,Cabbage,228.54,2.0,1.995
2026-04-27,3,24,Tomatoes,104.93,1.0,0.997
2026-04-27,3,24,Cabbage,228.54,2.0,1.997
2026-04-27,3,25,Cabbage,57.14,0.5,0.499
2026-04-27,3,25,Tomatoes,52.46,0.5,0.501
2026-04-27,3,26,Bangus,306.52,1.5,1.494
2026-04-27,3,26,Carrots,135.65,1.5,1.49
2026-04-27,3,27,Cabbage,228.54,2.0,2.002
2026-04-27,3,27,Chicken,93.78,0.5,0.499
2026-04-27,3,28,Beef,537.44,1.5,1.492
2026-04-27,3,28,Bangus,408.7,2.0,1.991
2026-04-27,3,29,Carrots,180.86,2.0,2.002
2026-04-27,3,29,Chicken,375.14,2.0,1.99
2026-04-27,3,30,Chicken,375.14,2.0,1.986
2026-04-27,3,30,Carrots,135.65,1.5,1.494
2026-04-27,3,31,Potatoes,258.2,2.0,1.999
2026-04-27,3,31,Rice,98.68,2.0,1.987
2026-04-27,3,32,Cabbage,171.4,1.5,1.49
2026-04-27,3,32,Tomatoes,157.4,1.5,1.498
2026-04-27,3,33,Bangus,306.52,1.5,1.501
2026-04-27,3,33,Carrots,90.43,1.0,1.0
2026-04-27,3,34,Chicken,93.78,0.5,0.499
2026-04-27,3,34,Beef,537.44,1.5,1.499
2026-04-27,3,35,Cabbage,228.54,2.0,1.99
2026-04-27,3,35,Bangus,306.52,1.5,1.498
2026-04-27,3,36,Chicken,375.14,2.0,1.993
2026-04-27,3,36,Tomatoes,157.4,1.5,1.498
2026-04-27,3,37,Rice,98.68,2.0,2.004
2026-04-27,3,37,Carrots,180.86,2.0,1.997
2026-04-27,3,38,Tomatoes,209.86,2.0,1.991
2026-04-27,3,38,Potatoes,129.1,1.0,0.995
2026-04-27,3,39,Potatoes,129.1,1.0,0.996
2026-04-27,3,39,Tomatoes,104.93,1.0,0.995
2026-04-27,3,40,Potatoes,64.55,0.5,0.499
2026-04-27,3,40,Chicken,281.36,1.5,1.491
2026-04-27,3,41,Cabbage,171.4,1.5,1.498
2026-04-27,3,41,Bangus,306.52,1.5,1.495
2026-04-27,3,42,Carrots,45.22,0.5,0.498
2026-04-27,3,42,Potatoes,258.2,2.0,1.99
2026-04-27,3,43,Beef,358.29,1.0,1.0
2026-04-27,3,43,Potatoes,129.1,1.0,1.0
2026-04-28,4,1,Chicken,373.96,2.0,1.994
2026-04-28,4,1,Rice,69.16,1.5,1.495
2026-04-28,4,2,Potatoes,207.52,1.5,1.49
2026-04-28,4,2,Rice,23.06,0.5,0.498
2026-04-28,4,3,Potatoes,207.52,1.5,1.497
2026-04-28,4,3,Beef,790.86,2.0,1.997
2026-04-28,4,4,Rice,92.22,2.0,1.993
2026-04-28,4,4,Rice,92.22,2.0,1.999
2026-04-28,4,5,Rice,23.06,0.5,0.498
2026-04-28,4,5,Beef,790.86,2.0,1.985
2026-04-28,4,6,Bangus,190.85,1.0,1.002
2026-04-28,4,6,Beef,790.86,2.0,1.985
2026-04-28,4,7,Cabbage,207.36,1.5,1.496
2026-04-28,4,7,Bangus,190.85,1.0,0.993
2026-04-28,4,8,Potatoes,207.52,1.5,1.489
2026-04-28,4,8,Cabbage,69.12,0.5,0.496
2026-04-28,4,9,Rice,23.06,0.5,0.499
2026-04-28,4,9,Potatoes,276.7,2.0,1.99
2026-04-28,4,10,Rice,46.11,1.0,0.997
2026-04-28,4,10,Tomatoes,137.2,2.0,1.994
2026-04-28,4,11,Bangus,286.27,1.5,1.5
2026-04-28,4,11,Rice,69.16,1.5,1.499
2026-04-28,4,12,Beef,790.86,2.0,2.004
2026-04-28,4,12,Cabbage,138.24,1.0,0.998
2026-04-28,4,13,Tomatoes,137.2,2.0,1.994
2026-04-28,4,13,Cabbage,138.24,1.0,0.995
2026-04-28,4,14,Chicken,280.47,1.5,1.489
2026-04-28,4,14,Rice,46.11,1.0,0.999
2026-04-28,4,15,Carrots,141.03,1.0,0.995
2026-04-28,4,15,Rice,69.16,1.5,1.497
2026-04-28,4,16,Bangus,381.7,2.0,1.989
2026-04-28,4,16,Rice,92.22,2.0,1.992
2026-04-28,4,17,Chicken,373.96,2.0,1.989
2026-04-28,4,17,Cabbage,69.12,0.5,0.497
2026-04-28,4,18,Tomatoes,102.9,1.5,1.49
2026-04-28,4,18,Tomatoes,137.2,2.0,1.997
2026-04-28,4,19,Carrots,282.06,2.0,1.996
2026-04-28,4,19,Rice,46.11,1.0,0.997
2026-04-28,4,20,Rice,69.16,1.5,1.503
2026-04-28,4,20,Tomatoes,34.3,0.5,0.498
2026-04-28,4,21,Chicken,186.98,1.0,1.002
2026-04-28,4,21,Beef,790.86,2.0,1.993
2026-04-28,4,22,Bangus,190.85,1.0,0.995
2026-04-28,4,22,Cabbage,69.12,0.5,0.498
2026-04-28,4,23,Chicken,93.49,0.5,0.499
2026-04-28,4,23,Chicken,93.49,0.5,0.499
2026-04-28,4,24,Chicken,93.49,0.5,0.497
2026-04-28,4,24,Rice,69.16,1.5,1.501
2026-04-28,4,25,Bangus,381.7,2.0,1.994
2026-04-28,4,25,Beef,395.43,1.0,0.997
2026-04-28,4,26,Chicken,280.47,1.5,1.502
2026-04-28,4,26,Cabbage,276.48,2.0,1.998
2026-04-28,4,27,Cabbage,207.36,1.5,1.492
2026-04-28,4,27,Cabbage,207.36,1.5,1.494
2026-04-28,4,28,Cabbage,69.12,0.5,0.497
2026-04-28,4,28,Rice,46.11,1.0,0.994
2026-04-28,4,29,Rice,69.16,1.5,1.497
2026-04-28,4,29,Bangus,95.42,0.5,0.5
2026-04-28,4,30,Bangus,381.7,2.0,1.985
2026-04-28,4,30,Carrots,282.06,2.0,1.997
2026-04-28,4,31,Bangus,190.85,1.0,0.993
2026-04-28,4,31,Bangus,381.7,2.0,1.989
2026-04-28,4,32,Beef,593.14,1.5,1.502
2026-04-28,4,32,Bangus,95.42,0.5,0.497
2026-04-28,4,33,Potatoes,276.7,2.0,2.004
2026-04-28,4,33,Rice,46.11,1.0,0.998
2026-04-28,4,34,Carrots,282.06,2.0,1.995
2026-04-28,4,34,Potatoes,69.18,0.5,0.498
2026-04-28,4,35,Beef,197.72,0.5,0.499
2026-04-28,4,35,Cabbage,276.48,2.0,1.991
2026-04-28,4,36,Cabbage,138.24,1.0,0.996
2026-04-28,4,36,Potatoes,276.7,2.0,1.992
2026-04-28,4,37,Tomatoes,102.9,1.5,1.496
2026-04-28,4,37,Rice,23.06,0.5,0.499
2026-04-29,5,1,Beef,357.79,1.0,0.994
2026-04-29,5,1,Rice,116.96,2.0,1.998
2026-04-29,5,2,Cabbage,271.46,2.0,1.991
2026-04-29,5,2,Bangus,189.92,1.0,1.002
2026-04-29,5,3,Potatoes,49.5,0.5,0.499
2026-04-29,5,3,Bangus,94.96,0.5,0.499
2026-04-29,5,4,Bangus,189.92,1.0,1.001
2026-04-29,5,4,Bangus,284.88,1.5,1.499
2026-04-29,5,5,Tomatoes,48.42,0.5,0.498
2026-04-29,5,5,Cabbage,135.73,1.0,0.998
2026-04-29,5,6,Beef,357.79,1.0,0.999
2026-04-29,5,6,Cabbage,203.59,1.5,1.494
2026-04-29,5,7,Tomatoes,193.7,2.0,2.003
2026-04-29,5,7,Beef,178.9,0.5,0.496
2026-04-29,5,8,Chicken,219.9,1.0,0.994
2026-04-29,5,8,Potatoes,198.02,2.0,1.987
2026-04-29,5,9,Carrots,112.62,1.0,0.998
2026-04-29,5,9,Potatoes,99.01,1.0,1.001
2026-04-29,5,10,Bangus,94.96,0.5,0.497
2026-04-29,5,10,Tomatoes,145.27,1.5,1.49
2026-04-29,5,11,Cabbage,271.46,2.0,1.995
2026-04-29,5,11,Carrots,225.24,2.0,1.988
2026-04-29,5,12,Tomatoes,193.7,2.0,1.996
2026-04-29,5,12,Beef,536.69,1.5,1.499
2026-04-29,5,13,Bangus,94.96,0.5,0.5
2026-04-29,5,13,Carrots,112.62,1.0,0.999
2026-04-29,5,14,Chicken,219.9,1.0,0.995
2026-04-29,5,14,Carrots,56.31,0.5,0.496
2026-04-29,5,15,Beef,536.69,1.5,1.49
2026-04-29,5,15,Bangus,94.96,0.5,0.497
2026-04-29,5,16,Beef,178.9,0.5,0.501
2026-04-29,5,16,Tomatoes,145.27,1.5,1.498
2026-04-29,5,17,Beef,178.9,0.5,0.501
2026-04-29,5,17,Cabbage,67.86,0.5,0.501
2026-04-29,5,18,Chicken,329.85,1.5,1.489
2026-04-29,5,18,Rice,87.72,1.5,1.5
2026-04-29,5,19,Tomatoes,145.27,1.5,1.497
2026-04-29,5,19,Cabbage,67.86,0.5,0.498
2026-04-29,5,20,Chicken,109.95,0.5,0.498
2026-04-29,5,20,Carrots,56.31,0.5,0.497
2026-04-29,5,21,Rice,58.48,1.0,1.001
2026-04-29,5,21,Carrots,112.62,1.0,1.0
2026-04-29,5,22,Tomatoes,145.27,1.5,1.489
2026-04-29,5,22,Tomatoes,48.42,0.5,0.501
2026-04-29,5,23,Rice,29.24,0.5,0.497
2026-04-29,5,23,Potatoes,99.01,1.0,0.997
2026-04-29,5,24,Bangus,284.88,1.5,1.504
2026-04-29,5,24,Beef,357.79,1.0,0.997
2026-04-29,5,25,Potatoes,49.5,0.5,0.498
2026-04-29,5,25,Beef,178.9,0.5,0.501
2026-04-29,5,26,Cabbage,271.46,2.0,1.986
2026-04-29,5,26,Rice,29.24,0.5,0.501
2026-04-29,5,27,Cabbage,203.59,1.5,1.489
2026-04-29,5,27,Bangus,94.96,0.5,0.496
2026-04-29,5,28,Tomatoes,48.42,0.5,0.497
2026-04-29,5,28,Potatoes,198.02,2.0,2.001
2026-04-29,5,29,Potatoes,49.5,0.5,0.501
2026-04-29,5,29,Tomatoes,96.85,1.0,0.998
2026-04-29,5,30,Bangus,284.88,1.5,1.497
2026-04-29,5,30,Rice,87.72,1.5,1.498
2026-04-29,5,31,Chicken,219.9,1.0,0.993
2026-04-29,5,31,Bangus,94.96,0.5,0.5
2026-04-30,1,1,Bangus,160.07,1.0,0.997
2026-04-30,1,1,Carrots,209.1,2.0,2.003
2026-04-30,1,2,Tomatoes,95.73,1.5,1.489
2026-04-30,1,2,Chicken,317.55,1.5,1.498
2026-04-30,1,3,Carrots,156.82,1.5,1.5
2026-04-30,1,3,Tomatoes,95.73,1.5,1.489
2026-04-30,1,4,Bangus,240.1,1.5,1.503
2026-04-30,1,4,Cabbage,120.93,1.0,0.994
2026-04-30,1,5,Beef,195.15,0.5,0.5
2026-04-30,1,5,Chicken,317.55,1.5,1.496
2026-04-30,1,6,Chicken,317.55,1.5,1.501
2026-04-30,1,6,Potatoes,263.06,2.0,1.985
2026-04-30,1,7,Cabbage,241.86,2.0,2.004
2026-04-30,1,7,Bangus,160.07,1.0,1.001
2026-04-30,1,8,Bangus,80.04,0.5,0.499
2026-04-30,1,8,Cabbage,241.86,2.0,1.99
2026-04-30,1,9,Cabbage,60.46,0.5,0.5
2026-04-30,1,9,Potatoes,263.06,2.0,1.999
2026-04-30,1,10,Cabbage,120.93,1.0,0.996
2026-04-30,1,10,Rice,24.46,0.5,0.501
2026-04-30,1,11,Rice,48.92,1.0,0.998
2026-04-30,1,11,Cabbage,241.86,2.0,2.001
2026-04-30,1,12,Bangus,160.07,1.0,0.998
2026-04-30,1,12,Rice,73.38,1.5,1.489
2026-04-30,1,13,Chicken,211.7,1.0,0.995
2026-04-30,1,13,Carrots,104.55,1.0,0.998
2026-04-30,1,14,Beef,390.3,1.0,1.002
2026-04-30,1,14,Cabbage,181.4,1.5,1.491
2026-04-30,1,15,Tomatoes,127.64,2.0,1.993
2026-04-30,1,15,Tomatoes,31.91,0.5,0.5
2026-04-30,1,16,Cabbage,60.46,0.5,0.5
2026-04-30,1,16,Beef,780.6,2.0,1.995
2026-04-30,1,17,Chicken,423.4,2.0,1.989
2026-04-30,1,17,Beef,390.3,1.0,1.002
2026-04-30,1,18,Rice,73.38,1.5,1.496
2026-04-30,1,18,Beef,195.15,0.5,0.5
2026-04-30,1,19,Beef,390.3,1.0,1.0
2026-04-30,1,19,Carrots,104.55,1.0,0.993
2026-04-30,1,20,Rice,73.38,1.5,1.496
2026-04-30,1,20,Rice,73.38,1.5,1.49
2026-04-30,1,21,Bangus,160.07,1.0,0.995
2026-04-30,1,21,Cabbage,120.93,1.0,0.995
2026-04-30,1,22,Cabbage,120.93,1.0,0.999
2026-04-30,1,22,Carrots,52.28,0.5,0.499
2026-04-30,1,23,Beef,390.3,1.0,1.001
2026-04-30,1,23,Cabbage,241.86,2.0,1.988
2026-04-30,1,24,Tomatoes,127.64,2.0,2.002
2026-04-30,1,24,Tomatoes,127.64,2.0,1.992
2026-04-30,1,25,Tomatoes,95.73,1.5,1.491
2026-04-30,1,25,Cabbage,181.4,1.5,1.495
2026-04-30,1,26,Potatoes,197.3,1.5,1.491
2026-04-30,1,26,Carrots,104.55,1.0,1.001
2026-04-30,1,27,Rice,73.38,1.5,1.503
2026-04-30,1,27,Carrots,52.28,0.5,0.499
2026-04-30,1,28,Potatoes,197.3,1.5,1.49
2026-04-30,1,28,Beef,195.15,0.5,0.497
2026-04-30,1,29,Tomatoes,31.91,0.5,0.496
2026-04-30,1,29,Cabbage,241.86,2.0,1.999
2026-04-30,1,30,Chicken,423.4,2.0,1.992
2026-04-30,1,30,Chicken,317.55,1.5,1.496
2026-04-30,1,31,Carrots,209.1,2.0,1.987
2026-04-30,1,31,Carrots,104.55,1.0,0.993
2026-04-30,1,32,Rice,97.84,2.0,1.986
2026-04-30,1,32,Carrots,156.82,1.5,1.502
2026-04-30,1,33,Beef,585.45,1.5,1.495
2026-04-30,1,33,Bangus,80.04,0.5,0.501
2026-04-30,1,34,Bangus,80.04,0.5,0.5
2026-04-30,1,34,Bangus,160.07,1.0,0.994
2026-04-30,1,35,Tomatoes,31.91,0.5,0.499
2026-04-30,1,35,Tomatoes,63.82,1.0,0.997
2026-04-30,1,36,Carrots,209.1,2.0,1.993
2026-04-30,1,36,Cabbage,120.93,1.0,0.999
2026-04-30,1,37,Carrots,156.82,1.5,1.501
2026-04-30,1,37,Chicken,423.4,2.0,1.994
2026-04-30,1,38,Carrots,52.28,0.5,0.498
2026-04-30,1,38,Tomatoes,31.91,0.5,0.498
2026-04-30,1,39,Chicken,317.55,1.5,1.489
2026-04-30,1,39,Potatoes,263.06,2.0,1.995
2026-04-30,1,40,Tomatoes,63.82,1.0,1.001
2026-04-30,1,40,Potatoes,65.76,0.5,0.499
2026-04-30,1,41,Bangus,160.07,1.0,0.999
2026-04-30,1,41,Tomatoes,63.82,1.0,0.994
2026-04-30,1,42,Tomatoes,31.91,0.5,0.499
2026-04-30,1,42,Chicken,423.4,2.0,1.993
2026-04-30,1,43,Carrots,104.55,1.0,0.997
2026-04-30,1,43,Cabbage,120.93,1.0,1.0
2026-05-01,2,1,Bangus,96.26,0.5,0.497
2026-05-01,2,1,Bangus,96.26,0.5,0.499
2026-05-01,2,2,Bangus,288.76,1.5,1.501
2026-05-01,2,2,Chicken,100.41,0.5,0.497
2026-05-01,2,3,Potatoes,54.08,0.5,0.501
2026-05-01,2,3,Cabbage,58.32,0.5,0.497
2026-05-01,2,4,Tomatoes,135.68,1.5,1.495
2026-05-01,2,4,Cabbage,116.63,1.0,1.002
2026-05-01,2,5,Tomatoes,90.45,1.0,0.998
2026-05-01,2,5,Beef,200.0,0.5,0.497
2026-05-01,2,6,Tomatoes,45.22,0.5,0.499
2026-05-01,2,6,Cabbage,58.32,0.5,0.498
2026-05-01,2,7,Carrots,213.94,1.5,1.491
2026-05-01,2,7,Bangus,96.26,0.5,0.497
2026-05-01,2,8,Potatoes,216.34,2.0,1.995
2026-05-01,2,8,Carrots,71.32,0.5,0.498
2026-05-01,2,9,Beef,200.0,0.5,0.498
2026-05-01,2,9,Potatoes,108.17,1.0,0.997
2026-05-01,2,10,Cabbage,116.63,1.0,0.994
2026-05-01,2,10,Carrots,142.63,1.0,0.999
2026-05-01,2,11,Potatoes,216.34,2.0,2.004
2026-05-01,2,11,Rice,91.04,2.0,1.997
2026-05-01,2,12,Carrots,142.63,1.0,0.997
2026-05-01,2,12,Chicken,100.41,0.5,0.501
2026-05-01,2,13,Potatoes,108.17,1.0,0.997
2026-05-01,2,13,Chicken,301.23,1.5,1.494
2026-05-01,2,14,Chicken,100.41,0.5,0.497
2026-05-01,2,14,Carrots,285.26,2.0,2.002
2026-05-01,2,15,Rice,91.04,2.0,1.988
2026-05-01,2,15,Tomatoes,45.22,0.5,0.498
2026-05-01,2,16,Chicken,200.82,1.0,0.996
2026-05-01,2,16,Cabbage,58.32,0.5,0.501
2026-05-01,2,17,Chicken,401.64,2.0,1.986
2026-05-01,2,17,Bangus,96.26,0.5,0.5
2026-05-01,2,18,Rice,22.76,0.5,0.497
2026-05-01,2,18,Carrots,142.63,1.0,0.993
2026-05-01,2,19,Chicken,401.64,2.0,1.999
2026-05-01,2,19,Carrots,213.94,1.5,1.503
2026-05-01,2,20,Beef,600.02,1.5,1.491
2026-05-01,2,20,Carrots,213.94,1.5,1.491
2026-05-01,2,21,Chicken,200.82,1.0,0.999
2026-05-01,2,21,Carrots,213.94,1.5,1.492
2026-05-01,2,22,Cabbage,174.94,1.5,1.503
2026-05-01,2,22,Cabbage,58.32,0.5,0.498
2026-05-01,2,23,Tomatoes,180.9,2.0,1.998
2026-05-01,2,23,Chicken,401.64,2.0,1.996
2026-05-01,2,24,Bangus,192.51,1.0,1.0
2026-05-01,2,24,Potatoes,54.08,0.5,0.498
2026-05-01,2,25,Rice,91.04,2.0,1.989
2026-05-01,2,25,Tomatoes,90.45,1.0,1.001
2026-05-01,2,26,Beef,800.02,2.0,1.999
2026-05-01,2,26,Potatoes,216.34,2.0,1.998
2026-05-01,2,27,Beef,600.02,1.5,1.494
2026-05-01,2,27,Carrots,142.63,1.0,0.994
2026-05-01,2,28,Cabbage,116.63,1.0,0.995
2026-05-01,2,28,Carrots,71.32,0.5,0.497
2026-05-01,2,29,Carrots,213.94,1.5,1.503
2026-05-01,2,29,Potatoes,162.26,1.5,1.5
2026-05-01,2,30,Beef,400.01,1.0,1.0
2026-05-01,2,30,Bangus,96.26,0.5,0.497
2026-05-01,2,31,Cabbage,174.94,1.5,1.495
2026-05-01,2,31,Cabbage,233.26,2.0,2.004
2026-05-01,2,32,Tomatoes,135.68,1.5,1.501
2026-05-01,2,32,Tomatoes,45.22,0.5,0.5
2026-05-01,2,33,Potatoes,54.08,0.5,0.499
2026-05-01,2,33,Tomatoes,90.45,1.0,1.001
2026-05-01,2,34,Cabbage,58.32,0.5,0.5
2026-05-01,2,34,Carrots,285.26,2.0,2.002
2026-05-01,2,35,Tomatoes,180.9,2.0,1.992
2026-05-01,2,35,Carrots,71.32,0.5,0.497
2026-05-04,3,1,Potatoes,45.16,0.5,0.497
2026-05-04,3,1,Rice,51.05,1.0,0.998
2026-05-04,3,2,Potatoes,135.46,1.5,1.492
2026-05-04,3,2,Carrots,137.27,1.0,0.995
2026-05-04,3,3,Beef,446.21,1.0,0.999
2026-05-04,3,3,Cabbage,237.74,2.0,1.987
2026-05-04,3,4,Beef,892.42,2.0,1.99
2026-05-04,3,4,Beef,669.32,1.5,1.495
2026-05-04,3,5,Carrots,68.64,0.5,0.501
2026-05-04,3,5,Tomatoes,216.82,2.0,1.986
2026-05-04,3,6,Tomatoes,108.41,1.0,1.0
2026-05-04,3,6,Carrots,68.64,0.5,0.501
2026-05-04,3,7,Potatoes,180.62,2.0,1.993
2026-05-04,3,7,Rice,102.1,2.0,1.999
2026-05-04,3,8,Rice,76.57,1.5,1.5
2026-05-04,3,8,Carrots,205.91,1.5,1.501
2026-05-04,3,9,Carrots,205.91,1.5,1.496
2026-05-04,3,9,Potatoes,180.62,2.0,1.985
2026-05-04,3,10,Chicken,93.37,0.5,0.5
2026-05-04,3,10,Bangus,93.04,0.5,0.497
2026-05-04,3,11,Carrots,68.64,0.5,0.498
2026-05-04,3,11,Bangus,186.09,1.0,1.0
2026-05-04,3,12,Chicken,280.11,1.5,1.5
2026-05-04,3,12,Carrots,68.64,0.5,0.497
2026-05-04,3,13,Cabbage,118.87,1.0,1.0
2026-05-04,3,13,Potatoes,180.62,2.0,1.993
2026-05-04,3,14,Beef,669.32,1.5,1.496
2026-05-04,3,14,Rice,51.05,1.0,0.997
2026-05-04,3,15,Bangus,279.14,1.5,1.49
2026-05-04,3,15,Chicken,373.48,2.0,1.997
2026-05-04,3,16,Bangus,372.18,2.0,1.994
2026-05-04,3,16,Carrots,205.91,1.5,1.501
2026-05-04,3,17,Tomatoes,162.62,1.5,1.496
2026-05-04,3,17,Potatoes,180.62,2.0,2.001
2026-05-04,3,18,Potatoes,90.31,1.0,1.0
2026-05-04,3,18,Chicken,186.74,1.0,1.002
2026-05-04,3,19,Chicken,280.11,1.5,1.496
2026-05-04,3,19,Cabbage,237.74,2.0,2.003
2026-05-04,3,20,Beef,669.32,1.5,1.494
2026-05-04,3,20,Bangus,279.14,1.5,1.494
2026-05-04,3,21,Rice,51.05,1.0,1.002
2026-05-04,3,21,Tomatoes,54.2,0.5,0.499
2026-05-04,3,22,Bangus,279.14,1.5,1.498
2026-05-04,3,22,Bangus,93.04,0.5,0.501
2026-05-04,3,23,Potatoes,180.62,2.0,1.992
2026-05-04,3,23,Chicken,93.37,0.5,0.496
2026-05-04,3,24,Tomatoes,108.41,1.0,0.994
2026-05-04,3,24,Beef,892.42,2.0,1.992
2026-05-04,3,25,Beef,223.1,0.5,0.498
2026-05-04,3,25,Carrots,205.91,1.5,1.49
2026-05-04,3,26,Bangus,372.18,2.0,2.003
2026-05-04,3,26,Cabbage,59.44,0.5,0.5
2026-05-04,3,27,Rice,51.05,1.0,0.998
2026-05-04,3,27,Chicken,280.11,1.5,1.496
2026-05-04,3,28,Rice,25.52,0.5,0.498
2026-05-04,3,28,Tomatoes,216.82,2.0,2.005
2026-05-04,3,29,Tomatoes,108.41,1.0,0.995
2026-05-04,3,29,Chicken,280.11,1.5,1.495
2026-05-04,3,30,Carrots,274.54,2.0,1.991
2026-05-04,3,30,Cabbage,178.3,1.5,1.5
2026-05-04,3,31,Chicken,93.37,0.5,0.497
2026-05-04,3,31,Rice,25.52,0.5,0.501
2026-05-04,3,32,Bangus,186.09,1.0,0.996
2026-05-04,3,32,Rice,25.52,0.5,0.5
2026-05-04,3,33,Potatoes,135.46,1.5,1.5
2026-05-04,3,33,Beef,892.42,2.0,2.001
2026-05-04,3,34,Tomatoes,162.62,1.5,1.499
2026-05-04,3,34,Cabbage,237.74,2.0,1.997
2026-05-04,3,35,Carrots,137.27,1.0,0.995
2026-05-04,3,35,Bangus,93.04,0.5,0.498
2026-05-04,3,36,Cabbage,237.74,2.0,1.996
2026-05-04,3,36,Bangus,372.18,2.0,1.988
2026-05-05,4,1,Bangus,170.35,1.0,0.996
2026-05-05,4,1,Chicken,187.57,1.0,1.0
2026-05-05,4,2,Rice,76.52,1.5,1.504
2026-05-05,4,2,Chicken,187.57,1.0,0.998
2026-05-05,4,3,Rice,102.02,2.0,2.005
2026-05-05,4,3,Tomatoes,73.19,1.0,0.996
2026-05-05,4,4,Bangus,170.35,1.0,0.993
2026-05-05,4,4,Chicken,281.36,1.5,1.502
2026-05-05,4,5,Chicken,281.36,1.5,1.489
2026-05-05,4,5,Potatoes,252.88,2.0,2.0
2026-05-05,4,6,Beef,891.46,2.0,1.996
2026-05-05,4,6,Carrots,53.19,0.5,0.5
2026-05-05,4,7,Beef,891.46,2.0,2.002
2026-05-05,4,7,Cabbage,98.61,1.0,0.999
2026-05-05,4,8,Beef,668.6,1.5,1.497
2026-05-05,4,8,Beef,668.6,1.5,1.499
2026-05-05,4,9,Beef,668.6,1.5,1.492
2026-05-05,4,9,Cabbage,197.22,2.0,1.996
2026-05-05,4,10,Cabbage,197.22,2.0,2.002
2026-05-05,4,10,Carrots,212.76,2.0,2.004
2026-05-05,4,11,Bangus,85.18,0.5,0.499
2026-05-05,4,11,Beef,222.86,0.5,0.5
2026-05-05,4,12,Chicken,375.14,2.0,2.005
2026-05-05,4,12,Carrots,212.76,2.0,1.998
2026-05-05,4,13,Cabbage,98.61,1.0,0.994
2026-05-05,4,13,Tomatoes,36.6,0.5,0.498
2026-05-05,4,14,Rice,25.5,0.5,0.499
2026-05-05,4,14,Tomatoes,73.19,1.0,1.002
2026-05-05,4,15,Bangus,340.7,2.0,2.003
2026-05-05,4,15,Bangus,340.7,2.0,2.0
2026-05-05,4,16,Bangus,340.7,2.0,1.993
2026-05-05,4,16,Potatoes,63.22,0.5,0.5
2026-05-05,4,17,Bangus,170.35,1.0,0.999
2026-05-05,4,17,Potatoes,252.88,2.0,2.002
2026-05-05,4,18,Beef,668.6,1.5,1.5
2026-05-05,4,18,Potatoes,252.88,2.0,1.988
2026-05-05,4,19,Carrots,53.19,0.5,0.498
2026-05-05,4,19,Chicken,375.14,2.0,1.996
2026-05-05,4,20,Carrots,53.19,0.5,0.498
2026-05-05,4,20,Carrots,212.76,2.0,1.999
2026-05-05,4,21,Tomatoes,109.78,1.5,1.492
2026-05-05,4,21,Cabbage,147.92,1.5,1.499
2026-05-05,4,22,Rice,25.5,0.5,0.499
2026-05-05,4,22,Carrots,159.57,1.5,1.489
2026-05-05,4,23,Carrots,212.76,2.0,2.004
2026-05-05,4,23,Beef,668.6,1.5,1.499
2026-05-05,4,24,Tomatoes,73.19,1.0,0.999
2026-05-05,4,24,Rice,25.5,0.5,0.499
2026-05-05,4,25,Potatoes,63.22,0.5,0.499
2026-05-05,4,25,Rice,25.5,0.5,0.499
2026-05-05,4,26,Beef,891.46,2.0,2.002
2026-05-05,4,26,Bangus,340.7,2.0,1.995
2026-05-05,4,27,Rice,25.5,0.5,0.5
2026-05-05,4,27,Chicken,187.57,1.0,0.994
2026-05-05,4,28,Bangus,340.7,2.0,2.003
2026-05-05,4,28,Chicken,375.14,2.0,1.994
2026-05-05,4,29,Tomatoes,73.19,1.0,1.0
2026-05-05,4,29,Beef,891.46,2.0,1.998
2026-05-05,4,30,Chicken,281.36,1.5,1.493
2026-05-05,4,30,Chicken,187.57,1.0,1.001
2026-05-05,4,31,Carrots,212.76,2.0,1.99
2026-05-05,4,31,Potatoes,252.88,2.0,1.989
2026-05-05,4,32,Bangus,255.52,1.5,1.493
2026-05-05,4,32,Chicken,187.57,1.0,0.993
2026-05-05,4,33,Carrots,106.38,1.0,1.0
2026-05-05,4,33,Potatoes,189.66,1.5,1.495
2026-05-05,4,34,Chicken,93.78,0.5,0.496
2026-05-05,4,34,Carrots,106.38,1.0,0.994
2026-05-05,4,35,Bangus,340.7,2.0,1.998
2026-05-05,4,35,Potatoes,126.44,1.0,0.993
2026-05-05,4,36,Rice,102.02,2.0,1.992
2026-05-05,4,36,Bangus,340.7,2.0,2.003
2026-05-05,4,37,Bangus,340.7,2.0,2.003
2026-05-05,4,37,Bangus,170.35,1.0,1.001
2026-05-05,4,38,Chicken,93.78,0.5,0.496
2026-05-05,4,38,Cabbage,98.61,1.0,1.001
2026-05-05,4,39,Rice,76.52,1.5,1.496
2026-05-05,4,39,Potatoes,252.88,2.0,2.004
2026-05-05,4,40,Bangus,85.18,0.5,0.497
2026-05-05,4,40,Chicken,93.78,0.5,0.501
2026-05-05,4,41,Chicken,281.36,1.5,1.494
2026-05-05,4,41,Rice,76.52,1.5,1.496
2026-05-05,4,42,Bangus,340.7,2.0,1.997
2026-05-05,4,42,Rice,76.52,1.5,1.49
2026-05-05,4,43,Tomatoes,146.38,2.0,1.997
2026-05-05,4,43,Beef,445.73,1.0,1.001
2026-05-05,4,44,Beef,222.86,0.5,0.499
2026-05-05,4,44,Beef,668.6,1.5,1.497
2026-05-05,4,45,Cabbage,98.61,1.0,0.995
2026-05-05,4,45,Potatoes,126.44,1.0,0.995
2026-05-05,4,46,Chicken,281.36,1.5,1.495
2026-05-05,4,46,Cabbage,49.3,0.5,0.497
2026-05-05,4,47,Carrots,159.57,1.5,1.495
2026-05-05,4,47,Carrots,53.19,0.5,0.499
2026-05-05,4,48,Bangus,340.7,2.0,2.003
2026-05-05,4,48,Cabbage,49.3,0.5,0.501
2026-05-05,4,49,Potatoes,126.44,1.0,1.0
2026-05-05,4,49,Carrots,53.19,0.5,0.499
2026-05-06,5,1,Potatoes,161.76,1.5,1.498
2026-05-06,5,1,Tomatoes,91.79,1.0,0.999
2026-05-06,5,2,Potatoes,215.68,2.0,1.996
2026-05-06,5,2,Tomatoes,137.68,1.5,1.492
2026-05-06,5,3,Beef,186.28,0.5,0.5
2026-05-06,5,3,Chicken,103.08,0.5,0.499
2026-05-06,5,4,Potatoes,215.68,2.0,1.999
2026-05-06,5,4,Tomatoes,183.58,2.0,2.005
2026-05-06,5,5,Carrots,166.59,1.5,1.497
2026-05-06,5,5,Tomatoes,91.79,1.0,0.996
2026-05-06,5,6,Tomatoes,91.79,1.0,0.995
2026-05-06,5,6,Tomatoes,91.79,1.0,0.993
2026-05-06,5,7,Cabbage,125.05,1.0,1.002
2026-05-06,5,7,Bangus,93.54,0.5,0.501
2026-05-06,5,8,Tomatoes,91.79,1.0,1.001
2026-05-06,5,8,Cabbage,187.58,1.5,1.498
2026-05-06,5,9,Carrots,166.59,1.5,1.489
2026-05-06,5,9,Rice,26.17,0.5,0.501
2026-05-06,5,10,Chicken,206.16,1.0,0.995
2026-05-06,5,10,Carrots,222.12,2.0,1.999
2026-05-06,5,11,Rice,78.51,1.5,1.492
2026-05-06,5,11,Chicken,309.24,1.5,1.501
2026-05-06,5,12,Potatoes,215.68,2.0,1.988
2026-05-06,5,12,Carrots,166.59,1.5,1.489
2026-05-06,5,13,Carrots,222.12,2.0,1.998
2026-05-06,5,13,Cabbage,187.58,1.5,1.49
2026-05-06,5,14,Beef,372.57,1.0,0.997
2026-05-06,5,14,Chicken,309.24,1.5,1.501
2026-05-06,5,15,Beef,745.14,2.0,1.988
2026-05-06,5,15,Tomatoes,91.79,1.0,0.993
2026-05-06,5,16,Tomatoes,137.68,1.5,1.498
2026-05-06,5,16,Cabbage,187.58,1.5,1.502
2026-05-06,5,17,Rice,78.51,1.5,1.493
2026-05-06,5,17,Rice,104.68,2.0,2.002
2026-05-06,5,18,Rice,104.68,2.0,1.999
2026-05-06,5,18,Chicken,206.16,1.0,1.0
2026-05-06,5,19,Cabbage,125.05,1.0,0.995
2026-05-06,5,19,Beef,372.57,1.0,0.999
2026-05-06,5,20,Tomatoes,183.58,2.0,1.996
2026-05-06,5,20,Rice,104.68,2.0,2.004
2026-05-06,5,21,Tomatoes,137.68,1.5,1.499
2026-05-06,5,21,Tomatoes,183.58,2.0,1.993
2026-05-06,5,22,Bangus,280.62,1.5,1.5
2026-05-06,5,22,Tomatoes,137.68,1.5,1.502
2026-05-06,5,23,Tomatoes,91.79,1.0,0.998
2026-05-06,5,23,Chicken,103.08,0.5,0.5
2026-05-06,5,24,Chicken,309.24,1.5,1.502
2026-05-06,5,24,Cabbage,62.52,0.5,0.498
2026-05-06,5,25,Bangus,374.16,2.0,2.002
2026-05-06,5,25,Chicken,206.16,1.0,1.002
2026-05-06,5,26,Potatoes,53.92,0.5,0.499
2026-05-06,5,26,Potatoes,107.84,1.0,0.995
2026-05-06,5,27,Rice,52.34,1.0,0.999
2026-05-06,5,27,Rice,104.68,2.0,2.001
2026-05-06,5,28,Beef,558.86,1.5,1.496
2026-05-06,5,28,Bangus,280.62,1.5,1.493
2026-05-06,5,29,Chicken,103.08,0.5,0.498
2026-05-06,5,29,Carrots,111.06,1.0,0.993
2026-05-06,5,30,Chicken,412.32,2.0,1.997
2026-05-06,5,30,Cabbage,62.52,0.5,0.501
2026-05-06,5,31,Bangus,187.08,1.0,0.996
2026-05-06,5,31,Potatoes,215.68,2.0,1.994
2026-05-07,1,1,Chicken,97.96,0.5,0.499
2026-05-07,1,1,Rice,93.3,2.0,2.004
2026-05-07,1,2,Bangus,344.38,2.0,1.999
2026-05-07,1,2,Beef,191.64,0.5,0.498
2026-05-07,1,3,Cabbage,276.72,2.0,1.987
2026-05-07,1,3,Cabbage,276.72,2.0,2.001
2026-05-07,1,4,Bangus,258.28,1.5,1.491
2026-05-07,1,4,Potatoes,275.68,2.0,1.991
2026-05-07,1,5,Carrots,246.72,2.0,1.989
2026-05-07,1,5,Potatoes,275.68,2.0,1.996
2026-05-07,1,6,Cabbage,276.72,2.0,2.004
2026-05-07,1,6,Potatoes,206.76,1.5,1.495
2026-05-07,1,7,Chicken,391.84,2.0,1.993
2026-05-07,1,7,Chicken,97.96,0.5,0.496
2026-05-07,1,8,Tomatoes,189.7,2.0,2.002
2026-05-07,1,8,Potatoes,206.76,1.5,1.489
2026-05-07,1,9,Rice,46.65,1.0,1.0
2026-05-07,1,9,Carrots,123.36,1.0,1.0
2026-05-07,1,10,Potatoes,137.84,1.0,1.001
2026-05-07,1,10,Bangus,258.28,1.5,1.493
2026-05-07,1,11,Beef,191.64,0.5,0.501
2026-05-07,1,11,Cabbage,276.72,2.0,2.004
2026-05-07,1,12,Potatoes,275.68,2.0,2.004
2026-05-07,1,12,Tomatoes,142.27,1.5,1.496
2026-05-07,1,13,Tomatoes,142.27,1.5,1.492
2026-05-07,1,13,Beef,574.94,1.5,1.499
2026-05-07,1,14,Beef,191.64,0.5,0.499
2026-05-07,1,14,Rice,46.65,1.0,0.997
2026-05-07,1,15,Chicken,97.96,0.5,0.497
2026-05-07,1,15,Bangus,172.19,1.0,1.0
2026-05-07,1,16,Rice,46.65,1.0,0.996
2026-05-07,1,16,Cabbage,69.18,0.5,0.499
2026-05-07,1,17,Bangus,172.19,1.0,0.994
2026-05-07,1,17,Beef,574.94,1.5,1.489
2026-05-07,1,18,Tomatoes,47.42,0.5,0.497
2026-05-07,1,18,Rice,46.65,1.0,0.993
2026-05-07,1,19,Carrots,246.72,2.0,1.988
2026-05-07,1,19,Chicken,391.84,2.0,1.997
2026-05-07,1,20,Cabbage,276.72,2.0,1.992
2026-05-07,1,20,Beef,766.58,2.0,1.995
2026-05-07,1,21,Potatoes,137.84,1.0,0.994
2026-05-07,1,21,Carrots,61.68,0.5,0.5
2026-05-07,1,22,Tomatoes,94.85,1.0,1.001
2026-05-07,1,22,Carrots,246.72,2.0,2.002
2026-05-07,1,23,Bangus,172.19,1.0,0.999
2026-05-07,1,23,Chicken,97.96,0.5,0.501
2026-05-07,1,24,Beef,574.94,1.5,1.498
2026-05-07,1,24,Carrots,246.72,2.0,1.994
2026-05-07,1,25,Beef,191.64,0.5,0.499
2026-05-07,1,25,Chicken,97.96,0.5,0.5
2026-05-07,1,26,Tomatoes,189.7,2.0,2.004
2026-05-07,1,26,Bangus,172.19,1.0,0.994
2026-05-07,1,27,Potatoes,206.76,1.5,1.503
2026-05-07,1,27,Bangus,344.38,2.0,1.985
2026-05-07,1,28,Rice,93.3,2.0,2.001
2026-05-07,1,28,Carrots,61.68,0.5,0.501
2026-05-07,1,29,Potatoes,206.76,1.5,1.501
2026-05-07,1,29,Bangus,172.19,1.0,0.994
2026-05-07,1,30,Potatoes,137.84,1.0,1.002
2026-05-07,1,30,Rice,93.3,2.0,1.995
2026-05-07,1,31,Chicken,391.84,2.0,2.002
2026-05-07,1,31,Rice,46.65,1.0,0.995
2026-05-07,1,32,Bangus,86.1,0.5,0.498
2026-05-07,1,32,Chicken,293.88,1.5,1.501
2026-05-07,1,33,Carrots,246.72,2.0,1.988
2026-05-07,1,33,Chicken,97.96,0.5,0.5
2026-05-07,1,34,Potatoes,137.84,1.0,0.998
2026-05-07,1,34,Tomatoes,47.42,0.5,0.498
2026-05-07,1,35,Cabbage,69.18,0.5,0.5
2026-05-07,1,35,Cabbage,276.72,2.0,2.004
2026-05-07,1,36,Rice,46.65,1.0,0.995
2026-05-07,1,36,Rice,46.65,1.0,1.0
2026-05-07,1,37,Tomatoes,47.42,0.5,0.5
2026-05-07,1,37,Rice,69.97,1.5,1.502
2026-05-07,1,38,Chicken,293.88,1.5,1.501
2026-05-07,1,38,Rice,23.32,0.5,0.5
2026-05-07,1,39,Cabbage,276.72,2.0,2.002
2026-05-07,1,39,Carrots,246.72,2.0,1.996
2026-05-07,1,40,Chicken,97.96,0.5,0.496
2026-05-07,1,40,Potatoes,68.92,0.5,0.5
2026-05-07,1,41,Carrots,123.36,1.0,0.995
2026-05-07,1,41,Chicken,391.84,2.0,1.992
2026-05-07,1,42,Beef,574.94,1.5,1.502
2026-05-07,1,42,Carrots,246.72,2.0,2.002
2026-05-07,1,43,Beef,574.94,1.5,1.503
2026-05-07,1,43,Tomatoes,47.42,0.5,0.498
2026-05-07,1,44,Potatoes,137.84,1.0,0.999
2026-05-07,1,44,Cabbage,138.36,1.0,0.996
2026-05-07,1,45,Carrots,61.68,0.5,0.499
2026-05-07,1,45,Rice,69.97,1.5,1.491
2026-05-08,2,1,Potatoes,193.04,2.0,1.998
2026-05-08,2,1,Rice,77.86,1.5,1.497
2026-05-08,2,2,Chicken,202.62,1.0,1.002
2026-05-08,2,2,Chicken,101.31,0.5,0.498
2026-05-08,2,3,Bangus,415.04,2.0,1.989
2026-05-08,2,3,Tomatoes,67.89,1.0,1.001
2026-05-08,2,4,Potatoes,48.26,0.5,0.497
2026-05-08,2,4,Carrots,60.58,0.5,0.498
2026-05-08,2,5,Potatoes,48.26,0.5,0.499
2026-05-08,2,5,Bangus,311.28,1.5,1.503
2026-05-08,2,6,Tomatoes,135.78,2.0,1.989
2026-05-08,2,6,Beef,599.6,1.5,1.498
2026-05-08,2,7,Potatoes,193.04,2.0,2.002
2026-05-08,2,7,Rice,51.91,1.0,0.993
2026-05-08,2,8,Chicken,101.31,0.5,0.497
2026-05-08,2,8,Cabbage,147.99,1.5,1.503
2026-05-08,2,9,Rice,25.96,0.5,0.5
2026-05-08,2,9,Potatoes,193.04,2.0,2.0
2026-05-08,2,10,Potatoes,144.78,1.5,1.5
2026-05-08,2,10,Beef,799.46,2.0,1.988
2026-05-08,2,11,Chicken,405.24,2.0,1.998
2026-05-08,2,11,Potatoes,193.04,2.0,2.004
2026-05-08,2,12,Rice,77.86,1.5,1.501
2026-05-08,2,12,Carrots,181.76,1.5,1.499
2026-05-08,2,13,Rice,103.82,2.0,2.004
2026-05-08,2,13,Tomatoes,33.94,0.5,0.499
2026-05-08,2,14,Cabbage,197.32,2.0,2.003
2026-05-08,2,14,Chicken,303.93,1.5,1.503
2026-05-08,2,15,Potatoes,96.52,1.0,0.995
2026-05-08,2,15,Bangus,311.28,1.5,1.503
2026-05-08,2,16,Carrots,60.58,0.5,0.5
2026-05-08,2,16,Rice,103.82,2.0,1.988
2026-05-08,2,17,Chicken,202.62,1.0,1.002
2026-05-08,2,17,Potatoes,96.52,1.0,1.002
2026-05-08,2,18,Beef,399.73,1.0,0.998
2026-05-08,2,18,Potatoes,96.52,1.0,0.999
2026-05-08,2,19,Cabbage,147.99,1.5,1.496
2026-05-08,2,19,Cabbage,197.32,2.0,1.994
2026-05-08,2,20,Beef,599.6,1.5,1.49
2026-05-08,2,20,Tomatoes,101.84,1.5,1.491
2026-05-08,2,21,Rice,25.96,0.5,0.5
2026-05-08,2,21,Tomatoes,101.84,1.5,1.492
2026-05-08,2,22,Chicken,101.31,0.5,0.5
2026-05-08,2,22,Tomatoes,135.78,2.0,1.987
2026-05-08,2,23,Potatoes,144.78,1.5,1.491
2026-05-08,2,23,Bangus,103.76,0.5,0.5
2026-05-08,2,24,Beef,199.86,0.5,0.497
2026-05-08,2,24,Potatoes,193.04,2.0,2.002
2026-05-08,2,25,Carrots,60.58,0.5,0.501
2026-05-08,2,25,Chicken,202.62,1.0,0.995
2026-05-08,2,26,Cabbage,197.32,2.0,2.001
2026-05-08,2,26,Cabbage,197.32,2.0,1.988
2026-05-08,2,27,Beef,799.46,2.0,1.988
2026-05-08,2,27,Beef,199.86,0.5,0.498
2026-05-08,2,28,Bangus,103.76,0.5,0.498
2026-05-08,2,28,Carrots,181.76,1.5,1.495
2026-05-08,2,29,Carrots,121.17,1.0,1.0
2026-05-08,2,29,Potatoes,193.04,2.0,1.992
2026-05-08,2,30,Potatoes,193.04,2.0,1.986
2026-05-08,2,30,Beef,599.6,1.5,1.503
2026-05-08,2,31,Beef,799.46,2.0,1.996
2026-05-08,2,31,Potatoes,193.04,2.0,1.99
2026-05-08,2,32,Potatoes,48.26,0.5,0.498
2026-05-08,2,32,Chicken,303.93,1.5,1.497
2026-05-08,2,33,Chicken,202.62,1.0,1.002
2026-05-08,2,33,Chicken,303.93,1.5,1.5
2026-05-08,2,34,Bangus,103.76,0.5,0.498
2026-05-08,2,34,Tomatoes,67.89,1.0,1.002
2026-05-08,2,35,Potatoes,193.04,2.0,1.99
2026-05-08,2,35,Rice,77.86,1.5,1.497
2026-05-08,2,36,Tomatoes,33.94,0.5,0.501
2026-05-08,2,36,Cabbage,98.66,1.0,0.993
2026-05-08,2,37,Rice,25.96,0.5,0.5
2026-05-08,2,37,Carrots,242.34,2.0,1.998
2026-05-08,2,38,Carrots,181.76,1.5,1.494
2026-05-08,2,38,Cabbage,98.66,1.0,1.0
2026-05-08,2,39,Bangus,415.04,2.0,1.994
2026-05-08,2,39,Rice,77.86,1.5,1.5
2026-05-08,2,40,Bangus,207.52,1.0,0.998
2026-05-08,2,40,Cabbage,49.33,0.5,0.501
2026-05-08,2,41,Tomatoes,101.84,1.5,1.491
2026-05-08,2,41,Beef,599.6,1.5,1.494
2026-05-08,2,42,Tomatoes,67.89,1.0,0.995
2026-05-08,2,42,Tomatoes,33.94,0.5,0.498
2026-05-08,2,43,Chicken,303.93,1.5,1.497
2026-05-08,2,43,Chicken,303.93,1.5,1.491
2026-05-11,3,1,Chicken,273.63,1.5,1.498
2026-05-11,3,1,Beef,593.58,1.5,1.494
2026-05-11,3,2,Bangus,102.76,0.5,0.497
2026-05-11,3,2,Potatoes,243.06,2.0,1.991
2026-05-11,3,3,Beef,791.44,2.0,2.005
2026-05-11,3,3,Tomatoes,179.55,1.5,1.501
2026-05-11,3,4,Potatoes,243.06,2.0,1.995
2026-05-11,3,4,Rice,80.1,1.5,1.498
2026-05-11,3,5,Cabbage,170.46,2.0,1.996
2026-05-11,3,5,Tomatoes,179.55,1.5,1.493
2026-05-11,3,6,Beef,197.86,0.5,0.498
2026-05-11,3,6,Beef,395.72,1.0,1.001
2026-05-11,3,7,Cabbage,170.46,2.0,1.987
2026-05-11,3,7,Beef,791.44,2.0,2.001
2026-05-11,3,8,Beef,593.58,1.5,1.503
2026-05-11,3,8,Tomatoes,239.4,2.0,2.003
2026-05-11,3,9,Tomatoes,239.4,2.0,1.986
2026-05-11,3,9,Cabbage,170.46,2.0,2.002
2026-05-11,3,10,Beef,791.44,2.0,1.988
2026-05-11,3,10,Rice,106.8,2.0,1.994
2026-05-11,3,11,Cabbage,85.23,1.0,1.0
2026-05-11,3,11,Cabbage,170.46,2.0,1.994
2026-05-11,3,12,Potatoes,60.76,0.5,0.498
2026-05-11,3,12,Beef,395.72,1.0,1.002
2026-05-11,3,13,Carrots,225.06,2.0,1.994
2026-05-11,3,13,Beef,197.86,0.5,0.501
2026-05-11,3,14,Beef,791.44,2.0,2.004
2026-05-11,3,14,Cabbage,85.23,1.0,1.001
2026-05-11,3,15,Bangus,102.76,0.5,0.497
2026-05-11,3,15,Bangus,102.76,0.5,0.5
2026-05-11,3,16,Chicken,364.84,2.0,1.994
2026-05-11,3,16,Rice,53.4,1.0,1.001
2026-05-11,3,17,Chicken,91.21,0.5,0.497
2026-05-11,3,17,Rice,80.1,1.5,1.493
2026-05-11,3,18,Beef,395.72,1.0,1.0
2026-05-11,3,18,Tomatoes,239.4,2.0,1.989
2026-05-11,3,19,Bangus,308.3,1.5,1.491
2026-05-11,3,19,Beef,197.86,0.5,0.501
2026-05-11,3,20,Chicken,91.21,0.5,0.501
2026-05-11,3,20,Beef,791.44,2.0,1.986
2026-05-11,3,21,Beef,791.44,2.0,2.005
2026-05-11,3,21,Potatoes,121.53,1.0,0.994
2026-05-11,3,22,Cabbage,170.46,2.0,1.986
2026-05-11,3,22,Bangus,411.06,2.0,1.995
2026-05-11,3,23,Carrots,225.06,2.0,2.005
2026-05-11,3,23,Carrots,56.26,0.5,0.498
2026-05-11,3,24,Rice,106.8,2.0,2.002
2026-05-11,3,24,Carrots,112.53,1.0,1.001
2026-05-11,3,25,Chicken,273.63,1.5,1.499
2026-05-11,3,25,Beef,593.58,1.5,1.503
2026-05-11,3,26,Tomatoes,179.55,1.5,1.492
2026-05-11,3,26,Beef,593.58,1.5,1.491
2026-05-11,3,27,Carrots,225.06,2.0,1.989
2026-05-11,3,27,Tomatoes,179.55,1.5,1.498
2026-05-11,3,28,Bangus,102.76,0.5,0.498
2026-05-11,3,28,Potatoes,60.76,0.5,0.498
2026-05-11,3,29,Beef,791.44,2.0,1.987
2026-05-11,3,29,Rice,26.7,0.5,0.497
2026-05-11,3,30,Potatoes,182.3,1.5,1.5
2026-05-11,3,30,Chicken,182.42,1.0,0.998
2026-05-11,3,31,Tomatoes,239.4,2.0,1.99
2026-05-11,3,31,Beef,791.44,2.0,2.0
2026-05-11,3,32,Carrots,168.8,1.5,1.502
2026-05-11,3,32,Rice,53.4,1.0,0.993
2026-05-11,3,33,Bangus,411.06,2.0,2.003
2026-05-11,3,33,Carrots,225.06,2.0,1.986
2026-05-11,3,34,Cabbage,170.46,2.0,1.991
2026-05-11,3,34,Tomatoes,119.7,1.0,1.002
2026-05-11,3,35,Tomatoes,239.4,2.0,1.986
2026-05-11,3,35,Beef,791.44,2.0,1.991
2026-05-11,3,36,Bangus,102.76,0.5,0.497
2026-05-11,3,36,Cabbage,85.23,1.0,0.993
2026-05-11,3,37,Cabbage,42.62,0.5,0.5
2026-05-11,3,37,Tomatoes,119.7,1.0,1.0
2026-05-11,3,38,Carrots,225.06,2.0,1.988
2026-05-11,3,38,Bangus,205.53,1.0,0.999
2026-05-11,3,39,Cabbage,170.46,2.0,2.005
2026-05-11,3,39,Chicken,364.84,2.0,1.987
2026-05-11,3,40,Carrots,112.53,1.0,0.998
2026-05-11,3,40,Potatoes,60.76,0.5,0.499
2026-05-12,4,1,Carrots,72.02,0.5,0.499
2026-05-12,4,1,Beef,755.9,2.0,2.001
2026-05-12,4,2,Bangus,88.41,0.5,0.497
2026-05-12,4,2,Bangus,265.23,1.5,1.497
2026-05-12,4,3,Tomatoes,31.38,0.5,0.497
2026-05-12,4,3,Beef,377.95,1.0,0.995
2026-05-12,4,4,Carrots,216.04,1.5,1.504
2026-05-12,4,4,Cabbage,227.42,2.0,2.002
2026-05-12,4,5,Cabbage,170.56,1.5,1.491
2026-05-12,4,5,Bangus,265.23,1.5,1.495
2026-05-12,4,6,Carrots,72.02,0.5,0.498
2026-05-12,4,6,Chicken,101.39,0.5,0.498
2026-05-12,4,7,Chicken,304.17,1.5,1.5
2026-05-12,4,7,Beef,755.9,2.0,1.989
2026-05-12,4,8,Rice,57.84,1.0,1.001
2026-05-12,4,8,Rice,28.92,0.5,0.497
2026-05-12,4,9,Beef,188.98,0.5,0.498
2026-05-12,4,9,Beef,377.95,1.0,1.002
2026-05-12,4,10,Potatoes,50.82,0.5,0.5
2026-05-12,4,10,Bangus,88.41,0.5,0.499
2026-05-12,4,11,Rice,115.68,2.0,2.0
2026-05-12,4,11,Carrots,288.06,2.0,1.986
2026-05-12,4,12,Beef,377.95,1.0,0.993
2026-05-12,4,12,Cabbage,113.71,1.0,0.993
2026-05-12,4,13,Potatoes,203.28,2.0,1.988
2026-05-12,4,13,Bangus,88.41,0.5,0.498
2026-05-12,4,14,Bangus,353.64,2.0,1.987
2026-05-12,4,14,Tomatoes,94.12,1.5,1.495
2026-05-12,4,15,Potatoes,50.82,0.5,0.499
2026-05-12,4,15,Cabbage,170.56,1.5,1.489
2026-05-12,4,16,Chicken,202.78,1.0,0.999
2026-05-12,4,16,Tomatoes,31.38,0.5,0.497
2026-05-12,4,17,Carrots,288.06,2.0,1.99
2026-05-12,4,17,Cabbage,56.86,0.5,0.498
2026-05-12,4,18,Beef,377.95,1.0,0.997
2026-05-12,4,18,Rice,86.76,1.5,1.498
2026-05-12,4,19,Rice,115.68,2.0,1.991
2026-05-12,4,19,Chicken,304.17,1.5,1.489
2026-05-12,4,20,Bangus,353.64,2.0,2.0
2026-05-12,4,20,Beef,188.98,0.5,0.497
2026-05-12,4,21,Beef,377.95,1.0,1.002
2026-05-12,4,21,Tomatoes,62.75,1.0,0.999
2026-05-12,4,22,Chicken,405.56,2.0,2.002
2026-05-12,4,22,Bangus,88.41,0.5,0.496
2026-05-12,4,23,Carrots,144.03,1.0,0.996
2026-05-12,4,23,Beef,188.98,0.5,0.497
2026-05-12,4,24,Beef,566.92,1.5,1.497
2026-05-12,4,24,Potatoes,152.46,1.5,1.503
2026-05-12,4,25,Chicken,101.39,0.5,0.499
2026-05-12,4,25,Rice,115.68,2.0,2.0
2026-05-12,4,26,Carrots,216.04,1.5,1.5
2026-05-12,4,26,Chicken,202.78,1.0,0.995
2026-05-12,4,27,Cabbage,113.71,1.0,1.001
2026-05-12,4,27,Potatoes,50.82,0.5,0.497
2026-05-12,4,28,Potatoes,50.82,0.5,0.499
2026-05-12,4,28,Tomatoes,31.38,0.5,0.499
2026-05-12,4,29,Potatoes,152.46,1.5,1.49
2026-05-12,4,29,Tomatoes,94.12,1.5,1.491
2026-05-12,4,30,Carrots,216.04,1.5,1.498
2026-05-12,4,30,Rice,115.68,2.0,1.988
2026-05-12,4,31,Cabbage,227.42,2.0,1.986
2026-05-12,4,31,Rice,115.68,2.0,1.988
2026-05-12,4,32,Tomatoes,94.12,1.5,1.499
2026-05-12,4,32,Tomatoes,125.5,2.0,1.996
2026-05-12,4,33,Bangus,265.23,1.5,1.501
2026-05-12,4,33,Cabbage,113.71,1.0,1.001
2026-05-12,4,34,Beef,566.92,1.5,1.497
2026-05-12,4,34,Rice,115.68,2.0,1.996
2026-05-12,4,35,Potatoes,50.82,0.5,0.498
2026-05-12,4,35,Potatoes,203.28,2.0,2.0
2026-05-12,4,36,Carrots,144.03,1.0,0.996
2026-05-12,4,36,Chicken,405.56,2.0,2.004
2026-05-12,4,37,Carrots,216.04,1.5,1.503
2026-05-12,4,37,Beef,377.95,1.0,0.997
2026-05-12,4,38,Potatoes,152.46,1.5,1.493
2026-05-12,4,38,Carrots,72.02,0.5,0.497
2026-05-12,4,39,Potatoes,50.82,0.5,0.497
2026-05-12,4,39,Rice,115.68,2.0,2.0
2026-05-12,4,40,Carrots,72.02,0.5,0.499
2026-05-12,4,40,Rice,86.76,1.5,1.499
2026-05-12,4,41,Carrots,72.02,0.5,0.498
2026-05-12,4,41,Beef,188.98,0.5,0.498
2026-05-12,4,42,Carrots,216.04,1.5,1.496
2026-05-12,4,42,Bangus,88.41,0.5,0.498
2026-05-13,5,1,Carrots,56.6,0.5,0.497
2026-05-13,5,1,Tomatoes,136.77,1.5,1.494
2026-05-13,5,2,Bangus,94.24,0.5,0.497
2026-05-13,5,2,Chicken,305.96,1.5,1.494
2026-05-13,5,3,Potatoes,253.12,2.0,1.999
2026-05-13,5,3,Carrots,113.21,1.0,0.996
2026-05-13,5,4,Potatoes,126.56,1.0,1.001
2026-05-13,5,4,Potatoes,189.84,1.5,1.49
2026-05-13,5,5,Rice,103.14,2.0,1.992
2026-05-13,5,5,Chicken,407.94,2.0,1.994
2026-05-13,5,6,Chicken,305.96,1.5,1.503
2026-05-13,5,6,Beef,372.9,1.0,0.997
2026-05-13,5,7,Cabbage,102.0,1.0,0.998
2026-05-13,5,7,Rice,25.78,0.5,0.499
2026-05-13,5,8,Carrots,56.6,0.5,0.498
2026-05-13,5,8,Bangus,188.48,1.0,0.993
2026-05-13,5,9,Potatoes,63.28,0.5,0.499
2026-05-13,5,9,Carrots,169.82,1.5,1.498
2026-05-13,5,10,Rice,25.78,0.5,0.498
2026-05-13,5,10,Beef,186.45,0.5,0.497
2026-05-13,5,11,Carrots,169.82,1.5,1.495
2026-05-13,5,11,Cabbage,51.0,0.5,0.497
2026-05-13,5,12,Beef,745.8,2.0,2.001
2026-05-13,5,12,Chicken,101.98,0.5,0.499
2026-05-13,5,13,Potatoes,63.28,0.5,0.499
2026-05-13,5,13,Carrots,56.6,0.5,0.497
2026-05-13,5,14,Carrots,169.82,1.5,1.498
2026-05-13,5,14,Rice,51.57,1.0,0.994
2026-05-13,5,15,Potatoes,126.56,1.0,1.0
2026-05-13,5,15,Bangus,188.48,1.0,0.997
2026-05-13,5,16,Potatoes,126.56,1.0,1.002
2026-05-13,5,16,Bangus,94.24,0.5,0.499
2026-05-13,5,17,Tomatoes,182.36,2.0,2.002
2026-05-13,5,17,Carrots,169.82,1.5,1.501
2026-05-13,5,18,Tomatoes,182.36,2.0,1.99
2026-05-13,5,18,Carrots,56.6,0.5,0.501
2026-05-13,5,19,Bangus,282.72,1.5,1.498
2026-05-13,5,19,Tomatoes,45.59,0.5,0.498
2026-05-13,5,20,Beef,186.45,0.5,0.5
2026-05-13,5,20,Potatoes,189.84,1.5,1.501
2026-05-13,5,21,Rice,25.78,0.5,0.5
2026-05-13,5,21,Rice,77.36,1.5,1.496
2026-05-13,5,22,Rice,51.57,1.0,0.999
2026-05-13,5,22,Tomatoes,45.59,0.5,0.497
2026-05-13,5,23,Beef,745.8,2.0,2.003
2026-05-13,5,23,Potatoes,63.28,0.5,0.498
2026-05-13,5,24,Cabbage,51.0,0.5,0.498
2026-05-13,5,24,Carrots,169.82,1.5,1.497
2026-05-13,5,25,Potatoes,126.56,1.0,0.994
2026-05-13,5,25,Bangus,376.96,2.0,2.003
2026-05-13,5,26,Chicken,203.97,1.0,0.995
2026-05-13,5,26,Cabbage,204.0,2.0,2.001
2026-05-13,5,27,Carrots,169.82,1.5,1.49
2026-05-13,5,27,Cabbage,51.0,0.5,0.497
2026-05-13,5,28,Carrots,56.6,0.5,0.496
2026-05-13,5,28,Chicken,407.94,2.0,1.997
2026-05-13,5,29,Beef,372.9,1.0,0.994
2026-05-13,5,29,Potatoes,63.28,0.5,0.497
2026-05-13,5,30,Cabbage,102.0,1.0,1.002
2026-05-13,5,30,Chicken,101.98,0.5,0.499
2026-05-13,5,31,Potatoes,189.84,1.5,1.5
2026-05-13,5,31,Cabbage,102.0,1.0,0.998
2026-05-13,5,32,Carrots,56.6,0.5,0.497
2026-05-13,5,32,Carrots,113.21,1.0,0.993
2026-05-13,5,33,Rice,25.78,0.5,0.496
2026-05-13,5,33,Tomatoes,91.18,1.0,0.996
2026-05-13,5,34,Beef,186.45,0.5,0.5
2026-05-13,5,34,Bangus,188.48,1.0,0.993
2026-05-13,5,35,Bangus,376.96,2.0,2.001
2026-05-13,5,35,Potatoes,189.84,1.5,1.495
2026-05-13,5,36,Bangus,94.24,0.5,0.496
2026-05-13,5,36,Chicken,101.98,0.5,0.496
2026-05-13,5,37,Beef,372.9,1.0,1.0
2026-05-13,5,37,Chicken,203.97,1.0,0.995
2026-05-13,5,38,Chicken,101.98,0.5,0.501
2026-05-13,5,38,Beef,559.35,1.5,1.494
2026-05-13,5,39,Bangus,188.48,1.0,0.994
2026-05-13,5,39,Rice,77.36,1.5,1.492
2026-05-13,5,40,Beef,559.35,1.5,1.495
2026-05-13,5,40,Cabbage,204.0,2.0,1.997
2026-05-13,5,41,Chicken,305.96,1.5,1.499
2026-05-13,5,41,Chicken,407.94,2.0,1.997
2026-05-13,5,42,Beef,745.8,2.0,1.988
2026-05-13,5,42,Tomatoes,136.77,1.5,1.502
2026-05-14,1,1,Potatoes,221.82,2.0,1.991
2026-05-14,1,1,Beef,728.1,2.0,1.99
2026-05-14,1,2,Carrots,227.98,2.0,2.005
2026-05-14,1,2,Potatoes,221.82,2.0,2.004
2026-05-14,1,3,Rice,74.93,1.5,1.499
2026-05-14,1,3,Potatoes,55.46,0.5,0.498
2026-05-14,1,4,Tomatoes,80.42,1.0,0.994
2026-05-14,1,4,Beef,546.08,1.5,1.502
2026-05-14,1,5,Bangus,108.36,0.5,0.496
2026-05-14,1,5,Chicken,296.52,1.5,1.497
2026-05-14,1,6,Chicken,197.68,1.0,0.996
2026-05-14,1,6,Bangus,433.44,2.0,1.992
2026-05-14,1,7,Beef,728.1,2.0,2.005
2026-05-14,1,7,Bangus,108.36,0.5,0.497
2026-05-14,1,8,Cabbage,238.16,2.0,2.004
2026-05-14,1,8,Potatoes,166.36,1.5,1.494
2026-05-14,1,9,Chicken,395.36,2.0,2.002
2026-05-14,1,9,Potatoes,221.82,2.0,2.003
2026-05-14,1,10,Rice,99.9,2.0,2.001
2026-05-14,1,10,Potatoes,55.46,0.5,0.5
2026-05-14,1,11,Carrots,113.99,1.0,0.994
2026-05-14,1,11,Potatoes,221.82,2.0,2.001
2026-05-14,1,12,Carrots,227.98,2.0,2.004
2026-05-14,1,12,Potatoes,221.82,2.0,2.003
2026-05-14,1,13,Carrots,57.0,0.5,0.501
2026-05-14,1,13,Chicken,197.68,1.0,0.997
2026-05-14,1,14,Tomatoes,80.42,1.0,1.002
2026-05-14,1,14,Potatoes,166.36,1.5,1.499
2026-05-14,1,15,Tomatoes,80.42,1.0,0.999
2026-05-14,1,15,Beef,364.05,1.0,0.993
2026-05-14,1,16,Tomatoes,160.84,2.0,1.985
2026-05-14,1,16,Chicken,395.36,2.0,1.986
2026-05-14,1,17,Cabbage,238.16,2.0,1.994
2026-05-14,1,17,Beef,728.1,2.0,2.002
2026-05-14,1,18,Potatoes,221.82,2.0,1.997
2026-05-14,1,18,Cabbage,178.62,1.5,1.5
2026-05-14,1,19,Carrots,57.0,0.5,0.501
2026-05-14,1,19,Potatoes,166.36,1.5,1.497
2026-05-14,1,20,Tomatoes,80.42,1.0,1.001
2026-05-14,1,20,Rice,74.93,1.5,1.494
2026-05-14,1,21,Potatoes,166.36,1.5,1.493
2026-05-14,1,21,Beef,546.08,1.5,1.493
2026-05-14,1,22,Bangus,216.72,1.0,1.0
2026-05-14,1,22,Rice,99.9,2.0,1.988
2026-05-14,1,23,Tomatoes,80.42,1.0,0.999
2026-05-14,1,23,Potatoes,55.46,0.5,0.499
2026-05-14,1,24,Tomatoes,80.42,1.0,1.002
2026-05-14,1,24,Tomatoes,40.21,0.5,0.497
2026-05-14,1,25,Potatoes,221.82,2.0,1.997
2026-05-14,1,25,Rice,74.93,1.5,1.489
2026-05-14,1,26,Chicken,395.36,2.0,1.986
2026-05-14,1,26,Bangus,108.36,0.5,0.501
2026-05-14,1,27,Tomatoes,120.63,1.5,1.501
2026-05-14,1,27,Bangus,433.44,2.0,1.987
2026-05-14,1,28,Bangus,433.44,2.0,1.994
2026-05-14,1,28,Chicken,98.84,0.5,0.5
2026-05-14,1,29,Bangus,433.44,2.0,1.997
2026-05-14,1,29,Carrots,113.99,1.0,1.001
2026-05-14,1,30,Potatoes,221.82,2.0,1.987
2026-05-14,1,30,Bangus,325.08,1.5,1.494
2026-05-15,2,1,Rice,59.22,1.0,0.999
2026-05-15,2,1,Tomatoes,76.03,1.0,0.994
2026-05-15,2,2,Rice,29.61,0.5,0.498
2026-05-15,2,2,Beef,789.4,2.0,1.992
2026-05-15,2,3,Carrots,117.26,1.0,0.993
2026-05-15,2,3,Rice,29.61,0.5,0.498
2026-05-15,2,4,Tomatoes,152.06,2.0,1.998
2026-05-15,2,4,Potatoes,95.0,1.0,1.001
2026-05-15,2,5,Bangus,93.2,0.5,0.499
2026-05-15,2,5,Cabbage,56.94,0.5,0.499
2026-05-15,2,6,Beef,197.35,0.5,0.498
2026-05-15,2,6,Cabbage,113.89,1.0,0.998
2026-05-15,2,7,Tomatoes,152.06,2.0,1.999
2026-05-15,2,7,Beef,592.05,1.5,1.495
2026-05-15,2,8,Cabbage,227.78,2.0,1.993
2026-05-15,2,8,Chicken,100.87,0.5,0.498
2026-05-15,2,9,Bangus,372.8,2.0,1.988
2026-05-15,2,9,Bangus,279.6,1.5,1.492
2026-05-15,2,10,Rice,118.44,2.0,2.004
2026-05-15,2,10,Potatoes,95.0,1.0,0.994
2026-05-15,2,11,Beef,394.7,1.0,1.002
2026-05-15,2,11,Cabbage,113.89,1.0,1.001
2026-05-15,2,12,Chicken,201.74,1.0,0.996
2026-05-15,2,12,Cabbage,113.89,1.0,1.002
2026-05-15,2,13,Potatoes,190.0,2.0,1.988
2026-05-15,2,13,Tomatoes,38.02,0.5,0.498
2026-05-15,2,14,Carrots,117.26,1.0,0.994
2026-05-15,2,14,Carrots,117.26,1.0,1.001
2026-05-15,2,15,Bangus,372.8,2.0,2.003
2026-05-15,2,15,Potatoes,190.0,2.0,1.986
2026-05-15,2,16,Tomatoes,152.06,2.0,1.996
2026-05-15,2,16,Rice,118.44,2.0,1.988
2026-05-15,2,17,Rice,29.61,0.5,0.499
2026-05-15,2,17,Rice,88.83,1.5,1.496
2026-05-15,2,18,Beef,197.35,0.5,0.497
2026-05-15,2,18,Cabbage,113.89,1.0,1.002
2026-05-15,2,19,Beef,789.4,2.0,2.002
2026-05-15,2,19,Chicken,201.74,1.0,0.996
2026-05-15,2,20,Beef,197.35,0.5,0.498
2026-05-15,2,20,Tomatoes,76.03,1.0,1.002
2026-05-15,2,21,Tomatoes,38.02,0.5,0.5
2026-05-15,2,21,Potatoes,190.0,2.0,1.987
2026-05-15,2,22,Rice,29.61,0.5,0.499
2026-05-15,2,22,Bangus,186.4,1.0,0.996
2026-05-15,2,23,Cabbage,113.89,1.0,1.002
2026-05-15,2,23,Bangus,93.2,0.5,0.498
2026-05-15,2,24,Potatoes,47.5,0.5,0.499
2026-05-15,2,24,Chicken,403.48,2.0,1.995
2026-05-15,2,25,Bangus,186.4,1.0,0.993
2026-05-15,2,25,Beef,789.4,2.0,2.002
2026-05-15,2,26,Rice,59.22,1.0,0.999
2026-05-15,2,26,Carrots,117.26,1.0,0.995
2026-05-15,2,27,Bangus,279.6,1.5,1.495
2026-05-15,2,27,Cabbage,56.94,0.5,0.499
2026-05-15,2,28,Carrots,58.63,0.5,0.497
2026-05-15,2,28,Potatoes,190.0,2.0,2.0
2026-05-15,2,29,Tomatoes,38.02,0.5,0.496
2026-05-15,2,29,Beef,197.35,0.5,0.499
2026-05-15,2,30,Rice,118.44,2.0,1.994
2026-05-15,2,30,Tomatoes,38.02,0.5,0.501
2026-05-15,2,31,Beef,592.05,1.5,1.491
2026-05-15,2,31,Tomatoes,152.06,2.0,1.986
2026-05-15,2,32,Potatoes,95.0,1.0,0.997
2026-05-15,2,32,Chicken,201.74,1.0,0.993
2026-05-15,2,33,Potatoes,47.5,0.5,0.499
2026-05-15,2,33,Bangus,186.4,1.0,0.995
2026-05-15,2,34,Rice,29.61,0.5,0.499
2026-05-15,2,34,Beef,789.4,2.0,1.986
2026-05-15,2,35,Chicken,100.87,0.5,0.499
2026-05-15,2,35,Bangus,186.4,1.0,1.001
